{
  "task_name": "concat_health_home_open",
  "model_name": "gpt_5_4_mini",
  "model_path": "gpt-5.4-mini",
  "method_name": "mma",
  "base_method_name": "mma",
  "method_modality": "",
  "mode": "open",
  "num_qas": 103,
  "num_qas_run": 103,
  "dialog_json": "/common/home/mg1998/MemoryBench/Benchmark_Pipeline/data/dialog/concat_health_home_open.json",
  "image_root": "/common/home/mg1998/.cache/memeye_hf/MemEye/data/image",
  "run_dir": "/common/home/mg1998/MemoryBench/Benchmark_Pipeline/runs/concat_health_home_open/20260427_002437_gpt_5_4_mini_mma",
  "git_commit": "aa51866922099e1acda04d2e12b1cada3d7736c0",
  "summary": {
    "open_count": 103,
    "overall": {
      "em": 0.10679611650485436,
      "contains_gt": 0.13592233009708737,
      "f1": 0.34178741452855493,
      "bleu": 0.1443296701935876,
      "bleu_1": 0.2844027355891695,
      "bleu_2": 0.22007944882456054,
      "judge": 0.4368932038834951
    },
    "by_x": {
      "X4": {
        "em": 0.15384615384615385,
        "contains_gt": 0.17307692307692307,
        "f1": 0.24404268976637397,
        "bleu": 0.12492782884933755,
        "bleu_1": 0.2123861712086335,
        "bleu_2": 0.18499174163708418,
        "judge": 0.25
      },
      "X2": {
        "em": 0.3,
        "contains_gt": 0.3,
        "f1": 0.40153846153846157,
        "bleu": 0.24162474283999633,
        "bleu_1": 0.3803265329856317,
        "bleu_2": 0.2829816617581589,
        "judge": 0.4
      },
      "X1": {
        "em": 0.0,
        "contains_gt": 0.0,
        "f1": 0.5957902391725921,
        "bleu": 0.30046288257005316,
        "bleu_1": 0.5033350606638108,
        "bleu_2": 0.4164121396657196,
        "judge": 0.75
      },
      "X3": {
        "em": 0.0,
        "contains_gt": 0.05405405405405406,
        "f1": 0.43554968260850613,
        "bleu": 0.12842189111064312,
        "bleu_1": 0.33602149433307993,
        "bleu_2": 0.23116614831234839,
        "judge": 0.6756756756756757
      }
    },
    "by_y": {
      "Y2": {
        "em": 0.14285714285714285,
        "contains_gt": 0.17857142857142858,
        "f1": 0.2541524265208476,
        "bleu": 0.12085534847479364,
        "bleu_1": 0.21896329387764926,
        "bleu_2": 0.18314734090393112,
        "judge": 0.26785714285714285
      },
      "Y3": {
        "em": 0.0,
        "contains_gt": 0.0,
        "f1": 0.365263308120451,
        "bleu": 0.16258393189518386,
        "bleu_1": 0.27245706136844083,
        "bleu_2": 0.2113530370739274,
        "judge": 0.42857142857142855
      },
      "Y1": {
        "em": 0.075,
        "contains_gt": 0.1,
        "f1": 0.4603681163607634,
        "bleu": 0.17399922480211985,
        "bleu_1": 0.3781084469739254,
        "bleu_2": 0.2733115219698025,
        "judge": 0.675
      }
    },
    "by_cell": {
      "X4_Y2": {
        "em": 0.19047619047619047,
        "contains_gt": 0.21428571428571427,
        "f1": 0.26203007518796995,
        "bleu": 0.15059939444655704,
        "bleu_1": 0.2450963531977569,
        "bleu_2": 0.22106743968659762,
        "judge": 0.20238095238095238
      },
      "X4_Y3": {
        "em": 0.0,
        "contains_gt": 0.0,
        "f1": 0.15532467532467534,
        "bleu": 0.020213904384562626,
        "bleu_1": 0.06883727882293651,
        "bleu_2": 0.025265077197533445,
        "judge": 0.2
      },
      "X2_Y2": {
        "em": 0.0,
        "contains_gt": 0.0,
        "f1": 0.0,
        "bleu": 0.0,
        "bleu_1": 0.0,
        "bleu_2": 0.0,
        "judge": 0.0
      },
      "X1_Y3": {
        "em": 0.0,
        "contains_gt": 0.0,
        "f1": 0.8901098901098901,
        "bleu": 0.518509000671737,
        "bleu_1": 0.7815065177322016,
        "bleu_2": 0.6765729367649123,
        "judge": 1.0
      },
      "X1_Y1": {
        "em": 0.0,
        "contains_gt": 0.0,
        "f1": 0.3014705882352941,
        "bleu": 0.08241676446836937,
        "bleu_1": 0.2251636035954201,
        "bleu_2": 0.15625134256652687,
        "judge": 0.5
      },
      "X3_Y2": {
        "em": 0.0,
        "contains_gt": 0.1,
        "f1": 0.32272727272727275,
        "bleu": 0.04427249478330475,
        "bleu_1": 0.1967897622842568,
        "bleu_2": 0.09714186237830429,
        "judge": 0.65
      },
      "X2_Y1": {
        "em": 0.5,
        "contains_gt": 0.5,
        "f1": 0.6692307692307693,
        "bleu": 0.40270790473332724,
        "bleu_1": 0.6338775549760528,
        "bleu_2": 0.47163610293026487,
        "judge": 0.6666666666666666
      },
      "X3_Y1": {
        "em": 0.0,
        "contains_gt": 0.037037037037037035,
        "f1": 0.4773357603422963,
        "bleu": 0.15958833419484253,
        "bleu_1": 0.3875888024993107,
        "bleu_2": 0.2808047727323647,
        "judge": 0.6851851851851852
      },
      "X4_Y1": {
        "em": 0.0,
        "contains_gt": 0.0,
        "f1": 0.18166666666666667,
        "bleu": 0.014000602297468724,
        "bleu_1": 0.08116953488569399,
        "bleu_2": 0.04168254246072206,
        "judge": 0.7
      }
    }
  },
  "judge": {
    "enabled": true,
    "model": "gpt-5.2",
    "scored_open_rows": 103
  }
}