{
  "task_name": "outdoor_navigation_route_memory_assistant_open",
  "model_name": "gemini_2_5_flash_lite",
  "model_path": "gemini-2.5-flash-lite",
  "method_name": "mma",
  "base_method_name": "mma",
  "method_modality": "",
  "mode": "open",
  "num_qas": 28,
  "num_qas_run": 28,
  "dialog_json": "/common/home/mg1998/.cache/memeye_hf/MemEye/data/dialog/Outdoor_Navigation_Route_Memory_Assistant_Open.json",
  "image_root": "/common/home/mg1998/.cache/memeye_hf/MemEye/data/image",
  "run_dir": "/common/home/mg1998/MemoryBench/Benchmark_Pipeline/runs/outdoor_navigation_route_memory_assistant_open/20260424_173114_gemini_2_5_flash_lite_mma",
  "git_commit": "658ab1743219fa7a98e5672df9c7253b6b5b5e6d",
  "summary": {
    "open_count": 28,
    "overall": {
      "em": 0.03571428571428571,
      "contains_gt": 0.07142857142857142,
      "f1": 0.09660112502823501,
      "bleu": 0.01855744538316303,
      "bleu_1": 0.08154239766081871,
      "bleu_2": 0.05275153350696322,
      "judge": 0.14285714285714285
    },
    "by_x": {
      "X3": {
        "em": 0.05555555555555555,
        "contains_gt": 0.05555555555555555,
        "f1": 0.11394363038580145,
        "bleu": 0.023258133607659017,
        "bleu_1": 0.10138076673164392,
        "bleu_2": 0.06610980749935154,
        "judge": 0.16666666666666666
      },
      "X1": {
        "em": 0.0,
        "contains_gt": 0.3333333333333333,
        "f1": 0.16666666666666666,
        "bleu": 0.028778000712348345,
        "bleu_1": 0.1111111111111111,
        "bleu_2": 0.08606629658238706,
        "judge": 0.3333333333333333
      },
      "X4": {
        "em": 0.0,
        "contains_gt": 0.0,
        "f1": 0.03076923076923077,
        "bleu": 0.0029256127307315067,
        "bleu_1": 0.025000000000000005,
        "bleu_2": 0.005773502691896257,
        "judge": 0.0
      },
      "X2": {
        "em": 0.0,
        "contains_gt": 0.0,
        "f1": 0.0,
        "bleu": 0.0,
        "bleu_1": 0.0,
        "bleu_2": 0.0,
        "judge": 0.0
      }
    },
    "by_y": {
      "Y2": {
        "em": 0.06666666666666667,
        "contains_gt": 0.06666666666666667,
        "f1": 0.10257929724596392,
        "bleu": 0.023922739942050176,
        "bleu_1": 0.09666666666666666,
        "bleu_2": 0.07245592898560681,
        "judge": 0.16666666666666666
      },
      "Y1": {
        "em": 0.0,
        "contains_gt": 1.0,
        "f1": 0.5,
        "bleu": 0.08633400213704504,
        "bleu_1": 0.3333333333333333,
        "bleu_2": 0.25819888974716115,
        "judge": 1.0
      },
      "Y3": {
        "em": 0.0,
        "contains_gt": 0.0,
        "f1": 0.055511836841760115,
        "bleu": 0.006202780788397266,
        "bleu_1": 0.04165448343079922,
        "bleu_2": 0.011000426138642237,
        "judge": 0.041666666666666664
      }
    },
    "by_cell": {
      "X3_Y2": {
        "em": 0.07692307692307693,
        "contains_gt": 0.07692307692307693,
        "f1": 0.11836072759149682,
        "bleu": 0.027603161471596357,
        "bleu_1": 0.11153846153846153,
        "bleu_2": 0.08360299498339248,
        "judge": 0.19230769230769232
      },
      "X1_Y1": {
        "em": 0.0,
        "contains_gt": 1.0,
        "f1": 0.5,
        "bleu": 0.08633400213704504,
        "bleu_1": 0.3333333333333333,
        "bleu_2": 0.25819888974716115,
        "judge": 1.0
      },
      "X4_Y2": {
        "em": 0.0,
        "contains_gt": 0.0,
        "f1": 0.0,
        "bleu": 0.0,
        "bleu_1": 0.0,
        "bleu_2": 0.0,
        "judge": 0.0
      },
      "X2_Y2": {
        "em": 0.0,
        "contains_gt": 0.0,
        "f1": 0.0,
        "bleu": 0.0,
        "bleu_1": 0.0,
        "bleu_2": 0.0,
        "judge": 0.0
      },
      "X3_Y3": {
        "em": 0.0,
        "contains_gt": 0.0,
        "f1": 0.1024591776509935,
        "bleu": 0.01196106116142193,
        "bleu_1": 0.07497076023391813,
        "bleu_2": 0.020627520040845115,
        "judge": 0.1
      },
      "X4_Y3": {
        "em": 0.0,
        "contains_gt": 0.0,
        "f1": 0.038461538461538464,
        "bleu": 0.0036570159134143836,
        "bleu_1": 0.03125000000000001,
        "bleu_2": 0.007216878364870322,
        "judge": 0.0
      },
      "X1_Y3": {
        "em": 0.0,
        "contains_gt": 0.0,
        "f1": 0.0,
        "bleu": 0.0,
        "bleu_1": 0.0,
        "bleu_2": 0.0,
        "judge": 0.0
      },
      "X2_Y3": {
        "em": 0.0,
        "contains_gt": 0.0,
        "f1": 0.0,
        "bleu": 0.0,
        "bleu_1": 0.0,
        "bleu_2": 0.0,
        "judge": 0.0
      }
    }
  },
  "judge": {
    "enabled": true,
    "model": "gpt-5.2",
    "scored_open_rows": 28
  }
}
