{
  "task_name": "brand_memory_test",
  "model_name": "gemini_2_5_flash_lite",
  "model_path": "gemini-2.5-flash-lite",
  "method_name": "mma",
  "base_method_name": "mma",
  "method_modality": "",
  "mode": "mcq",
  "num_qas": 29,
  "num_qas_run": 29,
  "dialog_json": "/common/home/mg1998/MemoryBench/Benchmark_Pipeline/data/dialog/Brand_Memory_Test.json",
  "image_root": "/common/home/mg1998/MemoryBench/Benchmark_Pipeline/data/image",
  "run_dir": "/common/home/mg1998/MemoryBench/Benchmark_Pipeline/runs/brand_memory_test/20260424_170420_gemini_2_5_flash_lite_mma",
  "git_commit": "658ab1743219fa7a98e5672df9c7253b6b5b5e6d",
  "summary": {
    "open_count": 29,
    "overall": {
      "em": 0.3620689655172414,
      "contains_gt": 0.20689655172413793,
      "f1": 0.3620689655172414
    },
    "by_x": {
      "X4": {
        "em": 0.125,
        "contains_gt": 0.0,
        "f1": 0.125
      },
      "X3": {
        "em": 0.25,
        "contains_gt": 0.0,
        "f1": 0.25
      },
      "X1": {
        "em": 0.39285714285714285,
        "contains_gt": 0.23809523809523808,
        "f1": 0.39285714285714285
      },
      "X2": {
        "em": 0.75,
        "contains_gt": 1.0,
        "f1": 0.75
      }
    },
    "by_y": {
      "Y1": {
        "em": 0.125,
        "contains_gt": 0.0,
        "f1": 0.125
      },
      "Y2": {
        "em": 0.37962962962962965,
        "contains_gt": 0.2222222222222222,
        "f1": 0.37962962962962965
      }
    },
    "by_cell": {
      "X4_Y1": {
        "em": 0.25,
        "contains_gt": 0.0,
        "f1": 0.25
      },
      "X3_Y2": {
        "em": 0.25,
        "contains_gt": 0.0,
        "f1": 0.25
      },
      "X1_Y2": {
        "em": 0.4125,
        "contains_gt": 0.25,
        "f1": 0.4125
      },
      "X2_Y2": {
        "em": 0.75,
        "contains_gt": 1.0,
        "f1": 0.75
      },
      "X4_Y2": {
        "em": 0.0,
        "contains_gt": 0.0,
        "f1": 0.0
      },
      "X1_Y1": {
        "em": 0.0,
        "contains_gt": 0.0,
        "f1": 0.0
      }
    },
    "mcq_count": 29,
    "mcq_valid_rate": 1.0,
    "mcq_overall": {
      "em": 0.3620689655172414,
      "contains_gt": 0.20689655172413793,
      "f1": 0.3620689655172414
    },
    "mcq_per_position_accuracy": {
      "A": 0.27586206896551724,
      "B": 0.3103448275862069,
      "C": 0.6551724137931034,
      "D": 0.20689655172413793
    }
  }
}