{
  "task_name": "social_chat_memory_test",
  "model_name": "qwen2_5_vl_7b_local_bz",
  "model_path": "/common/users/bz362/MMA-Memory/models/Qwen2.5-VL-7B-Instruct",
  "method_name": "full_context_text_only",
  "base_method_name": "full_context_text_only",
  "method_modality": "",
  "mode": "mcq",
  "num_qas": 44,
  "num_qas_run": 44,
  "dialog_json": "/common/users/bz362/MMA-Memory/MemoryBench/Benchmark_Pipeline/data/dialog/Social_Chat_Memory_Test.json",
  "image_root": "/common/users/bz362/MMA-Memory/MemoryBench/Benchmark_Pipeline/data/image",
  "run_dir": "/common/users/bz362/MMA-Memory/MemoryBench/Benchmark_Pipeline/runs/social_chat_memory_test/20260419_155527_qwen2_5_vl_7b_local_bz_full_context_text_only",
  "git_commit": "12d35e8937eb650bda9ad099b8abcd27fad0edb6",
  "summary": {
    "open_count": 44,
    "overall": {
      "em": 0.6136363636363636,
      "contains_gt": 0.6136363636363636,
      "f1": 0.6136363636363636
    },
    "by_x": {
      "X2": {
        "em": 0.6111111111111112,
        "contains_gt": 0.6111111111111112,
        "f1": 0.6111111111111112
      },
      "X1": {
        "em": 0.8,
        "contains_gt": 0.8,
        "f1": 0.8
      },
      "X3": {
        "em": 0.5,
        "contains_gt": 0.5,
        "f1": 0.5
      },
      "X4": {
        "em": 0.0,
        "contains_gt": 0.0,
        "f1": 0.0
      }
    },
    "by_y": {
      "Y2": {
        "em": 0.5,
        "contains_gt": 0.5,
        "f1": 0.5
      },
      "Y3": {
        "em": 0.875,
        "contains_gt": 0.875,
        "f1": 0.875
      },
      "Y1": {
        "em": 0.8333333333333334,
        "contains_gt": 0.8333333333333334,
        "f1": 0.8333333333333334
      }
    },
    "by_cell": {
      "X2_Y2": {
        "em": 0.5555555555555556,
        "contains_gt": 0.5555555555555556,
        "f1": 0.5555555555555556
      },
      "X2_Y3": {
        "em": 0.8333333333333334,
        "contains_gt": 0.8333333333333334,
        "f1": 0.8333333333333334
      },
      "X2_Y1": {
        "em": 0.6666666666666666,
        "contains_gt": 0.6666666666666666,
        "f1": 0.6666666666666666
      },
      "X1_Y1": {
        "em": 1.0,
        "contains_gt": 1.0,
        "f1": 1.0
      },
      "X1_Y2": {
        "em": 0.0,
        "contains_gt": 0.0,
        "f1": 0.0
      },
      "X3_Y1": {
        "em": 1.0,
        "contains_gt": 1.0,
        "f1": 1.0
      },
      "X3_Y2": {
        "em": 0.0,
        "contains_gt": 0.0,
        "f1": 0.0
      },
      "X4_Y2": {
        "em": 0.0,
        "contains_gt": 0.0,
        "f1": 0.0
      },
      "X1_Y3": {
        "em": 1.0,
        "contains_gt": 1.0,
        "f1": 1.0
      }
    },
    "mcq_count": 44,
    "mcq_valid_rate": 1.0,
    "mcq_overall": {
      "em": 0.6136363636363636,
      "contains_gt": 0.6136363636363636,
      "f1": 0.6136363636363636
    }
  },
  "method_runtime": {
    "caption_validation_passed": true,
    "caption_validation_round_count": 43,
    "method_modality": "text_only",
    "history_source": "full_context",
    "captions_loaded": true,
    "images_loaded": false,
    "history_turns_after_truncation": 106,
    "history_turns_before_truncation": 106
  }
}