{
  "task_name": "concat_multiscene_outdoor_open",
  "model_name": "gpt_5_4_mini",
  "model_path": "gpt-5.4-mini",
  "method_name": "mma",
  "base_method_name": "mma",
  "method_modality": "",
  "mode": "open",
  "num_qas": 78,
  "num_qas_run": 78,
  "dialog_json": "/common/home/mg1998/MemoryBench/Benchmark_Pipeline/data/dialog/concat_multiscene_outdoor_open.json",
  "image_root": "/common/home/mg1998/.cache/memeye_hf/MemEye/data/image",
  "run_dir": "/common/home/mg1998/MemoryBench/Benchmark_Pipeline/runs/concat_multiscene_outdoor_open/20260427_003439_gpt_5_4_mini_mma",
  "git_commit": "aa51866922099e1acda04d2e12b1cada3d7736c0",
  "summary": {
    "open_count": 78,
    "overall": {
      "em": 0.11538461538461539,
      "contains_gt": 0.14102564102564102,
      "f1": 0.2670311954546296,
      "bleu": 0.12017125523733604,
      "bleu_1": 0.2195918643156766,
      "bleu_2": 0.17001160675847748,
      "judge": 0.34615384615384615
    },
    "by_x": {
      "X4": {
        "em": 0.0,
        "contains_gt": 0.0,
        "f1": 0.05555555555555555,
        "bleu": 0.005459189497938246,
        "bleu_1": 0.042735042735042736,
        "bleu_2": 0.028131649085657406,
        "judge": 0.2222222222222222
      },
      "X2": {
        "em": 0.0,
        "contains_gt": 0.0,
        "f1": 0.09318181818181819,
        "bleu": 0.01982786436963125,
        "bleu_1": 0.075,
        "bleu_2": 0.04293459785571341,
        "judge": 0.2
      },
      "X3": {
        "em": 0.16071428571428573,
        "contains_gt": 0.19642857142857142,
        "f1": 0.3463681261364808,
        "bleu": 0.1629633314166867,
        "bleu_1": 0.28559910771441765,
        "bleu_2": 0.22461383047916417,
        "judge": 0.4107142857142857
      },
      "X1": {
        "em": 0.0,
        "contains_gt": 0.0,
        "f1": 0.0,
        "bleu": 0.0,
        "bleu_1": 0.0,
        "bleu_2": 0.0,
        "judge": 0.0
      }
    },
    "by_y": {
      "Y2": {
        "em": 0.0,
        "contains_gt": 0.0,
        "f1": 0.09370531055818443,
        "bleu": 0.012633251106955639,
        "bleu_1": 0.06948930154607064,
        "bleu_2": 0.02712426485877965,
        "judge": 0.15217391304347827
      },
      "Y3": {
        "em": 0.0,
        "contains_gt": 0.0,
        "f1": 0.1309514583171872,
        "bleu": 0.02237145867619642,
        "bleu_1": 0.09618040247492003,
        "bleu_2": 0.04635819741319226,
        "judge": 0.1956521739130435
      },
      "Y1": {
        "em": 0.28125,
        "contains_gt": 0.34375,
        "f1": 0.48941648629148626,
        "bleu": 0.26775779948436607,
        "bleu_1": 0.41618006950437464,
        "bleu_2": 0.3615877717158091,
        "judge": 0.59375
      }
    },
    "by_cell": {
      "X4_Y2": {
        "em": 0.0,
        "contains_gt": 0.0,
        "f1": 0.125,
        "bleu": 0.012283176370361054,
        "bleu_1": 0.09615384615384616,
        "bleu_2": 0.06329621044272916,
        "judge": 0.5
      },
      "X2_Y2": {
        "em": 0.0,
        "contains_gt": 0.0,
        "f1": 0.0,
        "bleu": 0.0,
        "bleu_1": 0.0,
        "bleu_2": 0.0,
        "judge": 0.0
      },
      "X3_Y3": {
        "em": 0.0,
        "contains_gt": 0.0,
        "f1": 0.20800653594771243,
        "bleu": 0.03162649058562052,
        "bleu_1": 0.1462149256923161,
        "bleu_2": 0.0636892561946288,
        "judge": 0.25
      },
      "X2_Y3": {
        "em": 0.0,
        "contains_gt": 0.0,
        "f1": 0.1553030303030303,
        "bleu": 0.03304644061605208,
        "bleu_1": 0.125,
        "bleu_2": 0.07155766309285568,
        "judge": 0.3333333333333333
      },
      "X3_Y1": {
        "em": 0.2903225806451613,
        "contains_gt": 0.3548387096774194,
        "f1": 0.5052041148815343,
        "bleu": 0.2763951478548295,
        "bleu_1": 0.42960523303677384,
        "bleu_2": 0.373251893384061,
        "judge": 0.6129032258064516
      },
      "X3_Y2": {
        "em": 0.0,
        "contains_gt": 0.0,
        "f1": 0.11034814285588279,
        "bleu": 0.016095471331902367,
        "bleu_1": 0.080909236729616,
        "bleu_2": 0.02471154999873435,
        "judge": 0.1
      },
      "X4_Y3": {
        "em": 0.0,
        "contains_gt": 0.0,
        "f1": 0.0,
        "bleu": 0.0,
        "bleu_1": 0.0,
        "bleu_2": 0.0,
        "judge": 0.0
      },
      "X1_Y1": {
        "em": 0.0,
        "contains_gt": 0.0,
        "f1": 0.0,
        "bleu": 0.0,
        "bleu_1": 0.0,
        "bleu_2": 0.0,
        "judge": 0.0
      },
      "X1_Y3": {
        "em": 0.0,
        "contains_gt": 0.0,
        "f1": 0.0,
        "bleu": 0.0,
        "bleu_1": 0.0,
        "bleu_2": 0.0,
        "judge": 0.0
      }
    }
  },
  "judge": {
    "enabled": true,
    "model": "gpt-5.2",
    "scored_open_rows": 78
  }
}