{
  "task_name": "outdoor_navigation_route_memory_assistant_open",
  "model_name": "gpt_4_1_nano",
  "model_path": "gpt-4.1-nano",
  "method_name": "mma",
  "base_method_name": "mma",
  "method_modality": "",
  "mode": "open",
  "num_qas": 28,
  "num_qas_run": 28,
  "dialog_json": "/common/home/mg1998/.cache/memeye_hf/MemEye/data/dialog/Outdoor_Navigation_Route_Memory_Assistant_Open.json",
  "image_root": "/common/home/mg1998/.cache/memeye_hf/MemEye/data/image",
  "run_dir": "/common/home/mg1998/MemoryBench/Benchmark_Pipeline/runs/outdoor_navigation_route_memory_assistant_open/20260424_112518_gpt_4_1_nano_mma",
  "git_commit": "b24985b9af7b246db9e6e807768083d0acb8c78a",
  "summary": {
    "open_count": 28,
    "overall": {
      "em": 0.0,
      "contains_gt": 0.0,
      "f1": 0.10062699593179099,
      "bleu": 0.011003432111774847,
      "bleu_1": 0.06048536762469394,
      "bleu_2": 0.02694473128472285,
      "judge": 0.10714285714285714
    },
    "by_x": {
      "X3": {
        "em": 0.0,
        "contains_gt": 0.0,
        "f1": 0.10155828782063911,
        "bleu": 0.010011886166053354,
        "bleu_1": 0.0596701408894418,
        "bleu_2": 0.024028013132696393,
        "judge": 0.08333333333333333
      },
      "X1": {
        "em": 0.0,
        "contains_gt": 0.0,
        "f1": 0.0741869918699187,
        "bleu": 0.007073959918971307,
        "bleu_1": 0.04464285714285714,
        "bleu_2": 0.01254646913436713,
        "judge": 0.3333333333333333
      },
      "X4": {
        "em": 0.0,
        "contains_gt": 0.0,
        "f1": 0.11128388278388279,
        "bleu": 0.01574154248404678,
        "bleu_1": 0.07045317054391464,
        "bleu_2": 0.03734376497715001,
        "judge": 0.1
      },
      "X2": {
        "em": 0.0,
        "contains_gt": 0.0,
        "f1": 0.10526315789473685,
        "bleu": 0.013976277981793761,
        "bleu_1": 0.06666666666666667,
        "bleu_2": 0.048795003647426644,
        "judge": 0.0
      }
    },
    "by_y": {
      "Y2": {
        "em": 0.0,
        "contains_gt": 0.0,
        "f1": 0.07677582846003898,
        "bleu": 0.008279237815870137,
        "bleu_1": 0.04770759968688981,
        "bleu_2": 0.01871079822581779,
        "judge": 0.0
      },
      "Y1": {
        "em": 0.0,
        "contains_gt": 0.0,
        "f1": 0.125,
        "bleu": 0.01428363257865929,
        "bleu_1": 0.07142857142857141,
        "bleu_2": 0.023440361546924773,
        "judge": 1.0
      },
      "Y3": {
        "em": 0.0,
        "contains_gt": 0.0,
        "f1": 0.12840987159913023,
        "bleu": 0.014135324942748698,
        "bleu_1": 0.07554564389662599,
        "bleu_2": 0.03752917841983735,
        "judge": 0.16666666666666666
      }
    },
    "by_cell": {
      "X3_Y2": {
        "em": 0.0,
        "contains_gt": 0.0,
        "f1": 0.06623931623931624,
        "bleu": 0.006700122123684621,
        "bleu_1": 0.04112781648853586,
        "bleu_2": 0.012895510084323412,
        "judge": 0.0
      },
      "X1_Y1": {
        "em": 0.0,
        "contains_gt": 0.0,
        "f1": 0.125,
        "bleu": 0.01428363257865929,
        "bleu_1": 0.07142857142857141,
        "bleu_2": 0.023440361546924773,
        "judge": 1.0
      },
      "X4_Y2": {
        "em": 0.0,
        "contains_gt": 0.0,
        "f1": 0.08,
        "bleu": 0.00913442366656447,
        "bleu_1": 0.047619047619047616,
        "bleu_2": 0.01543033499620919,
        "judge": 0.0
      },
      "X2_Y2": {
        "em": 0.0,
        "contains_gt": 0.0,
        "f1": 0.2105263157894737,
        "bleu": 0.027952555963587523,
        "bleu_1": 0.13333333333333333,
        "bleu_2": 0.09759000729485329,
        "judge": 0.0
      },
      "X3_Y3": {
        "em": 0.0,
        "contains_gt": 0.0,
        "f1": 0.19338761393207857,
        "bleu": 0.018622472676212063,
        "bleu_1": 0.10788018433179725,
        "bleu_2": 0.05297252105846615,
        "judge": 0.3
      },
      "X4_Y3": {
        "em": 0.0,
        "contains_gt": 0.0,
        "f1": 0.11910485347985349,
        "bleu": 0.017393322188417357,
        "bleu_1": 0.0761617012751314,
        "bleu_2": 0.04282212247238521,
        "judge": 0.125
      },
      "X1_Y3": {
        "em": 0.0,
        "contains_gt": 0.0,
        "f1": 0.04878048780487805,
        "bleu": 0.0034691235891273165,
        "bleu_1": 0.03125,
        "bleu_2": 0.007099522928088308,
        "judge": 0.0
      },
      "X2_Y3": {
        "em": 0.0,
        "contains_gt": 0.0,
        "f1": 0.0,
        "bleu": 0.0,
        "bleu_1": 0.0,
        "bleu_2": 0.0,
        "judge": 0.0
      }
    }
  },
  "judge": {
    "enabled": true,
    "model": "gpt-5.2",
    "scored_open_rows": 28
  }
}
