{
  "task_name": "multi_scene_visual_case_archive_assistant",
  "model_name": "gpt_4_1_nano",
  "model_path": "gpt-4.1-nano",
  "method_name": "memoryos",
  "base_method_name": "memoryos",
  "method_modality": "",
  "mode": "mcq",
  "num_qas": 50,
  "num_qas_run": 50,
  "dialog_json": "/Users/qingyuejiao/Desktop/MemoryBench/Benchmark_Pipeline/data/dialog/Multi-Scene_Visual_Case_Archive_Assistant.json",
  "image_root": "/Users/qingyuejiao/Desktop/MemoryBench/Benchmark_Pipeline/data/image",
  "run_dir": "/Users/qingyuejiao/Desktop/MemoryBench/Benchmark_Pipeline/runs/multi_scene_visual_case_archive_assistant/20260426_013812_gpt_4_1_nano_memoryos",
  "git_commit": "f50478ca8d87824ef1e9bc48c2b9e0d49e54305a",
  "summary": {
    "open_count": 50,
    "overall": {
      "em": 0.255,
      "contains_gt": 0.12,
      "f1": 0.255
    },
    "by_x": {
      "X4": {
        "em": 0.5,
        "contains_gt": 0.5,
        "f1": 0.5
      },
      "X2": {
        "em": 0.25,
        "contains_gt": 0.0,
        "f1": 0.25
      },
      "X3": {
        "em": 0.23026315789473684,
        "contains_gt": 0.10526315789473684,
        "f1": 0.23026315789473684
      }
    },
    "by_y": {
      "Y2": {
        "em": 0.28125,
        "contains_gt": 0.25,
        "f1": 0.28125
      },
      "Y3": {
        "em": 0.29545454545454547,
        "contains_gt": 0.0,
        "f1": 0.29545454545454547
      },
      "Y1": {
        "em": 0.23387096774193547,
        "contains_gt": 0.12903225806451613,
        "f1": 0.23387096774193547
      }
    },
    "by_cell": {
      "X4_Y2": {
        "em": 0.6666666666666666,
        "contains_gt": 0.6666666666666666,
        "f1": 0.6666666666666666
      },
      "X2_Y2": {
        "em": 0.08333333333333333,
        "contains_gt": 0.0,
        "f1": 0.08333333333333333
      },
      "X3_Y3": {
        "em": 0.3,
        "contains_gt": 0.0,
        "f1": 0.3
      },
      "X2_Y3": {
        "em": 0.35,
        "contains_gt": 0.0,
        "f1": 0.35
      },
      "X3_Y1": {
        "em": 0.23387096774193547,
        "contains_gt": 0.12903225806451613,
        "f1": 0.23387096774193547
      },
      "X3_Y2": {
        "em": 0.0,
        "contains_gt": 0.0,
        "f1": 0.0
      },
      "X4_Y3": {
        "em": 0.0,
        "contains_gt": 0.0,
        "f1": 0.0
      }
    },
    "mcq_count": 50,
    "mcq_valid_rate": 1.0,
    "mcq_overall": {
      "em": 0.255,
      "contains_gt": 0.12,
      "f1": 0.255
    },
    "mcq_per_position_accuracy": {
      "A": 0.36,
      "B": 0.26,
      "C": 0.28,
      "D": 0.12
    }
  },
  "method_runtime": {
    "caption_validation_passed": true,
    "caption_validation_round_count": 57,
    "num_memories": 117,
    "debug_dir": "/Users/qingyuejiao/Desktop/MemoryBench/Benchmark_Pipeline/output/multi-scene_visual_case_archive_assistant/memoryos/636a55ac930d0be0",
    "data_storage_path": "/Users/qingyuejiao/Desktop/MemoryBench/Benchmark_Pipeline/runs/multi-scene_visual_case_archive_assistant/memoryos_data/636a55ac930d0be0",
    "runtime_signature": "636a55ac930d0be0"
  }
}