{
  "task_name": "social_chat_memory_test_open",
  "model_name": "gpt_5_4_mini",
  "model_path": "gpt-5.4-mini",
  "method_name": "simplemem",
  "base_method_name": "simplemem",
  "method_modality": "",
  "mode": "open",
  "num_qas": 37,
  "num_qas_run": 37,
  "dialog_json": "/Users/qingyuejiao/Desktop/MemoryBench/Benchmark_Pipeline/data/dialog/Social_Chat_Memory_Test_Open.json",
  "image_root": "/Users/qingyuejiao/Desktop/MemoryBench/Benchmark_Pipeline/data/image",
  "run_dir": "/Users/qingyuejiao/Desktop/MemoryBench/Benchmark_Pipeline/runs/social_chat_memory_test_open/20260426_161803_gpt_5_4_mini_simplemem",
  "git_commit": "f50478ca8d87824ef1e9bc48c2b9e0d49e54305a",
  "summary": {
    "open_count": 37,
    "overall": {
      "em": 0.08108108108108109,
      "contains_gt": 0.08108108108108109,
      "f1": 0.19824353353765117,
      "bleu": 0.0326268389389859,
      "bleu_1": 0.14298761766012041,
      "bleu_2": 0.07502689801642633,
      "judge": 0.4189189189189189
    },
    "by_x": {
      "X2": {
        "em": 0.06896551724137931,
        "contains_gt": 0.06896551724137931,
        "f1": 0.16270151980091127,
        "bleu": 0.021546696402708183,
        "bleu_1": 0.11123863658693245,
        "bleu_2": 0.04044370104047254,
        "judge": 0.3448275862068966
      },
      "X1": {
        "em": 0.0,
        "contains_gt": 0.0,
        "f1": 0.32333333333333336,
        "bleu": 0.05322221580942062,
        "bleu_1": 0.2129242784806828,
        "bleu_2": 0.1206255792868141,
        "judge": 0.9
      },
      "X3": {
        "em": 0.5,
        "contains_gt": 0.5,
        "f1": 0.5,
        "bleu": 0.158113883008419,
        "bleu_1": 0.5,
        "bleu_2": 0.5,
        "judge": 0.5
      },
      "X4": {
        "em": 0.0,
        "contains_gt": 0.0,
        "f1": 0.0,
        "bleu": 0.0,
        "bleu_1": 0.0,
        "bleu_2": 0.0,
        "judge": 0.0
      }
    },
    "by_y": {
      "Y2": {
        "em": 0.08,
        "contains_gt": 0.08,
        "f1": 0.1407450980392157,
        "bleu": 0.021136655868424947,
        "bleu_1": 0.10768799939599485,
        "bleu_2": 0.03483717190243059,
        "judge": 0.26
      },
      "Y3": {
        "em": 0.0,
        "contains_gt": 0.0,
        "f1": 0.3224275180157533,
        "bleu": 0.03154378499890577,
        "bleu_1": 0.16841496667691075,
        "bleu_2": 0.10359315556949147,
        "judge": 0.9166666666666666
      },
      "Y1": {
        "em": 0.16666666666666666,
        "contains_gt": 0.16666666666666666,
        "f1": 0.31363636363636366,
        "bleu": 0.08158565567307002,
        "bleu_1": 0.26464201141051985,
        "bleu_2": 0.2139178326050101,
        "judge": 0.5833333333333334
      }
    },
    "by_cell": {
      "X2_Y2": {
        "em": 0.09090909090909091,
        "contains_gt": 0.09090909090909091,
        "f1": 0.15993761140819965,
        "bleu": 0.024018927123210167,
        "bleu_1": 0.1223727265863578,
        "bleu_2": 0.039587695343671125,
        "judge": 0.2727272727272727
      },
      "X2_Y3": {
        "em": 0.0,
        "contains_gt": 0.0,
        "f1": 0.2544746103569633,
        "bleu": 0.020032853067224982,
        "bleu_1": 0.11769048546049563,
        "bleu_2": 0.06329264041498867,
        "judge": 0.875
      },
      "X2_Y1": {
        "em": 0.0,
        "contains_gt": 0.0,
        "f1": 0.06060606060606061,
        "bleu": 0.005435462233004579,
        "bleu_1": 0.020986178093062427,
        "bleu_2": 0.016255823650994743,
        "judge": 0.16666666666666666
      },
      "X1_Y1": {
        "em": 0.0,
        "contains_gt": 0.0,
        "f1": 0.35,
        "bleu": 0.0784898906612842,
        "bleu_1": 0.26244676709196596,
        "bleu_2": 0.11736976233853816,
        "judge": 1.0
      },
      "X1_Y2": {
        "em": 0.0,
        "contains_gt": 0.0,
        "f1": 0.0,
        "bleu": 0.0,
        "bleu_1": 0.0,
        "bleu_2": 0.0,
        "judge": 0.5
      },
      "X3_Y1": {
        "em": 1.0,
        "contains_gt": 1.0,
        "f1": 1.0,
        "bleu": 0.316227766016838,
        "bleu_1": 1.0,
        "bleu_2": 1.0,
        "judge": 1.0
      },
      "X3_Y2": {
        "em": 0.0,
        "contains_gt": 0.0,
        "f1": 0.0,
        "bleu": 0.0,
        "bleu_1": 0.0,
        "bleu_2": 0.0,
        "judge": 0.0
      },
      "X4_Y2": {
        "em": 0.0,
        "contains_gt": 0.0,
        "f1": 0.0,
        "bleu": 0.0,
        "bleu_1": 0.0,
        "bleu_2": 0.0,
        "judge": 0.0
      },
      "X1_Y3": {
        "em": 0.0,
        "contains_gt": 0.0,
        "f1": 0.45833333333333337,
        "bleu": 0.05456564886226735,
        "bleu_1": 0.269863929109741,
        "bleu_2": 0.1841941858784971,
        "judge": 1.0
      }
    }
  },
  "method_runtime": {
    "num_memories": 53,
    "debug_dir": "/Users/qingyuejiao/Desktop/MemoryBench/output/social_chat_memory_test_open/simplemem",
    "data_dir": "/Users/qingyuejiao/Desktop/MemoryBench/runs/simplemem/social_chat_memory_test_open"
  },
  "judge_model": "gpt-5.2",
  "judge_rescored_from_predictions": true
}
