{
  "task_name": "cartoon_entertainment_companion_open",
  "model_name": "gpt_4_1_nano",
  "model_path": "gpt-4.1-nano",
  "method_name": "full_context_multimodal",
  "base_method_name": "full_context_multimodal",
  "method_modality": "",
  "mode": "open",
  "num_qas": 76,
  "num_qas_run": 76,
  "dialog_json": "/Users/qingyuejiao/Desktop/MemoryBench/Benchmark_Pipeline/data/dialog/Cartoon_Entertainment_Companion_Open.json",
  "image_root": "/Users/qingyuejiao/Desktop/MemoryBench/Benchmark_Pipeline/data/image",
  "run_dir": "/Users/qingyuejiao/Desktop/MemoryBench/Benchmark_Pipeline/runs/cartoon_entertainment_companion_open/20260424_170532_gpt_4_1_nano_full_context_multimodal",
  "git_commit": "b24985b9af7b246db9e6e807768083d0acb8c78a",
  "summary": {
    "open_count": 76,
    "overall": {
      "em": 0.0,
      "contains_gt": 0.11842105263157894,
      "f1": 0.24924379727607615,
      "bleu": 0.051104923387834046,
      "bleu_1": 0.18160406247346142,
      "bleu_2": 0.11163958404519952,
      "judge": 0.4276315789473684
    },
    "by_x": {
      "X2": {
        "em": 0.0,
        "contains_gt": 0.3333333333333333,
        "f1": 0.08838383838383838,
        "bleu": 0.0092790895029402,
        "bleu_1": 0.05404040404040405,
        "bleu_2": 0.015724189630588015,
        "judge": 0.6666666666666666
      },
      "X4": {
        "em": 0.0,
        "contains_gt": 0.041666666666666664,
        "f1": 0.25168465822235,
        "bleu": 0.06267220829230537,
        "bleu_1": 0.19865810764933572,
        "bleu_2": 0.12754438466057164,
        "judge": 0.3333333333333333
      },
      "X3": {
        "em": 0.0,
        "contains_gt": 0.1,
        "f1": 0.2703180771345733,
        "bleu": 0.0478225809823172,
        "bleu_1": 0.18794569118482163,
        "bleu_2": 0.10984125243951537,
        "judge": 0.4
      },
      "X1": {
        "em": 0.0,
        "contains_gt": 0.1875,
        "f1": 0.26639071570657247,
        "bleu": 0.05559307574830634,
        "bleu_1": 0.19196881278824612,
        "bleu_2": 0.12712252778827848,
        "judge": 0.53125
      }
    },
    "by_y": {
      "Y1": {
        "em": 0.0,
        "contains_gt": 0.06060606060606061,
        "f1": 0.15852206117661624,
        "bleu": 0.029340071239194996,
        "bleu_1": 0.11101824045906818,
        "bleu_2": 0.055941682452512555,
        "judge": 0.30303030303030304
      },
      "Y2": {
        "em": 0.0,
        "contains_gt": 0.18421052631578946,
        "f1": 0.3367827480110745,
        "bleu": 0.07418996915426936,
        "bleu_1": 0.2515910319378945,
        "bleu_2": 0.16559909135448583,
        "judge": 0.5526315789473685
      },
      "Y3": {
        "em": 0.0,
        "contains_gt": 0.0,
        "f1": 0.18271122994652406,
        "bleu": 0.019306599743943453,
        "bleu_1": 0.11556951983876534,
        "bleu_2": 0.06915347900635749,
        "judge": 0.3
      }
    },
    "by_cell": {
      "X2_Y1": {
        "em": 0.0,
        "contains_gt": 0.25,
        "f1": 0.045454545454545456,
        "bleu": 0.005276335157968161,
        "bleu_1": 0.025000000000000005,
        "bleu_2": 0.008333333333333337,
        "judge": 0.75
      },
      "X4_Y2": {
        "em": 0.0,
        "contains_gt": 0.0,
        "f1": 0.3988499316092841,
        "bleu": 0.09029527095336982,
        "bleu_1": 0.3243449621440052,
        "bleu_2": 0.21594150147235716,
        "judge": 0.5454545454545454
      },
      "X3_Y2": {
        "em": 0.0,
        "contains_gt": 0.17647058823529413,
        "f1": 0.31976058447511735,
        "bleu": 0.0663224668233795,
        "bleu_1": 0.23106838032669236,
        "bleu_2": 0.14391264824983274,
        "judge": 0.47058823529411764
      },
      "X2_Y2": {
        "em": 0.0,
        "contains_gt": 0.5,
        "f1": 0.17424242424242425,
        "bleu": 0.01728459819288428,
        "bleu_1": 0.11212121212121212,
        "bleu_2": 0.030505902225097376,
        "judge": 0.5
      },
      "X4_Y1": {
        "em": 0.0,
        "contains_gt": 0.08333333333333333,
        "f1": 0.1301811215604319,
        "bleu": 0.04257375154402174,
        "bleu_1": 0.1,
        "bleu_2": 0.05714239297148255,
        "judge": 0.16666666666666666
      },
      "X3_Y1": {
        "em": 0.0,
        "contains_gt": 0.0,
        "f1": 0.20566249061232336,
        "bleu": 0.0236304225747742,
        "bleu_1": 0.13155448230699068,
        "bleu_2": 0.06528635022602342,
        "judge": 0.3076923076923077
      },
      "X1_Y1": {
        "em": 0.0,
        "contains_gt": 0.0,
        "f1": 0.2034060000811919,
        "bleu": 0.032259124565309195,
        "bleu_1": 0.16334841628959276,
        "bleu_2": 0.0695777297508715,
        "judge": 0.25
      },
      "X1_Y2": {
        "em": 0.0,
        "contains_gt": 0.375,
        "f1": 0.32824754901960784,
        "bleu": 0.08298996437399342,
        "bleu_1": 0.23003246753246753,
        "bleu_2": 0.17623526632214775,
        "judge": 0.75
      },
      "X1_Y3": {
        "em": 0.0,
        "contains_gt": 0.0,
        "f1": 0.20566176470588235,
        "bleu": 0.024133249679929313,
        "bleu_1": 0.14446189979845667,
        "bleu_2": 0.08644184875794686,
        "judge": 0.375
      },
      "X4_Y3": {
        "em": 0.0,
        "contains_gt": 0.0,
        "f1": 0.0909090909090909,
        "bleu": 0.0,
        "bleu_1": 0.0,
        "bleu_2": 0.0,
        "judge": 0.0
      }
    }
  },
  "method_runtime": {
    "method_modality": "multimodal",
    "history_source": "full_context",
    "captions_loaded": false,
    "images_loaded": true,
    "history_turns_after_truncation": 598,
    "history_turns_before_truncation": 598
  },
  "judge": {
    "enabled": true,
    "model": "gpt-5.2",
    "scored_open_rows": 76
  }
}
