{
  "task_name": "concat_quad_a",
  "model_name": "gpt_5_4_mini",
  "model_path": "gpt-5.4-mini",
  "method_name": "mma",
  "base_method_name": "mma",
  "method_modality": "",
  "mode": "mcq",
  "num_qas": 190,
  "num_qas_run": 190,
  "dialog_json": "/common/home/mg1998/MemoryBench/Benchmark_Pipeline/data/dialog/concat_quad_a.json",
  "image_root": "/common/home/mg1998/MemoryBench/Benchmark_Pipeline/data/image",
  "run_dir": "/common/home/mg1998/MemoryBench/Benchmark_Pipeline/runs/concat_quad_a/20260427_214929_gpt_5_4_mini_mma",
  "git_commit": "69e7b2bcb10a1a2a09bfb580fd4db079c8d27284",
  "summary": {
    "open_count": 190,
    "overall": {
      "em": 0.5092105263157894,
      "contains_gt": 0.5052631578947369,
      "f1": 0.5092105263157894
    },
    "by_x": {
      "X4": {
        "em": 0.5166666666666667,
        "contains_gt": 0.5466666666666666,
        "f1": 0.5166666666666667
      },
      "X3": {
        "em": 0.5,
        "contains_gt": 0.484375,
        "f1": 0.5
      },
      "X1": {
        "em": 0.49404761904761907,
        "contains_gt": 0.40476190476190477,
        "f1": 0.49404761904761907
      },
      "X2": {
        "em": 0.5833333333333334,
        "contains_gt": 0.7777777777777778,
        "f1": 0.5833333333333334
      }
    },
    "by_y": {
      "Y1": {
        "em": 0.5975609756097561,
        "contains_gt": 0.6585365853658537,
        "f1": 0.5975609756097561
      },
      "Y2": {
        "em": 0.4957983193277311,
        "contains_gt": 0.453781512605042,
        "f1": 0.4957983193277311
      },
      "Y3": {
        "em": 0.44166666666666665,
        "contains_gt": 0.5,
        "f1": 0.44166666666666665
      }
    },
    "by_cell": {
      "X4_Y1": {
        "em": 0.6730769230769231,
        "contains_gt": 0.6923076923076923,
        "f1": 0.6730769230769231
      },
      "X3_Y2": {
        "em": 0.45454545454545453,
        "contains_gt": 0.45454545454545453,
        "f1": 0.45454545454545453
      },
      "X1_Y2": {
        "em": 0.5,
        "contains_gt": 0.3793103448275862,
        "f1": 0.5
      },
      "X2_Y2": {
        "em": 0.5625,
        "contains_gt": 0.5,
        "f1": 0.5625
      },
      "X4_Y2": {
        "em": 0.5297619047619048,
        "contains_gt": 0.5,
        "f1": 0.5297619047619048
      },
      "X1_Y1": {
        "em": 0.4642857142857143,
        "contains_gt": 0.42857142857142855,
        "f1": 0.4642857142857143
      },
      "X3_Y3": {
        "em": 0.625,
        "contains_gt": 0.25,
        "f1": 0.625
      },
      "X3_Y1": {
        "em": 0.59375,
        "contains_gt": 0.625,
        "f1": 0.59375
      },
      "X2_Y1": {
        "em": 0.6,
        "contains_gt": 1.0,
        "f1": 0.6
      },
      "X1_Y3": {
        "em": 0.5,
        "contains_gt": 0.5,
        "f1": 0.5
      },
      "X4_Y3": {
        "em": 0.3875,
        "contains_gt": 0.55,
        "f1": 0.3875
      }
    },
    "mcq_count": 190,
    "mcq_valid_rate": 1.0,
    "mcq_overall": {
      "em": 0.5092105263157894,
      "contains_gt": 0.5052631578947369,
      "f1": 0.5092105263157894
    },
    "mcq_per_position_accuracy": {
      "A": 0.4263157894736842,
      "B": 0.6052631578947368,
      "C": 0.5,
      "D": 0.5052631578947369
    }
  }
}