{
  "task_name": "cartoon_entertainment_companion_open",
  "model_name": "gpt_4_1_nano",
  "model_path": "gpt-4.1-nano",
  "method_name": "simplemem",
  "base_method_name": "simplemem",
  "method_modality": "",
  "mode": "open",
  "num_qas": 76,
  "num_qas_run": 76,
  "dialog_json": "/Users/qingyuejiao/Desktop/MemoryBench/Benchmark_Pipeline/data/dialog/Cartoon_Entertainment_Companion_Open.json",
  "image_root": "/Users/qingyuejiao/Desktop/MemoryBench/Benchmark_Pipeline/data/image",
  "run_dir": "/Users/qingyuejiao/Desktop/MemoryBench/Benchmark_Pipeline/runs/cartoon_entertainment_companion_open/20260426_073836_gpt_4_1_nano_simplemem",
  "git_commit": "f50478ca8d87824ef1e9bc48c2b9e0d49e54305a",
  "summary": {
    "open_count": 76,
    "overall": {
      "em": 0.05263157894736842,
      "contains_gt": 0.05263157894736842,
      "f1": 0.17210412160671104,
      "bleu": 0.041351435308567386,
      "bleu_1": 0.13890668807003445,
      "bleu_2": 0.08266702704878877,
      "judge": 0.3026315789473684
    },
    "by_x": {
      "X2": {
        "em": 0.0,
        "contains_gt": 0.0,
        "f1": 0.05128205128205127,
        "bleu": 0.006849331872250256,
        "bleu_1": 0.04702676249392299,
        "bleu_2": 0.011519157236516508,
        "judge": 0.3333333333333333
      },
      "X4": {
        "em": 0.08333333333333333,
        "contains_gt": 0.08333333333333333,
        "f1": 0.18570210247841826,
        "bleu": 0.04557971017629819,
        "bleu_1": 0.16562294278472303,
        "bleu_2": 0.0879745295937766,
        "judge": 0.22916666666666666
      },
      "X3": {
        "em": 0.03333333333333333,
        "contains_gt": 0.03333333333333333,
        "f1": 0.18458642323859714,
        "bleu": 0.049187508696240924,
        "bleu_1": 0.13414630801347754,
        "bleu_2": 0.1016141316761234,
        "judge": 0.2833333333333333
      },
      "X1": {
        "em": 0.0625,
        "contains_gt": 0.0625,
        "f1": 0.1736111111111111,
        "bleu": 0.03325467419370223,
        "bleu_1": 0.14221299069508753,
        "bleu_2": 0.06586040323465667,
        "judge": 0.4375
      }
    },
    "by_y": {
      "Y1": {
        "em": 0.030303030303030304,
        "contains_gt": 0.030303030303030304,
        "f1": 0.15354191263282171,
        "bleu": 0.024628633674146416,
        "bleu_1": 0.11194477063113066,
        "bleu_2": 0.056024092299720614,
        "judge": 0.30303030303030304
      },
      "Y2": {
        "em": 0.07894736842105263,
        "contains_gt": 0.07894736842105263,
        "f1": 0.2108692138217611,
        "bleu": 0.061314846636954995,
        "bleu_1": 0.18059818059198174,
        "bleu_2": 0.11668155288992542,
        "judge": 0.3026315789473684
      },
      "Y3": {
        "em": 0.0,
        "contains_gt": 0.0,
        "f1": 0.0,
        "bleu": 0.0,
        "bleu_1": 0.0,
        "bleu_2": 0.0,
        "judge": 0.3
      }
    },
    "by_cell": {
      "X2_Y1": {
        "em": 0.0,
        "contains_gt": 0.0,
        "f1": 0.0,
        "bleu": 0.0,
        "bleu_1": 0.0,
        "bleu_2": 0.0,
        "judge": 0.5
      },
      "X4_Y2": {
        "em": 0.09090909090909091,
        "contains_gt": 0.09090909090909091,
        "f1": 0.3021379205589732,
        "bleu": 0.08148359035693821,
        "bleu_1": 0.2637613398726422,
        "bleu_2": 0.16083163086205962,
        "judge": 0.3181818181818182
      },
      "X3_Y2": {
        "em": 0.058823529411764705,
        "contains_gt": 0.058823529411764705,
        "f1": 0.15317899491812537,
        "bleu": 0.05894448266530119,
        "bleu_1": 0.1199879504351177,
        "bleu_2": 0.11001042233413096,
        "judge": 0.2647058823529412
      },
      "X2_Y2": {
        "em": 0.0,
        "contains_gt": 0.0,
        "f1": 0.15384615384615383,
        "bleu": 0.020547995616750768,
        "bleu_1": 0.14108028748176898,
        "bleu_2": 0.03455747170954952,
        "judge": 0.0
      },
      "X4_Y1": {
        "em": 0.08333333333333333,
        "contains_gt": 0.08333333333333333,
        "f1": 0.09444444444444444,
        "bleu": 0.01646612919206969,
        "bleu_1": 0.08946465735285737,
        "bleu_2": 0.028520064230665203,
        "judge": 0.16666666666666666
      },
      "X3_Y1": {
        "em": 0.0,
        "contains_gt": 0.0,
        "f1": 0.22565767565767567,
        "bleu": 0.036428388890546726,
        "bleu_1": 0.1526610833082558,
        "bleu_2": 0.09063436696949813,
        "judge": 0.3076923076923077
      },
      "X1_Y1": {
        "em": 0.0,
        "contains_gt": 0.0,
        "f1": 0.25,
        "bleu": 0.03539557634122201,
        "bleu_1": 0.15900186489642454,
        "bleu_2": 0.08207687612983056,
        "judge": 0.5
      },
      "X1_Y2": {
        "em": 0.125,
        "contains_gt": 0.125,
        "f1": 0.2222222222222222,
        "bleu": 0.04881156021679347,
        "bleu_1": 0.2049250489419628,
        "bleu_2": 0.09068236840439807,
        "judge": 0.4375
      },
      "X1_Y3": {
        "em": 0.0,
        "contains_gt": 0.0,
        "f1": 0.0,
        "bleu": 0.0,
        "bleu_1": 0.0,
        "bleu_2": 0.0,
        "judge": 0.375
      },
      "X4_Y3": {
        "em": 0.0,
        "contains_gt": 0.0,
        "f1": 0.0,
        "bleu": 0.0,
        "bleu_1": 0.0,
        "bleu_2": 0.0,
        "judge": 0.0
      }
    }
  },
  "method_runtime": {
    "num_memories": 299,
    "debug_dir": "/Users/qingyuejiao/Desktop/MemoryBench/output/cartoon_entertainment_companion_open/simplemem",
    "data_dir": "/Users/qingyuejiao/Desktop/MemoryBench/runs/simplemem/cartoon_entertainment_companion_open"
  },
  "judge_model": "gpt-5.2",
  "judge_rescored_from_predictions": true
}
