{
  "task_name": "cartoon_entertainment_companion_open",
  "model_name": "gpt_5_4_mini",
  "model_path": "gpt-5.4-mini",
  "method_name": "full_context_multimodal",
  "base_method_name": "full_context_multimodal",
  "method_modality": "",
  "mode": "open",
  "num_qas": 76,
  "num_qas_run": 76,
  "dialog_json": "/common/home/mg1998/MemoryBench/Benchmark_Pipeline/data/dialog/Cartoon_Entertainment_Companion_Open.json",
  "image_root": "/common/home/mg1998/.cache/memeye_hf/MemEye/data/image",
  "run_dir": "/common/home/mg1998/MemoryBench/Benchmark_Pipeline/runs/cartoon_entertainment_companion_open/20260425_164951_gpt_5_4_mini_full_context_multimodal",
  "git_commit": "7eb4b31f1f56487e02ecff48e751fe66ab6c6c5f",
  "summary": {
    "open_count": 76,
    "overall": {
      "em": 0.07894736842105263,
      "contains_gt": 0.07894736842105263,
      "f1": 0.29809396847706,
      "bleu": 0.07834619862490083,
      "bleu_1": 0.23090283171374432,
      "bleu_2": 0.15183828026911295,
      "judge": 0.4868421052631579
    },
    "by_x": {
      "X3": {
        "em": 0.041666666666666664,
        "contains_gt": 0.041666666666666664,
        "f1": 0.2544374946948476,
        "bleu": 0.044775397969369614,
        "bleu_1": 0.1990447026516094,
        "bleu_2": 0.11621076605728499,
        "judge": 0.4375
      },
      "X4": {
        "em": 0.038461538461538464,
        "contains_gt": 0.038461538461538464,
        "f1": 0.21484369293242006,
        "bleu": 0.047185069341169825,
        "bleu_1": 0.1554050786592047,
        "bleu_2": 0.08776353299065925,
        "judge": 0.46153846153846156
      },
      "X2": {
        "em": 0.1,
        "contains_gt": 0.1,
        "f1": 0.4073195225826805,
        "bleu": 0.14228185038896377,
        "bleu_1": 0.2811391449702539,
        "bleu_2": 0.252238302599559,
        "judge": 0.45
      },
      "X1": {
        "em": 0.1875,
        "contains_gt": 0.1875,
        "f1": 0.4305944055944056,
        "bleu": 0.13937945234172125,
        "bleu_1": 0.36997617823525514,
        "bleu_2": 0.24665100195781334,
        "judge": 0.625
      }
    },
    "by_y": {
      "Y1": {
        "em": 0.030303030303030304,
        "contains_gt": 0.030303030303030304,
        "f1": 0.2627435695617514,
        "bleu": 0.051893015079830816,
        "bleu_1": 0.19866015850764732,
        "bleu_2": 0.10309007622088967,
        "judge": 0.3939393939393939
      },
      "Y2": {
        "em": 0.13157894736842105,
        "contains_gt": 0.13157894736842105,
        "f1": 0.34751270867362855,
        "bleu": 0.10940922878295604,
        "bleu_1": 0.275960929848665,
        "bleu_2": 0.20677557724167148,
        "judge": 0.5394736842105263
      },
      "Y3": {
        "em": 0.0,
        "contains_gt": 0.0,
        "f1": 0.15582417582417582,
        "bleu": 0.016858180821143435,
        "bleu_1": 0.10126292904858734,
        "bleu_2": 0.05605296999594161,
        "judge": 0.7
      }
    },
    "by_cell": {
      "X3_Y1": {
        "em": 0.0,
        "contains_gt": 0.0,
        "f1": 0.22987914862914863,
        "bleu": 0.04273152616712308,
        "bleu_1": 0.18694471751572794,
        "bleu_2": 0.10606841010019882,
        "judge": 0.4583333333333333
      },
      "X4_Y2": {
        "em": 0.0,
        "contains_gt": 0.0,
        "f1": 0.258333099125938,
        "bleu": 0.06936883836979969,
        "bleu_1": 0.1703322515872728,
        "bleu_2": 0.1321795686890768,
        "judge": 0.6153846153846154
      },
      "X2_Y2": {
        "em": 0.2,
        "contains_gt": 0.2,
        "f1": 0.36650717703349284,
        "bleu": 0.16201056622584237,
        "bleu_1": 0.3143586286996334,
        "bleu_2": 0.30114304901932426,
        "judge": 0.4
      },
      "X3_Y2": {
        "em": 0.08333333333333333,
        "contains_gt": 0.08333333333333333,
        "f1": 0.2789958407605466,
        "bleu": 0.04681926977161615,
        "bleu_1": 0.21114468778749085,
        "bleu_2": 0.12635312201437116,
        "judge": 0.4166666666666667
      },
      "X4_Y1": {
        "em": 0.08333333333333333,
        "contains_gt": 0.08333333333333333,
        "f1": 0.17968142968142967,
        "bleu": 0.026425304732633065,
        "bleu_1": 0.14871217565317574,
        "bleu_2": 0.045838159770640687,
        "judge": 0.25
      },
      "X1_Y1": {
        "em": 0.0,
        "contains_gt": 0.0,
        "f1": 0.37878787878787873,
        "bleu": 0.06745546351922936,
        "bleu_1": 0.3220760516302863,
        "bleu_2": 0.14060647398507914,
        "judge": 0.5
      },
      "X1_Y2": {
        "em": 0.375,
        "contains_gt": 0.375,
        "f1": 0.5833333333333334,
        "bleu": 0.23548396581954098,
        "bleu_1": 0.5208333333333334,
        "bleu_2": 0.38964810411955536,
        "judge": 0.6875
      },
      "X2_Y1": {
        "em": 0.0,
        "contains_gt": 0.0,
        "f1": 0.4481318681318681,
        "bleu": 0.12255313455208514,
        "bleu_1": 0.24791966124087442,
        "bleu_2": 0.20333355617979368,
        "judge": 0.5
      },
      "X1_Y3": {
        "em": 0.0,
        "contains_gt": 0.0,
        "f1": 0.17692307692307693,
        "bleu": 0.019094414208573638,
        "bleu_1": 0.11616199464406751,
        "bleu_2": 0.06670132560706347,
        "judge": 0.625
      },
      "X4_Y3": {
        "em": 0.0,
        "contains_gt": 0.0,
        "f1": 0.07142857142857142,
        "bleu": 0.007913247271422612,
        "bleu_1": 0.041666666666666664,
        "bleu_2": 0.013459547551454133,
        "judge": 1.0
      }
    }
  },
  "method_runtime": {
    "method_modality": "multimodal",
    "history_source": "full_context",
    "captions_loaded": false,
    "images_loaded": true,
    "history_turns_after_truncation": 598,
    "history_turns_before_truncation": 598
  },
  "judge": {
    "enabled": true,
    "model": "gpt-5.2",
    "scored_open_rows": 76
  }
}