{
  "task_name": "cartoon_entertainment_companion_open",
  "model_name": "gpt_5_4_mini",
  "model_path": "gpt-5.4-mini",
  "method_name": "full_context_multimodal",
  "base_method_name": "full_context_multimodal",
  "method_modality": "",
  "mode": "open",
  "num_qas": 76,
  "num_qas_run": 76,
  "dialog_json": "/common/home/mg1998/MemoryBench/Benchmark_Pipeline/data/dialog/Cartoon_Entertainment_Companion_Open.json",
  "image_root": "/common/home/mg1998/.cache/memeye_hf/MemEye/data/image",
  "run_dir": "/common/home/mg1998/MemoryBench/Benchmark_Pipeline/runs/cartoon_entertainment_companion_open/20260425_164951_gpt_5_4_mini_full_context_multimodal",
  "git_commit": "7eb4b31f1f56487e02ecff48e751fe66ab6c6c5f",
  "summary": {
    "open_count": 76,
    "overall": {
      "em": 0.07894736842105263,
      "contains_gt": 0.07894736842105263,
      "f1": 0.29809396847706,
      "bleu": 0.07834619862490083,
      "bleu_1": 0.23090283171374432,
      "bleu_2": 0.15183828026911295,
      "judge": 0.4934210526315789
    },
    "by_x": {
      "X2": {
        "em": 0.0,
        "contains_gt": 0.0,
        "f1": 0.15757575757575756,
        "bleu": 0.022016633584314656,
        "bleu_1": 0.14583333333333334,
        "bleu_2": 0.06490337858132966,
        "judge": 0.5
      },
      "X4": {
        "em": 0.041666666666666664,
        "contains_gt": 0.041666666666666664,
        "f1": 0.227845373225808,
        "bleu": 0.05077206334206024,
        "bleu_1": 0.16654390767790653,
        "bleu_2": 0.0944914091178855,
        "judge": 0.4375
      },
      "X3": {
        "em": 0.06666666666666667,
        "contains_gt": 0.06666666666666667,
        "f1": 0.3117295870624044,
        "bleu": 0.07912035121031967,
        "bleu_1": 0.22523141914035766,
        "bleu_2": 0.16453597262701133,
        "judge": 0.48333333333333334
      },
      "X1": {
        "em": 0.1875,
        "contains_gt": 0.1875,
        "f1": 0.4305944055944056,
        "bleu": 0.13937945234172125,
        "bleu_1": 0.36997617823525514,
        "bleu_2": 0.24665100195781334,
        "judge": 0.59375
      }
    },
    "by_y": {
      "Y1": {
        "em": 0.030303030303030304,
        "contains_gt": 0.030303030303030304,
        "f1": 0.2627435695617514,
        "bleu": 0.051893015079830816,
        "bleu_1": 0.19866015850764732,
        "bleu_2": 0.10309007622088967,
        "judge": 0.4090909090909091
      },
      "Y2": {
        "em": 0.13157894736842105,
        "contains_gt": 0.13157894736842105,
        "f1": 0.34751270867362855,
        "bleu": 0.10940922878295604,
        "bleu_1": 0.275960929848665,
        "bleu_2": 0.20677557724167148,
        "judge": 0.5394736842105263
      },
      "Y3": {
        "em": 0.0,
        "contains_gt": 0.0,
        "f1": 0.15582417582417582,
        "bleu": 0.016858180821143435,
        "bleu_1": 0.10126292904858734,
        "bleu_2": 0.05605296999594161,
        "judge": 0.7
      }
    },
    "by_cell": {
      "X2_Y1": {
        "em": 0.0,
        "contains_gt": 0.0,
        "f1": 0.13636363636363635,
        "bleu": 0.023886069805109173,
        "bleu_1": 0.125,
        "bleu_2": 0.0790569415042095,
        "judge": 0.75
      },
      "X4_Y2": {
        "em": 0.0,
        "contains_gt": 0.0,
        "f1": 0.29460756634669677,
        "bleu": 0.08122841964967513,
        "bleu_1": 0.19734918270590737,
        "bleu_2": 0.15493421400273727,
        "judge": 0.5909090909090909
      },
      "X3_Y2": {
        "em": 0.11764705882352941,
        "contains_gt": 0.11764705882352941,
        "f1": 0.28812547253632664,
        "bleu": 0.07903593110377201,
        "bleu_1": 0.22200045045986014,
        "bleu_2": 0.1742834260426955,
        "judge": 0.5294117647058824
      },
      "X2_Y2": {
        "em": 0.0,
        "contains_gt": 0.0,
        "f1": 0.19999999999999998,
        "bleu": 0.01827776114272562,
        "bleu_1": 0.1875,
        "bleu_2": 0.03659625273557,
        "judge": 0.0
      },
      "X4_Y1": {
        "em": 0.08333333333333333,
        "contains_gt": 0.08333333333333333,
        "f1": 0.17968142968142967,
        "bleu": 0.026425304732633065,
        "bleu_1": 0.14871217565317574,
        "bleu_2": 0.045838159770640687,
        "judge": 0.25
      },
      "X3_Y1": {
        "em": 0.0,
        "contains_gt": 0.0,
        "f1": 0.34259650605804454,
        "bleu": 0.07923074673426661,
        "bleu_1": 0.22945653203023905,
        "bleu_2": 0.15178930277573202,
        "judge": 0.4230769230769231
      },
      "X1_Y1": {
        "em": 0.0,
        "contains_gt": 0.0,
        "f1": 0.37878787878787873,
        "bleu": 0.06745546351922936,
        "bleu_1": 0.3220760516302863,
        "bleu_2": 0.14060647398507914,
        "judge": 0.5
      },
      "X1_Y2": {
        "em": 0.375,
        "contains_gt": 0.375,
        "f1": 0.5833333333333334,
        "bleu": 0.23548396581954098,
        "bleu_1": 0.5208333333333334,
        "bleu_2": 0.38964810411955536,
        "judge": 0.625
      },
      "X1_Y3": {
        "em": 0.0,
        "contains_gt": 0.0,
        "f1": 0.17692307692307693,
        "bleu": 0.019094414208573638,
        "bleu_1": 0.11616199464406751,
        "bleu_2": 0.06670132560706347,
        "judge": 0.625
      },
      "X4_Y3": {
        "em": 0.0,
        "contains_gt": 0.0,
        "f1": 0.07142857142857142,
        "bleu": 0.007913247271422612,
        "bleu_1": 0.041666666666666664,
        "bleu_2": 0.013459547551454133,
        "judge": 1.0
      }
    }
  },
  "method_runtime": {
    "method_modality": "multimodal",
    "history_source": "full_context",
    "captions_loaded": false,
    "images_loaded": true,
    "history_turns_after_truncation": 598,
    "history_turns_before_truncation": 598
  },
  "judge": {
    "enabled": true,
    "model": "gpt-5.2",
    "scored_open_rows": 76
  }
}