{
  "task_name": "concat_brand_social",
  "model_name": "gpt_5_4_mini",
  "model_path": "gpt-5.4-mini",
  "method_name": "semantic_rag_multimodal",
  "base_method_name": "semantic_rag_multimodal",
  "method_modality": "multimodal",
  "mode": "mcq",
  "num_qas": 66,
  "num_qas_run": 66,
  "dialog_json": "/Users/qingyuejiao/Desktop/MemoryBench/Benchmark_Pipeline/data/dialog/concat_brand_social.json",
  "image_root": "/Users/qingyuejiao/Desktop/MemoryBench/Benchmark_Pipeline/data/image",
  "run_dir": "/Users/qingyuejiao/Desktop/MemoryBench/Benchmark_Pipeline/runs/concat_brand_social/20260428_141947_gpt_5_4_mini_semantic_rag_multimodal",
  "git_commit": "878c24f82b8c23afa35832b1e8f22677e85aa148",
  "summary": {
    "open_count": 66,
    "overall": {
      "em": 0.5113636363636364,
      "contains_gt": 0.5757575757575758,
      "f1": 0.5113636363636364
    },
    "by_x": {
      "X4": {
        "em": 0.4166666666666667,
        "contains_gt": 0.6666666666666666,
        "f1": 0.4166666666666667
      },
      "X3": {
        "em": 0.5661764705882353,
        "contains_gt": 0.6176470588235294,
        "f1": 0.5661764705882353
      },
      "X1": {
        "em": 0.4519230769230769,
        "contains_gt": 0.5,
        "f1": 0.4519230769230769
      },
      "X2": {
        "em": 0.5,
        "contains_gt": 0.6666666666666666,
        "f1": 0.5
      }
    },
    "by_y": {
      "Y1": {
        "em": 0.71875,
        "contains_gt": 0.875,
        "f1": 0.71875
      },
      "Y2": {
        "em": 0.47596153846153844,
        "contains_gt": 0.5384615384615384,
        "f1": 0.47596153846153844
      },
      "Y3": {
        "em": 0.5416666666666666,
        "contains_gt": 0.5,
        "f1": 0.5416666666666666
      }
    },
    "by_cell": {
      "X4_Y1": {
        "em": 1.0,
        "contains_gt": 1.0,
        "f1": 1.0
      },
      "X3_Y2": {
        "em": 0.5648148148148148,
        "contains_gt": 0.5925925925925926,
        "f1": 0.5648148148148148
      },
      "X1_Y2": {
        "em": 0.4166666666666667,
        "contains_gt": 0.47619047619047616,
        "f1": 0.4166666666666667
      },
      "X2_Y2": {
        "em": 0.25,
        "contains_gt": 0.5,
        "f1": 0.25
      },
      "X4_Y2": {
        "em": 0.125,
        "contains_gt": 0.5,
        "f1": 0.125
      },
      "X1_Y1": {
        "em": 1.0,
        "contains_gt": 1.0,
        "f1": 1.0
      },
      "X3_Y3": {
        "em": 0.8125,
        "contains_gt": 0.75,
        "f1": 0.8125
      },
      "X3_Y1": {
        "em": 0.25,
        "contains_gt": 0.6666666666666666,
        "f1": 0.25
      },
      "X2_Y1": {
        "em": 1.0,
        "contains_gt": 1.0,
        "f1": 1.0
      },
      "X1_Y3": {
        "em": 0.0,
        "contains_gt": 0.0,
        "f1": 0.0
      }
    },
    "mcq_count": 66,
    "mcq_valid_rate": 1.0,
    "mcq_overall": {
      "em": 0.5113636363636364,
      "contains_gt": 0.5757575757575758,
      "f1": 0.5113636363636364
    },
    "mcq_per_position_accuracy": {
      "A": 0.42424242424242425,
      "B": 0.5151515151515151,
      "C": 0.5303030303030303,
      "D": 0.5757575757575758
    }
  },
  "method_runtime": {
    "retrieval_backend": "dense_multimodal",
    "retrieval_corpus": "round_text",
    "method_modality": "multimodal",
    "top_k": 10,
    "neighbor_window": 0,
    "seed_round_ids": [
      "BRAND_S13:R1",
      "BRAND_S13:R2",
      "BRAND_S37:R1",
      "CHAT_S18:R2",
      "CHAT_S35:R2",
      "BRAND_S10:R2",
      "CHAT_S15:R2",
      "CHAT_S2:R2",
      "BRAND_S39:R1",
      "CHAT_S4:R2"
    ],
    "selected_round_ids": [
      "BRAND_S13:R1",
      "BRAND_S13:R2",
      "BRAND_S37:R1",
      "CHAT_S18:R2",
      "CHAT_S35:R2",
      "BRAND_S10:R2",
      "CHAT_S15:R2",
      "CHAT_S2:R2",
      "BRAND_S39:R1",
      "CHAT_S4:R2"
    ],
    "top_candidates": [
      {
        "round_id": "BRAND_S13:R1",
        "score": 0.09089290269906847,
        "text_dense_score": 0.141184565348672,
        "image_dense_score": 0.04060124004946494,
        "indexed_image_count": 1,
        "best_image_path": "/Users/qingyuejiao/Desktop/MemoryBench/Benchmark_Pipeline/data/image/Brand_Memory_Test/BurgerKing_2.png"
      },
      {
        "round_id": "BRAND_S13:R2",
        "score": 0.09068309262878632,
        "text_dense_score": 0.18136618525757264,
        "image_dense_score": 0.0,
        "indexed_image_count": 0,
        "best_image_path": ""
      },
      {
        "round_id": "BRAND_S37:R1",
        "score": 0.08909095837667483,
        "text_dense_score": 0.1338360159096559,
        "image_dense_score": 0.04434590084369376,
        "indexed_image_count": 1,
        "best_image_path": "/Users/qingyuejiao/Desktop/MemoryBench/Benchmark_Pipeline/data/image/Brand_Memory_Test/Dunkin_5.png"
      },
      {
        "round_id": "CHAT_S18:R2",
        "score": 0.08448036932934072,
        "text_dense_score": 0.06549520710296511,
        "image_dense_score": 0.10346553155571635,
        "indexed_image_count": 1,
        "best_image_path": "/Users/qingyuejiao/Desktop/MemoryBench/Benchmark_Pipeline/data/image/Social_Chat_Memory_Test/screenshots/F4_2.png"
      },
      {
        "round_id": "CHAT_S35:R2",
        "score": 0.08419214965217858,
        "text_dense_score": 0.06549520710296511,
        "image_dense_score": 0.10288909220139204,
        "indexed_image_count": 1,
        "best_image_path": "/Users/qingyuejiao/Desktop/MemoryBench/Benchmark_Pipeline/data/image/Social_Chat_Memory_Test/screenshots/R4_2.png"
      }
    ],
    "clue_hit_count": 1,
    "corpus_entry_count": 125,
    "text_embedding_model": "all-MiniLM-L6-v2",
    "multimodal_embedding_model": "siglip2-base-patch16-384",
    "text_dense_weight": 0.5,
    "image_dense_weight": 0.5,
    "caption_text_included": false,
    "image_embeddings_built": true,
    "multi_image_indexing_enabled": true,
    "indexed_image_count": 73,
    "history_source": "retrieval",
    "captions_loaded": false,
    "images_loaded": true,
    "history_turns_after_truncation": 20
  }
}