{
  "task_name": "cartoon_entertainment_companion",
  "model_name": "gpt_4_1_nano",
  "model_path": "gpt-4.1-nano",
  "method_name": "simplemem",
  "base_method_name": "simplemem",
  "method_modality": "",
  "mode": "mcq",
  "num_qas": 76,
  "num_qas_run": 76,
  "dialog_json": "/Users/qingyuejiao/Desktop/MemoryBench/Benchmark_Pipeline/data/dialog/Cartoon_Entertainment_Companion.json",
  "image_root": "/Users/qingyuejiao/Desktop/MemoryBench/Benchmark_Pipeline/data/image",
  "run_dir": "/Users/qingyuejiao/Desktop/MemoryBench/Benchmark_Pipeline/runs/cartoon_entertainment_companion/20260426_032214_gpt_4_1_nano_simplemem",
  "git_commit": "f50478ca8d87824ef1e9bc48c2b9e0d49e54305a",
  "summary": {
    "open_count": 76,
    "overall": {
      "em": 0.45394736842105265,
      "contains_gt": 0.40789473684210525,
      "f1": 0.45394736842105265
    },
    "by_x": {
      "X3": {
        "em": 0.42391304347826086,
        "contains_gt": 0.34782608695652173,
        "f1": 0.42391304347826086
      },
      "X4": {
        "em": 0.41304347826086957,
        "contains_gt": 0.391304347826087,
        "f1": 0.41304347826086957
      },
      "X2": {
        "em": 0.375,
        "contains_gt": 0.35714285714285715,
        "f1": 0.375
      },
      "X1": {
        "em": 0.625,
        "contains_gt": 0.5625,
        "f1": 0.625
      }
    },
    "by_y": {
      "Y1": {
        "em": 0.4765625,
        "contains_gt": 0.5,
        "f1": 0.4765625
      },
      "Y2": {
        "em": 0.44871794871794873,
        "contains_gt": 0.358974358974359,
        "f1": 0.44871794871794873
      },
      "Y3": {
        "em": 0.35,
        "contains_gt": 0.2,
        "f1": 0.35
      }
    },
    "by_cell": {
      "X3_Y1": {
        "em": 0.36363636363636365,
        "contains_gt": 0.36363636363636365,
        "f1": 0.36363636363636365
      },
      "X4_Y2": {
        "em": 0.475,
        "contains_gt": 0.4,
        "f1": 0.475
      },
      "X2_Y2": {
        "em": 0.25,
        "contains_gt": 0.2222222222222222,
        "f1": 0.25
      },
      "X3_Y2": {
        "em": 0.4791666666666667,
        "contains_gt": 0.3333333333333333,
        "f1": 0.4791666666666667
      },
      "X4_Y1": {
        "em": 0.3958333333333333,
        "contains_gt": 0.4166666666666667,
        "f1": 0.3958333333333333
      },
      "X1_Y1": {
        "em": 0.875,
        "contains_gt": 1.0,
        "f1": 0.875
      },
      "X1_Y2": {
        "em": 0.59375,
        "contains_gt": 0.5,
        "f1": 0.59375
      },
      "X2_Y1": {
        "em": 0.6,
        "contains_gt": 0.6,
        "f1": 0.6
      },
      "X1_Y3": {
        "em": 0.4375,
        "contains_gt": 0.25,
        "f1": 0.4375
      },
      "X4_Y3": {
        "em": 0.0,
        "contains_gt": 0.0,
        "f1": 0.0
      }
    },
    "mcq_count": 76,
    "mcq_valid_rate": 0.8552631578947368,
    "mcq_overall": {
      "em": 0.45394736842105265,
      "contains_gt": 0.40789473684210525,
      "f1": 0.45394736842105265
    },
    "mcq_per_position_accuracy": {
      "A": 0.4473684210526316,
      "B": 0.47368421052631576,
      "C": 0.4868421052631579,
      "D": 0.40789473684210525
    }
  },
  "method_runtime": {
    "num_memories": 299,
    "debug_dir": "/Users/qingyuejiao/Desktop/MemoryBench/output/cartoon_entertainment_companion/simplemem",
    "data_dir": "/Users/qingyuejiao/Desktop/MemoryBench/runs/simplemem/cartoon_entertainment_companion"
  }
}