{
  "task_name": "brand_memory_test_open",
  "model_name": "gemini_2_5_flash_lite",
  "model_path": "gemini-2.5-flash-lite",
  "method_name": "m2a",
  "base_method_name": "m2a",
  "method_modality": "",
  "mode": "open",
  "num_qas": 29,
  "num_qas_run": 29,
  "dialog_json": "/common/home/mg1998/.cache/memeye_hf/MemEye/data/dialog/Brand_Memory_Test_Open.json",
  "image_root": "/common/home/mg1998/.cache/memeye_hf/MemEye/data/image",
  "run_dir": "/common/home/mg1998/MemoryBench/Benchmark_Pipeline/runs/brand_memory_test_open/20260424_143206_gemini_2_5_flash_lite_m2a",
  "git_commit": "658ab1743219fa7a98e5672df9c7253b6b5b5e6d",
  "summary": {
    "open_count": 29,
    "overall": {
      "em": 0.0,
      "contains_gt": 0.06896551724137931,
      "f1": 0.01969877130400317,
      "bleu": 0.0024205635659222853,
      "bleu_1": 0.011366538952745848,
      "bleu_2": 0.007604303031720795,
      "judge": 0.034482758620689655
    },
    "by_x": {
      "X4": {
        "em": 0.0,
        "contains_gt": 0.0,
        "f1": 0.049999999999999996,
        "bleu": 0.005401157445454032,
        "bleu_1": 0.02777777777777777,
        "bleu_2": 0.009038769075777336,
        "judge": 0.0
      },
      "X2": {
        "em": 0.0,
        "contains_gt": 0.16666666666666666,
        "f1": 0.05555555555555556,
        "bleu": 0.0074387268964222165,
        "bleu_1": 0.03333333333333333,
        "bleu_2": 0.024845199749997663,
        "judge": 0.16666666666666666
      },
      "X1": {
        "em": 0.0,
        "contains_gt": 0.047619047619047616,
        "f1": 0.006568144499178982,
        "bleu": 0.0007029365305859481,
        "bleu_1": 0.003527336860670194,
        "bleu_2": 0.0025417167270648756,
        "judge": 0.0
      }
    },
    "by_y": {
      "Y1": {
        "em": 0.0,
        "contains_gt": 0.0,
        "f1": 0.049999999999999996,
        "bleu": 0.005401157445454032,
        "bleu_1": 0.02777777777777777,
        "bleu_2": 0.009038769075777336,
        "judge": 0.0
      },
      "Y2": {
        "em": 0.0,
        "contains_gt": 0.07407407407407407,
        "f1": 0.017454235845040442,
        "bleu": 0.002199778834105119,
        "bleu_1": 0.010150891632373114,
        "bleu_2": 0.007498046287716606,
        "judge": 0.037037037037037035
      }
    },
    "by_cell": {
      "X4_Y1": {
        "em": 0.0,
        "contains_gt": 0.0,
        "f1": 0.09999999999999999,
        "bleu": 0.010802314890908065,
        "bleu_1": 0.05555555555555554,
        "bleu_2": 0.018077538151554672,
        "judge": 0.0
      },
      "X2_Y2": {
        "em": 0.0,
        "contains_gt": 0.16666666666666666,
        "f1": 0.05555555555555556,
        "bleu": 0.0074387268964222165,
        "bleu_1": 0.03333333333333333,
        "bleu_2": 0.024845199749997663,
        "judge": 0.16666666666666666
      },
      "X1_Y2": {
        "em": 0.0,
        "contains_gt": 0.05,
        "f1": 0.006896551724137931,
        "bleu": 0.0007380833571152456,
        "bleu_1": 0.0037037037037037034,
        "bleu_2": 0.0026688025634181195,
        "judge": 0.0
      },
      "X4_Y2": {
        "em": 0.0,
        "contains_gt": 0.0,
        "f1": 0.0,
        "bleu": 0.0,
        "bleu_1": 0.0,
        "bleu_2": 0.0,
        "judge": 0.0
      },
      "X1_Y1": {
        "em": 0.0,
        "contains_gt": 0.0,
        "f1": 0.0,
        "bleu": 0.0,
        "bleu_1": 0.0,
        "bleu_2": 0.0,
        "judge": 0.0
      }
    }
  },
  "judge": {
    "enabled": true,
    "model": "gpt-5.2",
    "scored_open_rows": 29
  }
}
