{
  "task_name": "home_renovation_interior_design",
  "model_name": "gpt_5_1_mini",
  "model_path": "gpt-5.1-mini",
  "method_name": "m2a",
  "base_method_name": "m2a",
  "method_modality": "",
  "mode": "mcq",
  "num_qas": 52,
  "num_qas_run": 52,
  "dialog_json": "/common/home/mg1998/MemoryBench/Benchmark_Pipeline/data/dialog/Home_Renovation_Interior_Design.json",
  "image_root": "/common/home/mg1998/MemoryBench/Benchmark_Pipeline/data/image",
  "run_dir": "/common/home/mg1998/MemoryBench/Benchmark_Pipeline/runs/home_renovation_interior_design/20260425_035517_gpt_5_1_mini_m2a",
  "git_commit": "b6a188308ff7c48ebcc509618341807cfdaa773c",
  "summary": {
    "open_count": 52,
    "overall": {
      "em": 0.30288461538461536,
      "contains_gt": 0.17307692307692307,
      "f1": 0.30288461538461536
    },
    "by_x": {
      "X4": {
        "em": 0.28125,
        "contains_gt": 0.25,
        "f1": 0.28125
      },
      "X3": {
        "em": 0.2847222222222222,
        "contains_gt": 0.16666666666666666,
        "f1": 0.2847222222222222
      },
      "X2": {
        "em": 0.32142857142857145,
        "contains_gt": 0.0,
        "f1": 0.32142857142857145
      },
      "X1": {
        "em": 1.0,
        "contains_gt": 1.0,
        "f1": 1.0
      }
    },
    "by_y": {
      "Y2": {
        "em": 0.3958333333333333,
        "contains_gt": 0.25,
        "f1": 0.3958333333333333
      },
      "Y1": {
        "em": 0.27564102564102566,
        "contains_gt": 0.1282051282051282,
        "f1": 0.27564102564102566
      },
      "Y3": {
        "em": 0.25,
        "contains_gt": 1.0,
        "f1": 0.25
      }
    },
    "by_cell": {
      "X4_Y2": {
        "em": 0.25,
        "contains_gt": 0.0,
        "f1": 0.25
      },
      "X3_Y2": {
        "em": 0.55,
        "contains_gt": 0.6,
        "f1": 0.55
      },
      "X3_Y1": {
        "em": 0.24193548387096775,
        "contains_gt": 0.0967741935483871,
        "f1": 0.24193548387096775
      },
      "X2_Y1": {
        "em": 0.375,
        "contains_gt": 0.0,
        "f1": 0.375
      },
      "X2_Y2": {
        "em": 0.3,
        "contains_gt": 0.0,
        "f1": 0.3
      },
      "X4_Y1": {
        "em": 0.3,
        "contains_gt": 0.2,
        "f1": 0.3
      },
      "X4_Y3": {
        "em": 0.25,
        "contains_gt": 1.0,
        "f1": 0.25
      },
      "X1_Y1": {
        "em": 1.0,
        "contains_gt": 1.0,
        "f1": 1.0
      }
    },
    "mcq_count": 52,
    "mcq_valid_rate": 0.9038461538461539,
    "mcq_overall": {
      "em": 0.30288461538461536,
      "contains_gt": 0.17307692307692307,
      "f1": 0.30288461538461536
    },
    "mcq_per_position_accuracy": {
      "A": 0.19230769230769232,
      "B": 0.4230769230769231,
      "C": 0.4230769230769231,
      "D": 0.17307692307692307
    }
  }
}