{
  "task_name": "multi_scene_visual_case_archive_assistant_open",
  "model_name": "gpt_5_1_mini",
  "model_path": "gpt-5.1-mini",
  "method_name": "m2a",
  "base_method_name": "m2a",
  "method_modality": "",
  "mode": "open",
  "num_qas": 50,
  "num_qas_run": 50,
  "dialog_json": "/common/home/mg1998/.cache/memeye_hf/MemEye/data/dialog/Multi-Scene_Visual_Case_Archive_Assistant_Open.json",
  "image_root": "/common/home/mg1998/.cache/memeye_hf/MemEye/data/image",
  "run_dir": "/common/home/mg1998/MemoryBench/Benchmark_Pipeline/runs/multi_scene_visual_case_archive_assistant_open/20260425_073110_gpt_5_1_mini_m2a",
  "git_commit": "b6a188308ff7c48ebcc509618341807cfdaa773c",
  "summary": {
    "open_count": 50,
    "overall": {
      "em": 0.0,
      "contains_gt": 0.12,
      "f1": 0.13931322414396874,
      "bleu": 0.032450425905101374,
      "bleu_1": 0.08595524416633989,
      "bleu_2": 0.05717981427125582,
      "judge": 0.09
    },
    "by_x": {
      "X4": {
        "em": 0.0,
        "contains_gt": 0.0,
        "f1": 0.1700984200984201,
        "bleu": 0.06518341128928559,
        "bleu_1": 0.10597439544807966,
        "bleu_2": 0.08995556774706467,
        "judge": 0.25
      },
      "X2": {
        "em": 0.0,
        "contains_gt": 0.25,
        "f1": 0.16361659465107742,
        "bleu": 0.064079842547493,
        "bleu_1": 0.11086643241815655,
        "bleu_2": 0.074427135430536,
        "judge": 0.25
      },
      "X3": {
        "em": 0.0,
        "contains_gt": 0.10526315789473684,
        "f1": 0.13095617814726676,
        "bleu": 0.022346023939946898,
        "bleu_1": 0.0786035043994585,
        "bleu_2": 0.05009871997711169,
        "judge": 0.039473684210526314
      }
    },
    "by_y": {
      "Y2": {
        "em": 0.0,
        "contains_gt": 0.125,
        "f1": 0.1515930265930266,
        "bleu": 0.03729714821491317,
        "bleu_1": 0.09194823668507879,
        "bleu_2": 0.060032154133835565,
        "judge": 0.25
      },
      "Y3": {
        "em": 0.0,
        "contains_gt": 0.09090909090909091,
        "f1": 0.11988433015137707,
        "bleu": 0.04700381353312558,
        "bleu_1": 0.08035078687010785,
        "bleu_2": 0.05275060840702631,
        "judge": 0.13636363636363635
      },
      "Y1": {
        "em": 0.0,
        "contains_gt": 0.12903225806451613,
        "f1": 0.14303836654158308,
        "bleu": 0.026035553570044577,
        "bleu_1": 0.08639734384726379,
        "bleu_2": 0.05801538025854248,
        "judge": 0.03225806451612903
      }
    },
    "by_cell": {
      "X4_Y2": {
        "em": 0.0,
        "contains_gt": 0.0,
        "f1": 0.22679789346456014,
        "bleu": 0.0869112150523808,
        "bleu_1": 0.1412991939307729,
        "bleu_2": 0.11994075699608622,
        "judge": 0.3333333333333333
      },
      "X2_Y2": {
        "em": 0.0,
        "contains_gt": 0.3333333333333333,
        "f1": 0.13704613704613705,
        "bleu": 0.008146090678942617,
        "bleu_1": 0.08167388167388168,
        "bleu_2": 0.0241628773112958,
        "judge": 0.3333333333333333
      },
      "X3_Y3": {
        "em": 0.0,
        "contains_gt": 0.0,
        "f1": 0.08418665711898794,
        "bleu": 0.005768296104253039,
        "bleu_1": 0.0483897682495158,
        "bleu_2": 0.011465648193377774,
        "judge": 0.1
      },
      "X2_Y3": {
        "em": 0.0,
        "contains_gt": 0.2,
        "f1": 0.17955886921404163,
        "bleu": 0.09764009366862322,
        "bleu_1": 0.12838196286472148,
        "bleu_2": 0.10458569030208012,
        "judge": 0.2
      },
      "X3_Y1": {
        "em": 0.0,
        "contains_gt": 0.12903225806451613,
        "f1": 0.14303836654158308,
        "bleu": 0.026035553570044577,
        "bleu_1": 0.08639734384726379,
        "bleu_2": 0.05801538025854248,
        "judge": 0.03225806451612903
      },
      "X3_Y2": {
        "em": 0.0,
        "contains_gt": 0.0,
        "f1": 0.0606060606060606,
        "bleu": 0.006602634262667565,
        "bleu_1": 0.03333333333333333,
        "bleu_2": 0.023973165074269207,
        "judge": 0.0
      },
      "X4_Y3": {
        "em": 0.0,
        "contains_gt": 0.0,
        "f1": 0.0,
        "bleu": 0.0,
        "bleu_1": 0.0,
        "bleu_2": 0.0,
        "judge": 0.0
      }
    }
  },
  "judge": {
    "enabled": true,
    "model": "gpt-5.2",
    "scored_open_rows": 50
  }
}