{
  "task_name": "home_renovation_interior_design",
  "model_name": "gpt_4_1_nano",
  "model_path": "gpt-4.1-nano",
  "method_name": "m2a_full",
  "mode": "open",
  "num_qas": 25,
  "num_qas_run": 25,
  "dialog_json": "/common/home/mg1998/.cache/memeye_hf/MemEye/data/dialog/Home_Renovation_Interior_Design.json",
  "image_root": "/common/home/mg1998/.cache/memeye_hf/MemEye/data/image",
  "run_dir": "/common/home/mg1998/MemoryBench/Benchmark_Pipeline/runs/home_renovation_interior_design/20260323_181016_gpt_4_1_nano_m2a_full",
  "git_commit": "cf6304d9afa680c67042464b4345b0b888cf7896",
  "summary": {
    "open_count": 25,
    "open_exact_rate": 0.08,
    "open_contains_rate": 0.16,
    "open_f1_avg": 0.4377795909561026,
    "open_bleu_1_avg": 0.2884013319356995,
    "open_bleu_2_avg": 0.20007907782590476,
    "point_metrics": {
      "X3|Y2": {
        "open_exact_rate": 0.0,
        "open_contains_rate": 0.0,
        "open_f1_avg": 0.4,
        "open_bleu_1_avg": 0.30668147154310776,
        "open_bleu_2_avg": 0.27740382852614875
      },
      "X3+X4|Y2": {
        "open_exact_rate": 0.0,
        "open_contains_rate": 0.0,
        "open_f1_avg": 0.33333333333333337,
        "open_bleu_1_avg": 0.01831563888873418,
        "open_bleu_2_avg": 0.01831563888873418
      },
      "X2|Y1": {
        "open_exact_rate": 0.0,
        "open_contains_rate": 0.0,
        "open_f1_avg": 0.3,
        "open_bleu_1_avg": 0.06170745053482555,
        "open_bleu_2_avg": 0.030861280883011336
      },
      "X3|Y1": {
        "open_exact_rate": 0.0,
        "open_contains_rate": 0.125,
        "open_f1_avg": 0.5002082156973461,
        "open_bleu_1_avg": 0.3098917748805127,
        "open_bleu_2_avg": 0.23206017635647036
      },
      "X0|Y3": {
        "open_exact_rate": 1.0,
        "open_contains_rate": 1.0,
        "open_f1_avg": 1.0,
        "open_bleu_1_avg": 1.0,
        "open_bleu_2_avg": 0.316227766016838
      },
      "X1|Y3": {
        "open_exact_rate": 0.0,
        "open_contains_rate": 0.0,
        "open_f1_avg": 0.34782608695652173,
        "open_bleu_1_avg": 0.2435897435897436,
        "open_bleu_2_avg": 0.07954248127262771
      },
      "X4|Y2": {
        "open_exact_rate": 0.0,
        "open_contains_rate": 0.0,
        "open_f1_avg": 0.3050847457627119,
        "open_bleu_1_avg": 0.17403346055452557,
        "open_bleu_2_avg": 0.10308852505200448
      },
      "X3+X4|Y1": {
        "open_exact_rate": 0.0,
        "open_contains_rate": 0.0,
        "open_f1_avg": 0.7368421052631579,
        "open_bleu_1_avg": 0.48954165955695317,
        "open_bleu_2_avg": 0.4468883496297629
      },
      "X0+X4|Y3": {
        "open_exact_rate": 0.0,
        "open_contains_rate": 0.0,
        "open_f1_avg": 0.5084745762711865,
        "open_bleu_1_avg": 0.2707187164181508,
        "open_bleu_2_avg": 0.18183106687470382
      },
      "X4|Y3": {
        "open_exact_rate": 0.0,
        "open_contains_rate": 1.0,
        "open_f1_avg": 0.07407407407407407,
        "open_bleu_1_avg": 0.03846153846153846,
        "open_bleu_2_avg": 0.012403473458920851
      },
      "X4|Y1": {
        "open_exact_rate": 0.3333333333333333,
        "open_contains_rate": 0.3333333333333333,
        "open_f1_avg": 0.5384615384615384,
        "open_bleu_1_avg": 0.5238095238095238,
        "open_bleu_2_avg": 0.4362022333080613
      },
      "X0|Y2": {
        "open_exact_rate": 0.0,
        "open_contains_rate": 0.0,
        "open_f1_avg": 0.5789473684210527,
        "open_bleu_1_avg": 0.34967261396925226,
        "open_bleu_2_avg": 0.28107976837473814
      },
      "X1|Y1": {
        "open_exact_rate": 0.0,
        "open_contains_rate": 0.0,
        "open_f1_avg": 0.07142857142857142,
        "open_bleu_1_avg": 0.041666666666666664,
        "open_bleu_2_avg": 0.013762047064079514
      }
    },
    "x_metrics": {
      "X3": {
        "open_exact_rate": 0.0,
        "open_contains_rate": 0.09090909090909091,
        "open_f1_avg": 0.4974401058341147,
        "open_bleu_1_avg": 0.299424815366627,
        "open_bleu_2_avg": 0.23628083889967352
      },
      "X4": {
        "open_exact_rate": 0.125,
        "open_contains_rate": 0.25,
        "open_f1_avg": 0.44664918126113484,
        "open_bleu_1_avg": 0.3203124481635592,
        "open_bleu_2_avg": 0.25889171922853876
      },
      "X2": {
        "open_exact_rate": 0.0,
        "open_contains_rate": 0.0,
        "open_f1_avg": 0.3,
        "open_bleu_1_avg": 0.06170745053482555,
        "open_bleu_2_avg": 0.030861280883011336
      },
      "X0": {
        "open_exact_rate": 0.3333333333333333,
        "open_contains_rate": 0.3333333333333333,
        "open_f1_avg": 0.695807314897413,
        "open_bleu_1_avg": 0.5401304434624677,
        "open_bleu_2_avg": 0.25971286708876
      },
      "X1": {
        "open_exact_rate": 0.0,
        "open_contains_rate": 0.0,
        "open_f1_avg": 0.16356107660455485,
        "open_bleu_1_avg": 0.10897435897435898,
        "open_bleu_2_avg": 0.03568885846692891
      }
    },
    "y_metrics": {
      "Y2": {
        "open_exact_rate": 0.0,
        "open_contains_rate": 0.0,
        "open_f1_avg": 0.4043413618792745,
        "open_bleu_1_avg": 0.21217579623890492,
        "open_bleu_2_avg": 0.1699719402104064
      },
      "Y1": {
        "open_exact_rate": 0.058823529411764705,
        "open_contains_rate": 0.11764705882352941,
        "open_f1_avg": 0.4351029170049227,
        "open_bleu_1_avg": 0.2828564773510256,
        "open_bleu_2_avg": 0.21953437630487663
      },
      "Y3": {
        "open_exact_rate": 0.25,
        "open_contains_rate": 0.5,
        "open_f1_avg": 0.4825936843254456,
        "open_bleu_1_avg": 0.38819249961735824,
        "open_bleu_2_avg": 0.1475011969057726
      }
    }
  }
}