{
  "task_name": "home_renovation_interior_design",
  "model_name": "gemini_2_5_flash_lite",
  "model_path": "gemini-2.5-flash-lite",
  "method_name": "full_context_multimodal",
  "base_method_name": "full_context_multimodal",
  "method_modality": "",
  "mode": "mcq",
  "num_qas": 65,
  "num_qas_run": 65,
  "dialog_json": "/common/home/mg1998/MemoryBench/Benchmark_Pipeline/data/dialog/Home_Renovation_Interior_Design.json",
  "image_root": "/common/home/mg1998/MemoryBench/Benchmark_Pipeline/data/image",
  "run_dir": "/common/home/mg1998/MemoryBench/Benchmark_Pipeline/runs/home_renovation_interior_design/20260422_054124_gemini_2_5_flash_lite_full_context_multimodal",
  "git_commit": "265dcfb5db60d50bff9abf401df5dcdd59de51fa",
  "summary": {
    "open_count": 65,
    "overall": {
      "em": 0.7538461538461538,
      "contains_gt": 0.7538461538461538,
      "f1": 0.7538461538461538
    },
    "by_x": {
      "X4": {
        "em": 0.625,
        "contains_gt": 0.625,
        "f1": 0.625
      },
      "X3": {
        "em": 0.813953488372093,
        "contains_gt": 0.813953488372093,
        "f1": 0.813953488372093
      },
      "X2": {
        "em": 0.6153846153846154,
        "contains_gt": 0.6153846153846154,
        "f1": 0.6153846153846154
      },
      "X1": {
        "em": 1.0,
        "contains_gt": 1.0,
        "f1": 1.0
      }
    },
    "by_y": {
      "Y2": {
        "em": 0.5625,
        "contains_gt": 0.5625,
        "f1": 0.5625
      },
      "Y1": {
        "em": 0.8444444444444444,
        "contains_gt": 0.8444444444444444,
        "f1": 0.8444444444444444
      },
      "Y3": {
        "em": 0.5,
        "contains_gt": 0.5,
        "f1": 0.5
      }
    },
    "by_cell": {
      "X4_Y2": {
        "em": 0.0,
        "contains_gt": 0.0,
        "f1": 0.0
      },
      "X3_Y2": {
        "em": 0.8333333333333334,
        "contains_gt": 0.8333333333333334,
        "f1": 0.8333333333333334
      },
      "X3_Y1": {
        "em": 0.8108108108108109,
        "contains_gt": 0.8108108108108109,
        "f1": 0.8108108108108109
      },
      "X2_Y3": {
        "em": 0.6666666666666666,
        "contains_gt": 0.6666666666666666,
        "f1": 0.6666666666666666
      },
      "X2_Y1": {
        "em": 1.0,
        "contains_gt": 1.0,
        "f1": 1.0
      },
      "X2_Y2": {
        "em": 0.5,
        "contains_gt": 0.5,
        "f1": 0.5
      },
      "X4_Y1": {
        "em": 1.0,
        "contains_gt": 1.0,
        "f1": 1.0
      },
      "X4_Y3": {
        "em": 0.0,
        "contains_gt": 0.0,
        "f1": 0.0
      },
      "X1_Y1": {
        "em": 1.0,
        "contains_gt": 1.0,
        "f1": 1.0
      }
    },
    "mcq_count": 65,
    "mcq_valid_rate": 1.0,
    "mcq_overall": {
      "em": 0.7538461538461538,
      "contains_gt": 0.7538461538461538,
      "f1": 0.7538461538461538
    }
  },
  "method_runtime": {
    "method_modality": "multimodal",
    "history_source": "full_context",
    "captions_loaded": false,
    "images_loaded": true,
    "history_turns_after_truncation": 240,
    "history_turns_before_truncation": 240
  }
}