{
  "task_name": "brand_memory_test",
  "model_name": "gemini_2_5_flash_lite",
  "model_path": "gemini-2.5-flash-lite",
  "method_name": "semantic_rag_multimodal",
  "base_method_name": "semantic_rag_multimodal",
  "method_modality": "multimodal",
  "mode": "mcq",
  "num_qas": 33,
  "num_qas_run": 33,
  "dialog_json": "/common/home/mg1998/MemoryBench/Benchmark_Pipeline/data/dialog/Brand_Memory_Test.json",
  "image_root": "/common/home/mg1998/MemoryBench/Benchmark_Pipeline/data/image",
  "run_dir": "/common/home/mg1998/MemoryBench/Benchmark_Pipeline/runs/brand_memory_test/20260422_021612_gemini_2_5_flash_lite_semantic_rag_multimodal",
  "git_commit": "662f5209977d226875c4c7398d7f80e2c655606e",
  "summary": {
    "open_count": 33,
    "overall": {
      "em": 0.42424242424242425,
      "contains_gt": 0.42424242424242425,
      "f1": 0.42424242424242425
    },
    "by_x": {
      "X2": {
        "em": 0.5555555555555556,
        "contains_gt": 0.5555555555555556,
        "f1": 0.5555555555555556
      },
      "X4": {
        "em": 0.5,
        "contains_gt": 0.5,
        "f1": 0.5
      },
      "X1": {
        "em": 0.36363636363636365,
        "contains_gt": 0.36363636363636365,
        "f1": 0.36363636363636365
      }
    },
    "by_y": {
      "Y1": {
        "em": 1.0,
        "contains_gt": 1.0,
        "f1": 1.0
      },
      "Y2": {
        "em": 0.36666666666666664,
        "contains_gt": 0.36666666666666664,
        "f1": 0.36666666666666664
      }
    },
    "by_cell": {
      "X2_Y1": {
        "em": 1.0,
        "contains_gt": 1.0,
        "f1": 1.0
      },
      "X4_Y1": {
        "em": 1.0,
        "contains_gt": 1.0,
        "f1": 1.0
      },
      "X2_Y2": {
        "em": 0.5,
        "contains_gt": 0.5,
        "f1": 0.5
      },
      "X1_Y2": {
        "em": 0.3333333333333333,
        "contains_gt": 0.3333333333333333,
        "f1": 0.3333333333333333
      },
      "X4_Y2": {
        "em": 0.0,
        "contains_gt": 0.0,
        "f1": 0.0
      },
      "X1_Y1": {
        "em": 1.0,
        "contains_gt": 1.0,
        "f1": 1.0
      }
    },
    "mcq_count": 33,
    "mcq_valid_rate": 1.0,
    "mcq_overall": {
      "em": 0.42424242424242425,
      "contains_gt": 0.42424242424242425,
      "f1": 0.42424242424242425
    }
  },
  "method_runtime": {
    "retrieval_backend": "dense_multimodal",
    "retrieval_corpus": "round_text",
    "method_modality": "multimodal",
    "top_k": 10,
    "neighbor_window": 0,
    "seed_round_ids": [
      "D1:1",
      "S5:1",
      "P2:1",
      "P1:2",
      "CC1:1",
      "CC3:1",
      "CC2:1",
      "D4:1",
      "P1:1",
      "D2:1"
    ],
    "selected_round_ids": [
      "D1:1",
      "S5:1",
      "P2:1",
      "P1:2",
      "CC1:1",
      "CC3:1",
      "CC2:1",
      "D4:1",
      "P1:1",
      "D2:1"
    ],
    "top_candidates": [
      {
        "round_id": "D1:1",
        "score": 0.3459404808685902,
        "text_dense_score": 0.561110258761352,
        "image_dense_score": 0.13077070297582832,
        "indexed_image_count": 1,
        "best_image_path": "/common/home/mg1998/MemoryBench/Benchmark_Pipeline/data/image/Brand_Memory_Test/Dunkin_1.png"
      },
      {
        "round_id": "S5:1",
        "score": 0.30658030417724585,
        "text_dense_score": 0.5392866881447309,
        "image_dense_score": 0.07387392020976079,
        "indexed_image_count": 1,
        "best_image_path": "/common/home/mg1998/MemoryBench/Benchmark_Pipeline/data/image/Brand_Memory_Test/Starbucks_5.png"
      },
      {
        "round_id": "P2:1",
        "score": 0.3043937167623479,
        "text_dense_score": 0.4713718743614751,
        "image_dense_score": 0.1374155591632207,
        "indexed_image_count": 1,
        "best_image_path": "/common/home/mg1998/MemoryBench/Benchmark_Pipeline/data/image/Brand_Memory_Test/Pepsi_2.png"
      },
      {
        "round_id": "P1:2",
        "score": 0.29755167885704475,
        "text_dense_score": 0.5951033577140895,
        "image_dense_score": 0.0,
        "indexed_image_count": 0,
        "best_image_path": ""
      },
      {
        "round_id": "CC1:1",
        "score": 0.29595636949432136,
        "text_dense_score": 0.46976903261706704,
        "image_dense_score": 0.12214370637157562,
        "indexed_image_count": 1,
        "best_image_path": "/common/home/mg1998/MemoryBench/Benchmark_Pipeline/data/image/Brand_Memory_Test/CocaCola_1.png"
      }
    ],
    "clue_hit_count": 1,
    "corpus_entry_count": 72,
    "text_embedding_model": "all-MiniLM-L6-v2",
    "multimodal_embedding_model": "siglip2-base-patch16-384",
    "text_dense_weight": 0.5,
    "image_dense_weight": 0.5,
    "caption_text_included": false,
    "image_embeddings_built": true,
    "multi_image_indexing_enabled": true,
    "indexed_image_count": 30,
    "history_source": "retrieval",
    "captions_loaded": false,
    "images_loaded": true,
    "history_turns_after_truncation": 20
  }
}