{
  "task_name": "personal_health_dashboard_assistant",
  "model_name": "gemini_2_5_flash_lite",
  "model_path": "gemini-2.5-flash-lite",
  "method_name": "gen_agents__text_only",
  "base_method_name": "gen_agents",
  "method_modality": "text_only",
  "mode": "mcq",
  "num_qas": 63,
  "num_qas_run": 63,
  "dialog_json": "/common/home/mg1998/MemoryBench/Benchmark_Pipeline/data/dialog/Personal_Health_Dashboard_Assistant.json",
  "image_root": "/common/home/mg1998/MemoryBench/Benchmark_Pipeline/data/image",
  "run_dir": "/common/home/mg1998/MemoryBench/Benchmark_Pipeline/runs/personal_health_dashboard_assistant/20260422_160532_gemini_2_5_flash_lite_gen_agents__text_only",
  "git_commit": "872245cd4323d8bc38dbc5c90356c08acbff98e4",
  "summary": {
    "open_count": 63,
    "overall": {
      "em": 0.12698412698412698,
      "contains_gt": 0.12698412698412698,
      "f1": 0.12698412698412698
    },
    "by_x": {
      "X4": {
        "em": 0.10714285714285714,
        "contains_gt": 0.10714285714285714,
        "f1": 0.10714285714285714
      },
      "X3": {
        "em": 0.0,
        "contains_gt": 0.0,
        "f1": 0.0
      },
      "X1": {
        "em": 0.6666666666666666,
        "contains_gt": 0.6666666666666666,
        "f1": 0.6666666666666666
      }
    },
    "by_y": {
      "Y2": {
        "em": 0.0784313725490196,
        "contains_gt": 0.0784313725490196,
        "f1": 0.0784313725490196
      },
      "Y3": {
        "em": 0.2727272727272727,
        "contains_gt": 0.2727272727272727,
        "f1": 0.2727272727272727
      },
      "Y1": {
        "em": 1.0,
        "contains_gt": 1.0,
        "f1": 1.0
      }
    },
    "by_cell": {
      "X4_Y2": {
        "em": 0.0851063829787234,
        "contains_gt": 0.0851063829787234,
        "f1": 0.0851063829787234
      },
      "X4_Y3": {
        "em": 0.2222222222222222,
        "contains_gt": 0.2222222222222222,
        "f1": 0.2222222222222222
      },
      "X3_Y2": {
        "em": 0.0,
        "contains_gt": 0.0,
        "f1": 0.0
      },
      "X1_Y3": {
        "em": 0.5,
        "contains_gt": 0.5,
        "f1": 0.5
      },
      "X1_Y1": {
        "em": 1.0,
        "contains_gt": 1.0,
        "f1": 1.0
      }
    },
    "mcq_count": 63,
    "mcq_valid_rate": 1.0,
    "mcq_overall": {
      "em": 0.12698412698412698,
      "contains_gt": 0.12698412698412698,
      "f1": 0.12698412698412698
    }
  },
  "method_runtime": {
    "caption_validation_passed": true,
    "caption_validation_round_count": 62,
    "method_modality": "text_only",
    "history_source": "retrieval",
    "captions_loaded": true,
    "images_loaded": false,
    "num_memories": 97,
    "debug_dir": "/common/home/mg1998/MemoryBench/Benchmark_Pipeline/output/personal_health_dashboard_assistant/gen_agents",
    "history_turns_after_truncation": 1,
    "retrieved_round_ids": [
      "HEALTH_S7:R9",
      "HEALTH_S11:R4",
      "HEALTH_S12:R5",
      "HEALTH_S7:R1",
      "HEALTH_S7:R3",
      "HEALTH_S9:R4",
      "HEALTH_S9:R6"
    ]
  }
}