{
  "task_name": "personal_health_dashboard_assistant",
  "model_name": "gemini_2_5_flash_lite",
  "model_path": "gemini-2.5-flash-lite",
  "method_name": "clue_only_context__multimodal",
  "base_method_name": "clue_only_context",
  "method_modality": "multimodal",
  "mode": "mcq",
  "num_qas": 63,
  "num_qas_run": 63,
  "dialog_json": "/common/home/mg1998/MemoryBench/Benchmark_Pipeline/data/dialog/Personal_Health_Dashboard_Assistant.json",
  "image_root": "/common/home/mg1998/MemoryBench/Benchmark_Pipeline/data/image",
  "run_dir": "/common/home/mg1998/MemoryBench/Benchmark_Pipeline/runs/personal_health_dashboard_assistant/20260422_023643_gemini_2_5_flash_lite_clue_only_context__multimodal",
  "git_commit": "662f5209977d226875c4c7398d7f80e2c655606e",
  "summary": {
    "open_count": 63,
    "overall": {
      "em": 0.47619047619047616,
      "contains_gt": 0.47619047619047616,
      "f1": 0.47619047619047616
    },
    "by_x": {
      "X4": {
        "em": 0.4642857142857143,
        "contains_gt": 0.4642857142857143,
        "f1": 0.4642857142857143
      },
      "X3": {
        "em": 0.25,
        "contains_gt": 0.25,
        "f1": 0.25
      },
      "X1": {
        "em": 1.0,
        "contains_gt": 1.0,
        "f1": 1.0
      }
    },
    "by_y": {
      "Y2": {
        "em": 0.37254901960784315,
        "contains_gt": 0.37254901960784315,
        "f1": 0.37254901960784315
      },
      "Y3": {
        "em": 0.9090909090909091,
        "contains_gt": 0.9090909090909091,
        "f1": 0.9090909090909091
      },
      "Y1": {
        "em": 1.0,
        "contains_gt": 1.0,
        "f1": 1.0
      }
    },
    "by_cell": {
      "X4_Y2": {
        "em": 0.3829787234042553,
        "contains_gt": 0.3829787234042553,
        "f1": 0.3829787234042553
      },
      "X4_Y3": {
        "em": 0.8888888888888888,
        "contains_gt": 0.8888888888888888,
        "f1": 0.8888888888888888
      },
      "X3_Y2": {
        "em": 0.25,
        "contains_gt": 0.25,
        "f1": 0.25
      },
      "X1_Y3": {
        "em": 1.0,
        "contains_gt": 1.0,
        "f1": 1.0
      },
      "X1_Y1": {
        "em": 1.0,
        "contains_gt": 1.0,
        "f1": 1.0
      }
    },
    "mcq_count": 63,
    "mcq_valid_rate": 1.0,
    "mcq_overall": {
      "em": 0.47619047619047616,
      "contains_gt": 0.47619047619047616,
      "f1": 0.47619047619047616
    }
  },
  "method_runtime": {
    "method_modality": "multimodal",
    "history_source": "clue_only",
    "captions_loaded": false,
    "images_loaded": true,
    "history_turns_after_truncation": 6
  }
}