{
  "task_name": "multi_scene_visual_case_archive_assistant",
  "model_name": "gemini_2_5_flash_lite",
  "model_path": "gemini-2.5-flash-lite",
  "method_name": "clue_only_context__multimodal",
  "base_method_name": "clue_only_context",
  "method_modality": "multimodal",
  "mode": "mcq",
  "num_qas": 59,
  "num_qas_run": 59,
  "dialog_json": "/common/home/mg1998/MemoryBench/Benchmark_Pipeline/data/dialog/Multi-Scene_Visual_Case_Archive_Assistant.json",
  "image_root": "/common/home/mg1998/MemoryBench/Benchmark_Pipeline/data/image",
  "run_dir": "/common/home/mg1998/MemoryBench/Benchmark_Pipeline/runs/multi_scene_visual_case_archive_assistant/20260422_023229_gemini_2_5_flash_lite_clue_only_context__multimodal",
  "git_commit": "662f5209977d226875c4c7398d7f80e2c655606e",
  "summary": {
    "open_count": 59,
    "overall": {
      "em": 0.288135593220339,
      "contains_gt": 0.288135593220339,
      "f1": 0.288135593220339
    },
    "by_x": {
      "X4": {
        "em": 0.8571428571428571,
        "contains_gt": 0.8571428571428571,
        "f1": 0.8571428571428571
      },
      "X2": {
        "em": 0.8888888888888888,
        "contains_gt": 0.8888888888888888,
        "f1": 0.8888888888888888
      },
      "X3": {
        "em": 0.06976744186046512,
        "contains_gt": 0.06976744186046512,
        "f1": 0.06976744186046512
      }
    },
    "by_y": {
      "Y2": {
        "em": 0.6,
        "contains_gt": 0.6,
        "f1": 0.6
      },
      "Y3": {
        "em": 0.8461538461538461,
        "contains_gt": 0.8461538461538461,
        "f1": 0.8461538461538461
      },
      "Y1": {
        "em": 0.0,
        "contains_gt": 0.0,
        "f1": 0.0
      }
    },
    "by_cell": {
      "X4_Y2": {
        "em": 0.8,
        "contains_gt": 0.8,
        "f1": 0.8
      },
      "X2_Y2": {
        "em": 0.6666666666666666,
        "contains_gt": 0.6666666666666666,
        "f1": 0.6666666666666666
      },
      "X3_Y3": {
        "em": 0.6,
        "contains_gt": 0.6,
        "f1": 0.6
      },
      "X2_Y3": {
        "em": 1.0,
        "contains_gt": 1.0,
        "f1": 1.0
      },
      "X3_Y1": {
        "em": 0.0,
        "contains_gt": 0.0,
        "f1": 0.0
      },
      "X3_Y2": {
        "em": 0.0,
        "contains_gt": 0.0,
        "f1": 0.0
      },
      "X4_Y3": {
        "em": 1.0,
        "contains_gt": 1.0,
        "f1": 1.0
      }
    },
    "mcq_count": 59,
    "mcq_valid_rate": 1.0,
    "mcq_overall": {
      "em": 0.288135593220339,
      "contains_gt": 0.288135593220339,
      "f1": 0.288135593220339
    }
  },
  "method_runtime": {
    "method_modality": "multimodal",
    "history_source": "clue_only",
    "captions_loaded": false,
    "images_loaded": true,
    "history_turns_after_truncation": 6
  }
}