{
  "task_name": "outdoor_navigation_route_memory_assistant",
  "model_name": "gemini_2_5_flash_lite",
  "model_path": "gemini-2.5-flash-lite",
  "method_name": "target_session_context__multimodal",
  "base_method_name": "target_session_context",
  "method_modality": "multimodal",
  "mode": "mcq",
  "num_qas": 40,
  "num_qas_run": 40,
  "dialog_json": "/common/home/mg1998/MemoryBench/Benchmark_Pipeline/data/dialog/Outdoor_Navigation_Route_Memory_Assistant.json",
  "image_root": "/common/home/mg1998/MemoryBench/Benchmark_Pipeline/data/image",
  "run_dir": "/common/home/mg1998/MemoryBench/Benchmark_Pipeline/runs/outdoor_navigation_route_memory_assistant/20260422_025551_gemini_2_5_flash_lite_target_session_context__multimodal",
  "git_commit": "dc79f95979a1a2f0bdf89f7b6e6a98e8cab76606",
  "summary": {
    "open_count": 40,
    "overall": {
      "em": 0.55,
      "contains_gt": 0.55,
      "f1": 0.55
    },
    "by_x": {
      "X3": {
        "em": 0.5925925925925926,
        "contains_gt": 0.5925925925925926,
        "f1": 0.5925925925925926
      },
      "X1": {
        "em": 0.3333333333333333,
        "contains_gt": 0.3333333333333333,
        "f1": 0.3333333333333333
      },
      "X4": {
        "em": 0.4,
        "contains_gt": 0.4,
        "f1": 0.4
      },
      "X2": {
        "em": 0.6,
        "contains_gt": 0.6,
        "f1": 0.6
      }
    },
    "by_y": {
      "Y2": {
        "em": 0.6153846153846154,
        "contains_gt": 0.6153846153846154,
        "f1": 0.6153846153846154
      },
      "Y1": {
        "em": 1.0,
        "contains_gt": 1.0,
        "f1": 1.0
      },
      "Y3": {
        "em": 0.38461538461538464,
        "contains_gt": 0.38461538461538464,
        "f1": 0.38461538461538464
      }
    },
    "by_cell": {
      "X3_Y2": {
        "em": 0.6363636363636364,
        "contains_gt": 0.6363636363636364,
        "f1": 0.6363636363636364
      },
      "X1_Y1": {
        "em": 1.0,
        "contains_gt": 1.0,
        "f1": 1.0
      },
      "X4_Y2": {
        "em": 0.0,
        "contains_gt": 0.0,
        "f1": 0.0
      },
      "X2_Y2": {
        "em": 0.6666666666666666,
        "contains_gt": 0.6666666666666666,
        "f1": 0.6666666666666666
      },
      "X3_Y3": {
        "em": 0.4,
        "contains_gt": 0.4,
        "f1": 0.4
      },
      "X4_Y3": {
        "em": 0.5,
        "contains_gt": 0.5,
        "f1": 0.5
      },
      "X2_Y3": {
        "em": 0.5,
        "contains_gt": 0.5,
        "f1": 0.5
      },
      "X1_Y3": {
        "em": 0.0,
        "contains_gt": 0.0,
        "f1": 0.0
      }
    },
    "mcq_count": 40,
    "mcq_valid_rate": 1.0,
    "mcq_overall": {
      "em": 0.55,
      "contains_gt": 0.55,
      "f1": 0.55
    }
  },
  "method_runtime": {
    "method_modality": "multimodal",
    "history_source": "target_session_context",
    "captions_loaded": false,
    "images_loaded": true,
    "history_turns_after_truncation": 72
  }
}