{
  "task_name": "home_renovation_interior_design",
  "model_name": "gemini_2_5_flash_lite",
  "model_path": "gemini-2.5-flash-lite",
  "method_name": "full_context_text_only",
  "base_method_name": "full_context_text_only",
  "method_modality": "",
  "mode": "mcq",
  "num_qas": 65,
  "num_qas_run": 65,
  "dialog_json": "/common/home/mg1998/.cache/memeye_hf/MemEye/data/dialog/Home_Renovation_Interior_Design.json",
  "image_root": "/common/home/mg1998/.cache/memeye_hf/MemEye/data/image",
  "run_dir": "/common/home/mg1998/MemoryBench/Benchmark_Pipeline/runs/home_renovation_interior_design/20260416_232253_gemini_2_5_flash_lite_full_context_text_only",
  "git_commit": "483ff1401e5ce04eb6a71f775bbe4e9835bb495c",
  "summary": {
    "open_count": 65,
    "overall": {
      "em": 0.4307692307692308,
      "contains_gt": 0.4307692307692308,
      "f1": 0.4307692307692308
    },
    "by_x": {
      "X4": {
        "em": 0.125,
        "contains_gt": 0.125,
        "f1": 0.125
      },
      "X3": {
        "em": 0.46511627906976744,
        "contains_gt": 0.46511627906976744,
        "f1": 0.46511627906976744
      },
      "X2": {
        "em": 0.46153846153846156,
        "contains_gt": 0.46153846153846156,
        "f1": 0.46153846153846156
      },
      "X1": {
        "em": 1.0,
        "contains_gt": 1.0,
        "f1": 1.0
      }
    },
    "by_y": {
      "Y2": {
        "em": 0.3125,
        "contains_gt": 0.3125,
        "f1": 0.3125
      },
      "Y1": {
        "em": 0.4444444444444444,
        "contains_gt": 0.4444444444444444,
        "f1": 0.4444444444444444
      },
      "Y3": {
        "em": 0.75,
        "contains_gt": 0.75,
        "f1": 0.75
      }
    },
    "by_cell": {
      "X4_Y2": {
        "em": 0.0,
        "contains_gt": 0.0,
        "f1": 0.0
      },
      "X3_Y2": {
        "em": 0.5,
        "contains_gt": 0.5,
        "f1": 0.5
      },
      "X3_Y1": {
        "em": 0.4594594594594595,
        "contains_gt": 0.4594594594594595,
        "f1": 0.4594594594594595
      },
      "X2_Y3": {
        "em": 1.0,
        "contains_gt": 1.0,
        "f1": 1.0
      },
      "X2_Y1": {
        "em": 0.5,
        "contains_gt": 0.5,
        "f1": 0.5
      },
      "X2_Y2": {
        "em": 0.25,
        "contains_gt": 0.25,
        "f1": 0.25
      },
      "X4_Y1": {
        "em": 0.2,
        "contains_gt": 0.2,
        "f1": 0.2
      },
      "X4_Y3": {
        "em": 0.0,
        "contains_gt": 0.0,
        "f1": 0.0
      },
      "X1_Y1": {
        "em": 1.0,
        "contains_gt": 1.0,
        "f1": 1.0
      }
    },
    "mcq_count": 65,
    "mcq_valid_rate": 1.0,
    "mcq_overall": {
      "em": 0.4307692307692308,
      "contains_gt": 0.4307692307692308,
      "f1": 0.4307692307692308
    }
  },
  "method_runtime": {
    "caption_validation_passed": true,
    "caption_validation_round_count": 89,
    "method_modality": "text_only",
    "history_source": "full_context",
    "captions_loaded": true,
    "images_loaded": false,
    "history_turns_after_truncation": 240,
    "history_turns_before_truncation": 240
  }
}