{
  "task_name": "brand_memory_test",
  "model_name": "gemini_2_5_flash_lite",
  "model_path": "gemini-2.5-flash-lite",
  "method_name": "gen_agents__text_only",
  "base_method_name": "gen_agents",
  "method_modality": "text_only",
  "mode": "mcq",
  "num_qas": 33,
  "num_qas_run": 33,
  "dialog_json": "/common/home/mg1998/MemoryBench/Benchmark_Pipeline/data/dialog/Brand_Memory_Test.json",
  "image_root": "/common/home/mg1998/MemoryBench/Benchmark_Pipeline/data/image",
  "run_dir": "/common/home/mg1998/MemoryBench/Benchmark_Pipeline/runs/brand_memory_test/20260422_154117_gemini_2_5_flash_lite_gen_agents__text_only",
  "git_commit": "6f1e549d204820c227eaa15ae07e867336f4a9f3",
  "summary": {
    "open_count": 33,
    "overall": {
      "em": 0.12121212121212122,
      "contains_gt": 0.12121212121212122,
      "f1": 0.12121212121212122
    },
    "by_x": {
      "X2": {
        "em": 0.1111111111111111,
        "contains_gt": 0.1111111111111111,
        "f1": 0.1111111111111111
      },
      "X4": {
        "em": 0.0,
        "contains_gt": 0.0,
        "f1": 0.0
      },
      "X1": {
        "em": 0.13636363636363635,
        "contains_gt": 0.13636363636363635,
        "f1": 0.13636363636363635
      }
    },
    "by_y": {
      "Y1": {
        "em": 0.3333333333333333,
        "contains_gt": 0.3333333333333333,
        "f1": 0.3333333333333333
      },
      "Y2": {
        "em": 0.1,
        "contains_gt": 0.1,
        "f1": 0.1
      }
    },
    "by_cell": {
      "X2_Y1": {
        "em": 0.0,
        "contains_gt": 0.0,
        "f1": 0.0
      },
      "X4_Y1": {
        "em": 0.0,
        "contains_gt": 0.0,
        "f1": 0.0
      },
      "X2_Y2": {
        "em": 0.125,
        "contains_gt": 0.125,
        "f1": 0.125
      },
      "X1_Y2": {
        "em": 0.09523809523809523,
        "contains_gt": 0.09523809523809523,
        "f1": 0.09523809523809523
      },
      "X4_Y2": {
        "em": 0.0,
        "contains_gt": 0.0,
        "f1": 0.0
      },
      "X1_Y1": {
        "em": 1.0,
        "contains_gt": 1.0,
        "f1": 1.0
      }
    },
    "mcq_count": 33,
    "mcq_valid_rate": 1.0,
    "mcq_overall": {
      "em": 0.12121212121212122,
      "contains_gt": 0.12121212121212122,
      "f1": 0.12121212121212122
    }
  },
  "method_runtime": {
    "caption_validation_passed": true,
    "caption_validation_round_count": 30,
    "method_modality": "text_only",
    "history_source": "retrieval",
    "captions_loaded": true,
    "images_loaded": false,
    "num_memories": 72,
    "debug_dir": "/common/home/mg1998/MemoryBench/Benchmark_Pipeline/output/brand_memory_test/gen_agents",
    "history_turns_after_truncation": 1,
    "retrieved_round_ids": [
      "BRAND_S38:R1",
      "BRAND_S14:R1",
      "BRAND_S18:R1",
      "BRAND_S27:R1",
      "BRAND_S34:R1",
      "BRAND_S33:R1",
      "BRAND_S40:R1",
      "BRAND_S23:R1",
      "BRAND_S31:R1"
    ]
  }
}