{
  "task_name": "cartoon_entertainment_companion",
  "model_name": "gemini_2_5_flash_lite",
  "model_path": "gemini-2.5-flash-lite",
  "method_name": "simplemem",
  "base_method_name": "simplemem",
  "method_modality": "",
  "mode": "mcq",
  "num_qas": 112,
  "num_qas_run": 112,
  "dialog_json": "/common/home/mg1998/MemoryBench/Benchmark_Pipeline/data/dialog/Cartoon_Entertainment_Companion.json",
  "image_root": "/common/home/mg1998/.cache/memeye_hf/MemEye/data/image",
  "run_dir": "/common/home/mg1998/MemoryBench/Benchmark_Pipeline/runs/cartoon_entertainment_companion/20260422_035408_gemini_2_5_flash_lite_simplemem",
  "git_commit": "265dcfb5db60d50bff9abf401df5dcdd59de51fa",
  "summary": {
    "open_count": 112,
    "overall": {
      "em": 0.24107142857142858,
      "contains_gt": 0.24107142857142858,
      "f1": 0.24107142857142858
    },
    "by_x": {
      "X3": {
        "em": 0.1111111111111111,
        "contains_gt": 0.1111111111111111,
        "f1": 0.1111111111111111
      },
      "X4": {
        "em": 0.16666666666666666,
        "contains_gt": 0.16666666666666666,
        "f1": 0.16666666666666666
      },
      "X2": {
        "em": 0.35714285714285715,
        "contains_gt": 0.35714285714285715,
        "f1": 0.35714285714285715
      },
      "X1": {
        "em": 0.38095238095238093,
        "contains_gt": 0.38095238095238093,
        "f1": 0.38095238095238093
      }
    },
    "by_y": {
      "Y1": {
        "em": 0.16279069767441862,
        "contains_gt": 0.16279069767441862,
        "f1": 0.16279069767441862
      },
      "Y2": {
        "em": 0.25862068965517243,
        "contains_gt": 0.25862068965517243,
        "f1": 0.25862068965517243
      },
      "Y3": {
        "em": 0.45454545454545453,
        "contains_gt": 0.45454545454545453,
        "f1": 0.45454545454545453
      }
    },
    "by_cell": {
      "X3_Y1": {
        "em": 0.14285714285714285,
        "contains_gt": 0.14285714285714285,
        "f1": 0.14285714285714285
      },
      "X4_Y2": {
        "em": 0.15384615384615385,
        "contains_gt": 0.15384615384615385,
        "f1": 0.15384615384615385
      },
      "X2_Y2": {
        "em": 0.2631578947368421,
        "contains_gt": 0.2631578947368421,
        "f1": 0.2631578947368421
      },
      "X3_Y2": {
        "em": 0.07692307692307693,
        "contains_gt": 0.07692307692307693,
        "f1": 0.07692307692307693
      },
      "X2_Y1": {
        "em": 0.42857142857142855,
        "contains_gt": 0.42857142857142855,
        "f1": 0.42857142857142855
      },
      "X4_Y1": {
        "em": 0.1111111111111111,
        "contains_gt": 0.1111111111111111,
        "f1": 0.1111111111111111
      },
      "X1_Y1": {
        "em": 0.0,
        "contains_gt": 0.0,
        "f1": 0.0
      },
      "X4_Y3": {
        "em": 0.4,
        "contains_gt": 0.4,
        "f1": 0.4
      },
      "X2_Y3": {
        "em": 1.0,
        "contains_gt": 1.0,
        "f1": 1.0
      },
      "X1_Y2": {
        "em": 0.5384615384615384,
        "contains_gt": 0.5384615384615384,
        "f1": 0.5384615384615384
      },
      "X1_Y3": {
        "em": 0.25,
        "contains_gt": 0.25,
        "f1": 0.25
      }
    },
    "mcq_count": 112,
    "mcq_valid_rate": 0.39285714285714285,
    "mcq_overall": {
      "em": 0.24107142857142858,
      "contains_gt": 0.24107142857142858,
      "f1": 0.24107142857142858
    }
  },
  "method_runtime": {
    "num_memories": 299,
    "debug_dir": "/common/home/mg1998/MemoryBench/output/cartoon_entertainment_companion/simplemem",
    "data_dir": "/common/home/mg1998/MemoryBench/runs/simplemem/cartoon_entertainment_companion"
  }
}