{
  "task_name": "card_playlog_test",
  "model_name": "gemini_2_5_flash_lite",
  "model_path": "gemini-2.5-flash-lite",
  "method_name": "semantic_rag_multimodal",
  "base_method_name": "semantic_rag_multimodal",
  "method_modality": "multimodal",
  "mode": "mcq",
  "num_qas": 48,
  "num_qas_run": 48,
  "dialog_json": "/common/home/mg1998/MemoryBench/Benchmark_Pipeline/data/dialog/Card_Playlog_Test.json",
  "image_root": "/common/home/mg1998/MemoryBench/Benchmark_Pipeline/data/image",
  "run_dir": "/common/home/mg1998/MemoryBench/Benchmark_Pipeline/runs/card_playlog_test/20260422_024856_gemini_2_5_flash_lite_semantic_rag_multimodal",
  "git_commit": "dc79f95979a1a2f0bdf89f7b6e6a98e8cab76606",
  "summary": {
    "open_count": 48,
    "overall": {
      "em": 0.3333333333333333,
      "contains_gt": 0.3333333333333333,
      "f1": 0.3333333333333333
    },
    "by_x": {
      "X4": {
        "em": 0.3333333333333333,
        "contains_gt": 0.3333333333333333,
        "f1": 0.3333333333333333
      }
    },
    "by_y": {
      "Y3": {
        "em": 0.21052631578947367,
        "contains_gt": 0.21052631578947367,
        "f1": 0.21052631578947367
      },
      "Y2": {
        "em": 0.41379310344827586,
        "contains_gt": 0.41379310344827586,
        "f1": 0.41379310344827586
      }
    },
    "by_cell": {
      "X4_Y3": {
        "em": 0.21052631578947367,
        "contains_gt": 0.21052631578947367,
        "f1": 0.21052631578947367
      },
      "X4_Y2": {
        "em": 0.41379310344827586,
        "contains_gt": 0.41379310344827586,
        "f1": 0.41379310344827586
      }
    },
    "mcq_count": 48,
    "mcq_valid_rate": 1.0,
    "mcq_overall": {
      "em": 0.3333333333333333,
      "contains_gt": 0.3333333333333333,
      "f1": 0.3333333333333333
    }
  },
  "method_runtime": {
    "retrieval_backend": "dense_multimodal",
    "retrieval_corpus": "round_text",
    "method_modality": "multimodal",
    "top_k": 10,
    "neighbor_window": 0,
    "seed_round_ids": [
      "uno_seed_44_p0_g0:1",
      "uno_seed_44_p2_g0:1",
      "uno_seed_44_p1_g0:1",
      "uno_seed_44_p3_g0:1",
      "uno_seed_44_p2_g0:3",
      "uno_seed_44_p3_g0:6",
      "uno_seed_44_p3_g0:5",
      "uno_seed_44_p3_g0:3",
      "uno_seed_44_p1_g0:3",
      "uno_seed_44_p2_g0:6"
    ],
    "selected_round_ids": [
      "uno_seed_44_p0_g0:1",
      "uno_seed_44_p2_g0:1",
      "uno_seed_44_p1_g0:1",
      "uno_seed_44_p3_g0:1",
      "uno_seed_44_p2_g0:3",
      "uno_seed_44_p3_g0:6",
      "uno_seed_44_p3_g0:5",
      "uno_seed_44_p3_g0:3",
      "uno_seed_44_p1_g0:3",
      "uno_seed_44_p2_g0:6"
    ],
    "top_candidates": [
      {
        "round_id": "uno_seed_44_p0_g0:1",
        "score": 0.351890163654714,
        "text_dense_score": 0.5804198040717321,
        "image_dense_score": 0.12336052323769586,
        "indexed_image_count": 1,
        "best_image_path": "/common/home/mg1998/MemoryBench/Benchmark_Pipeline/data/image/Card_Playlog_Test/uno_44/state_0000.jpg"
      },
      {
        "round_id": "uno_seed_44_p2_g0:1",
        "score": 0.33250805497299285,
        "text_dense_score": 0.551392110899986,
        "image_dense_score": 0.11362399904599968,
        "indexed_image_count": 1,
        "best_image_path": "/common/home/mg1998/MemoryBench/Benchmark_Pipeline/data/image/Card_Playlog_Test/uno_44/state_0002.jpg"
      },
      {
        "round_id": "uno_seed_44_p1_g0:1",
        "score": 0.32924895089898565,
        "text_dense_score": 0.5431648516439596,
        "image_dense_score": 0.11533305015401177,
        "indexed_image_count": 1,
        "best_image_path": "/common/home/mg1998/MemoryBench/Benchmark_Pipeline/data/image/Card_Playlog_Test/uno_44/state_0001.jpg"
      },
      {
        "round_id": "uno_seed_44_p3_g0:1",
        "score": 0.3183630348127815,
        "text_dense_score": 0.5212186919306182,
        "image_dense_score": 0.11550737769494482,
        "indexed_image_count": 1,
        "best_image_path": "/common/home/mg1998/MemoryBench/Benchmark_Pipeline/data/image/Card_Playlog_Test/uno_44/state_0003.jpg"
      },
      {
        "round_id": "uno_seed_44_p2_g0:3",
        "score": 0.3035416769534946,
        "text_dense_score": 0.48129255296654694,
        "image_dense_score": 0.12579080094044223,
        "indexed_image_count": 1,
        "best_image_path": "/common/home/mg1998/MemoryBench/Benchmark_Pipeline/data/image/Card_Playlog_Test/uno_44/state_0010.jpg"
      }
    ],
    "clue_hit_count": 1,
    "corpus_entry_count": 30,
    "text_embedding_model": "all-MiniLM-L6-v2",
    "multimodal_embedding_model": "siglip2-base-patch16-384",
    "text_dense_weight": 0.5,
    "image_dense_weight": 0.5,
    "caption_text_included": false,
    "image_embeddings_built": true,
    "multi_image_indexing_enabled": true,
    "indexed_image_count": 30,
    "history_source": "retrieval",
    "captions_loaded": false,
    "images_loaded": true,
    "history_turns_after_truncation": 20
  }
}