{
  "task_name": "home_renovation_interior_design",
  "model_name": "gemini_2_5_flash_lite",
  "model_path": "gemini-2.5-flash-lite",
  "method_name": "semantic_rag_text_only",
  "base_method_name": "semantic_rag_text_only",
  "method_modality": "",
  "mode": "mcq",
  "num_qas": 65,
  "num_qas_run": 65,
  "dialog_json": "/common/home/mg1998/.cache/memeye_hf/MemEye/data/dialog/Home_Renovation_Interior_Design.json",
  "image_root": "/common/home/mg1998/.cache/memeye_hf/MemEye/data/image",
  "run_dir": "/common/home/mg1998/MemoryBench/Benchmark_Pipeline/runs/home_renovation_interior_design/20260416_233939_gemini_2_5_flash_lite_semantic_rag_text_only",
  "git_commit": "483ff1401e5ce04eb6a71f775bbe4e9835bb495c",
  "summary": {
    "open_count": 65,
    "overall": {
      "em": 0.38461538461538464,
      "contains_gt": 0.38461538461538464,
      "f1": 0.38461538461538464
    },
    "by_x": {
      "X4": {
        "em": 0.375,
        "contains_gt": 0.375,
        "f1": 0.375
      },
      "X3": {
        "em": 0.37209302325581395,
        "contains_gt": 0.37209302325581395,
        "f1": 0.37209302325581395
      },
      "X2": {
        "em": 0.38461538461538464,
        "contains_gt": 0.38461538461538464,
        "f1": 0.38461538461538464
      },
      "X1": {
        "em": 1.0,
        "contains_gt": 1.0,
        "f1": 1.0
      }
    },
    "by_y": {
      "Y2": {
        "em": 0.25,
        "contains_gt": 0.25,
        "f1": 0.25
      },
      "Y1": {
        "em": 0.4,
        "contains_gt": 0.4,
        "f1": 0.4
      },
      "Y3": {
        "em": 0.75,
        "contains_gt": 0.75,
        "f1": 0.75
      }
    },
    "by_cell": {
      "X4_Y2": {
        "em": 0.5,
        "contains_gt": 0.5,
        "f1": 0.5
      },
      "X3_Y2": {
        "em": 0.3333333333333333,
        "contains_gt": 0.3333333333333333,
        "f1": 0.3333333333333333
      },
      "X3_Y1": {
        "em": 0.3783783783783784,
        "contains_gt": 0.3783783783783784,
        "f1": 0.3783783783783784
      },
      "X2_Y3": {
        "em": 0.6666666666666666,
        "contains_gt": 0.6666666666666666,
        "f1": 0.6666666666666666
      },
      "X2_Y1": {
        "em": 1.0,
        "contains_gt": 1.0,
        "f1": 1.0
      },
      "X2_Y2": {
        "em": 0.125,
        "contains_gt": 0.125,
        "f1": 0.125
      },
      "X4_Y1": {
        "em": 0.2,
        "contains_gt": 0.2,
        "f1": 0.2
      },
      "X4_Y3": {
        "em": 1.0,
        "contains_gt": 1.0,
        "f1": 1.0
      },
      "X1_Y1": {
        "em": 1.0,
        "contains_gt": 1.0,
        "f1": 1.0
      }
    },
    "mcq_count": 65,
    "mcq_valid_rate": 1.0,
    "mcq_overall": {
      "em": 0.38461538461538464,
      "contains_gt": 0.38461538461538464,
      "f1": 0.38461538461538464
    }
  },
  "method_runtime": {
    "retrieval_backend": "dense_text",
    "retrieval_corpus": "round_text",
    "method_modality": "text_only",
    "top_k": 10,
    "neighbor_window": 0,
    "seed_round_ids": [
      "D9:4",
      "D1:9",
      "D1:10",
      "D13:5",
      "D1:6",
      "D6:3",
      "D12:0",
      "D1:4",
      "D12:5",
      "D10:6"
    ],
    "selected_round_ids": [
      "D9:4",
      "D1:9",
      "D1:10",
      "D13:5",
      "D1:6",
      "D6:3",
      "D12:0",
      "D1:4",
      "D12:5",
      "D10:6"
    ],
    "top_candidates": [
      {
        "round_id": "D9:4",
        "score": 0.4174230575196089,
        "text_dense_score": 0.4174230575196089
      },
      {
        "round_id": "D1:9",
        "score": 0.3913434216599909,
        "text_dense_score": 0.3913434216599909
      },
      {
        "round_id": "D1:10",
        "score": 0.38409036146706366,
        "text_dense_score": 0.38409036146706366
      },
      {
        "round_id": "D13:5",
        "score": 0.37919181441303834,
        "text_dense_score": 0.37919181441303834
      },
      {
        "round_id": "D1:6",
        "score": 0.37904820757754065,
        "text_dense_score": 0.37904820757754065
      }
    ],
    "clue_hit_count": 0,
    "corpus_entry_count": 120,
    "text_embedding_model": "all-MiniLM-L6-v2",
    "caption_text_included": true,
    "image_embeddings_built": false,
    "history_source": "retrieval",
    "captions_loaded": true,
    "images_loaded": false,
    "history_turns_after_truncation": 20
  }
}