{
  "task_name": "home_renovation_interior_design",
  "model_name": "gemini_2_5_flash_lite",
  "model_path": "gemini-2.5-flash-lite",
  "method_name": "simplemem",
  "base_method_name": "simplemem",
  "method_modality": "",
  "mode": "mcq",
  "num_qas": 65,
  "num_qas_run": 65,
  "dialog_json": "/common/home/mg1998/MemoryBench/Benchmark_Pipeline/data/dialog/Home_Renovation_Interior_Design.json",
  "image_root": "/common/home/mg1998/MemoryBench/Benchmark_Pipeline/data/image",
  "run_dir": "/common/home/mg1998/MemoryBench/Benchmark_Pipeline/runs/home_renovation_interior_design/20260422_055918_gemini_2_5_flash_lite_simplemem",
  "git_commit": "265dcfb5db60d50bff9abf401df5dcdd59de51fa",
  "summary": {
    "open_count": 65,
    "overall": {
      "em": 0.1076923076923077,
      "contains_gt": 0.1076923076923077,
      "f1": 0.1076923076923077
    },
    "by_x": {
      "X4": {
        "em": 0.25,
        "contains_gt": 0.25,
        "f1": 0.25
      },
      "X3": {
        "em": 0.046511627906976744,
        "contains_gt": 0.046511627906976744,
        "f1": 0.046511627906976744
      },
      "X2": {
        "em": 0.23076923076923078,
        "contains_gt": 0.23076923076923078,
        "f1": 0.23076923076923078
      },
      "X1": {
        "em": 0.0,
        "contains_gt": 0.0,
        "f1": 0.0
      }
    },
    "by_y": {
      "Y2": {
        "em": 0.125,
        "contains_gt": 0.125,
        "f1": 0.125
      },
      "Y1": {
        "em": 0.08888888888888889,
        "contains_gt": 0.08888888888888889,
        "f1": 0.08888888888888889
      },
      "Y3": {
        "em": 0.25,
        "contains_gt": 0.25,
        "f1": 0.25
      }
    },
    "by_cell": {
      "X4_Y2": {
        "em": 0.0,
        "contains_gt": 0.0,
        "f1": 0.0
      },
      "X3_Y2": {
        "em": 0.16666666666666666,
        "contains_gt": 0.16666666666666666,
        "f1": 0.16666666666666666
      },
      "X3_Y1": {
        "em": 0.02702702702702703,
        "contains_gt": 0.02702702702702703,
        "f1": 0.02702702702702703
      },
      "X2_Y3": {
        "em": 0.0,
        "contains_gt": 0.0,
        "f1": 0.0
      },
      "X2_Y1": {
        "em": 1.0,
        "contains_gt": 1.0,
        "f1": 1.0
      },
      "X2_Y2": {
        "em": 0.125,
        "contains_gt": 0.125,
        "f1": 0.125
      },
      "X4_Y1": {
        "em": 0.2,
        "contains_gt": 0.2,
        "f1": 0.2
      },
      "X4_Y3": {
        "em": 1.0,
        "contains_gt": 1.0,
        "f1": 1.0
      },
      "X1_Y1": {
        "em": 0.0,
        "contains_gt": 0.0,
        "f1": 0.0
      }
    },
    "mcq_count": 65,
    "mcq_valid_rate": 0.5538461538461539,
    "mcq_overall": {
      "em": 0.1076923076923077,
      "contains_gt": 0.1076923076923077,
      "f1": 0.1076923076923077
    }
  },
  "method_runtime": {
    "num_memories": 120,
    "debug_dir": "/common/home/mg1998/MemoryBench/output/home_renovation_interior_design/simplemem",
    "data_dir": "/common/home/mg1998/MemoryBench/runs/simplemem/home_renovation_interior_design"
  }
}