{
  "task_name": "personal_health_dashboard_assistant",
  "model_name": "gemini_2_5_flash_lite",
  "model_path": "gemini-2.5-flash-lite",
  "method_name": "memoryos",
  "base_method_name": "memoryos",
  "method_modality": "",
  "mode": "mcq",
  "num_qas": 63,
  "num_qas_run": 63,
  "dialog_json": "/common/home/mg1998/MemoryBench/Benchmark_Pipeline/data/dialog/Personal_Health_Dashboard_Assistant.json",
  "image_root": "/common/home/mg1998/MemoryBench/Benchmark_Pipeline/data/image",
  "run_dir": "/common/home/mg1998/MemoryBench/Benchmark_Pipeline/runs/personal_health_dashboard_assistant/20260422_143536_gemini_2_5_flash_lite_memoryos",
  "git_commit": "6f1e549d204820c227eaa15ae07e867336f4a9f3",
  "summary": {
    "open_count": 63,
    "overall": {
      "em": 0.2222222222222222,
      "contains_gt": 0.2222222222222222,
      "f1": 0.2222222222222222
    },
    "by_x": {
      "X4": {
        "em": 0.21428571428571427,
        "contains_gt": 0.21428571428571427,
        "f1": 0.21428571428571427
      },
      "X3": {
        "em": 0.0,
        "contains_gt": 0.0,
        "f1": 0.0
      },
      "X1": {
        "em": 0.6666666666666666,
        "contains_gt": 0.6666666666666666,
        "f1": 0.6666666666666666
      }
    },
    "by_y": {
      "Y2": {
        "em": 0.1568627450980392,
        "contains_gt": 0.1568627450980392,
        "f1": 0.1568627450980392
      },
      "Y3": {
        "em": 0.45454545454545453,
        "contains_gt": 0.45454545454545453,
        "f1": 0.45454545454545453
      },
      "Y1": {
        "em": 1.0,
        "contains_gt": 1.0,
        "f1": 1.0
      }
    },
    "by_cell": {
      "X4_Y2": {
        "em": 0.1702127659574468,
        "contains_gt": 0.1702127659574468,
        "f1": 0.1702127659574468
      },
      "X4_Y3": {
        "em": 0.4444444444444444,
        "contains_gt": 0.4444444444444444,
        "f1": 0.4444444444444444
      },
      "X3_Y2": {
        "em": 0.0,
        "contains_gt": 0.0,
        "f1": 0.0
      },
      "X1_Y3": {
        "em": 0.5,
        "contains_gt": 0.5,
        "f1": 0.5
      },
      "X1_Y1": {
        "em": 1.0,
        "contains_gt": 1.0,
        "f1": 1.0
      }
    },
    "mcq_count": 63,
    "mcq_valid_rate": 1.0,
    "mcq_overall": {
      "em": 0.2222222222222222,
      "contains_gt": 0.2222222222222222,
      "f1": 0.2222222222222222
    }
  },
  "method_runtime": {
    "caption_validation_passed": true,
    "caption_validation_round_count": 62,
    "num_memories": 97,
    "debug_dir": "/common/home/mg1998/MemoryBench/Benchmark_Pipeline/output/personal_health_dashboard_assistant/memoryos/b5409cd131f0c917",
    "data_storage_path": "/common/home/mg1998/MemoryBench/Benchmark_Pipeline/runs/personal_health_dashboard_assistant/memoryos_data/b5409cd131f0c917",
    "runtime_signature": "b5409cd131f0c917"
  }
}