{
  "task_name": "social_chat_memory_test",
  "model_name": "gemini_2_5_flash_lite",
  "model_path": "gemini-2.5-flash-lite",
  "method_name": "memoryos",
  "base_method_name": "memoryos",
  "method_modality": "",
  "mode": "mcq",
  "num_qas": 44,
  "num_qas_run": 44,
  "dialog_json": "/common/home/mg1998/MemoryBench/Benchmark_Pipeline/data/dialog/Social_Chat_Memory_Test.json",
  "image_root": "/common/home/mg1998/MemoryBench/Benchmark_Pipeline/data/image",
  "run_dir": "/common/home/mg1998/MemoryBench/Benchmark_Pipeline/runs/social_chat_memory_test/20260422_144208_gemini_2_5_flash_lite_memoryos",
  "git_commit": "6f1e549d204820c227eaa15ae07e867336f4a9f3",
  "summary": {
    "open_count": 44,
    "overall": {
      "em": 0.45454545454545453,
      "contains_gt": 0.45454545454545453,
      "f1": 0.45454545454545453
    },
    "by_x": {
      "X2": {
        "em": 0.4722222222222222,
        "contains_gt": 0.4722222222222222,
        "f1": 0.4722222222222222
      },
      "X1": {
        "em": 0.6,
        "contains_gt": 0.6,
        "f1": 0.6
      },
      "X3": {
        "em": 0.0,
        "contains_gt": 0.0,
        "f1": 0.0
      },
      "X4": {
        "em": 0.0,
        "contains_gt": 0.0,
        "f1": 0.0
      }
    },
    "by_y": {
      "Y2": {
        "em": 0.4666666666666667,
        "contains_gt": 0.4666666666666667,
        "f1": 0.4666666666666667
      },
      "Y3": {
        "em": 0.375,
        "contains_gt": 0.375,
        "f1": 0.375
      },
      "Y1": {
        "em": 0.5,
        "contains_gt": 0.5,
        "f1": 0.5
      }
    },
    "by_cell": {
      "X2_Y2": {
        "em": 0.48148148148148145,
        "contains_gt": 0.48148148148148145,
        "f1": 0.48148148148148145
      },
      "X2_Y3": {
        "em": 0.3333333333333333,
        "contains_gt": 0.3333333333333333,
        "f1": 0.3333333333333333
      },
      "X2_Y1": {
        "em": 0.6666666666666666,
        "contains_gt": 0.6666666666666666,
        "f1": 0.6666666666666666
      },
      "X1_Y1": {
        "em": 0.5,
        "contains_gt": 0.5,
        "f1": 0.5
      },
      "X1_Y2": {
        "em": 1.0,
        "contains_gt": 1.0,
        "f1": 1.0
      },
      "X3_Y1": {
        "em": 0.0,
        "contains_gt": 0.0,
        "f1": 0.0
      },
      "X3_Y2": {
        "em": 0.0,
        "contains_gt": 0.0,
        "f1": 0.0
      },
      "X4_Y2": {
        "em": 0.0,
        "contains_gt": 0.0,
        "f1": 0.0
      },
      "X1_Y3": {
        "em": 0.5,
        "contains_gt": 0.5,
        "f1": 0.5
      }
    },
    "mcq_count": 44,
    "mcq_valid_rate": 1.0,
    "mcq_overall": {
      "em": 0.45454545454545453,
      "contains_gt": 0.45454545454545453,
      "f1": 0.45454545454545453
    }
  },
  "method_runtime": {
    "caption_validation_passed": true,
    "caption_validation_round_count": 43,
    "num_memories": 53,
    "debug_dir": "/common/home/mg1998/MemoryBench/Benchmark_Pipeline/output/social_chat_memory_test/memoryos/0dbb9f8488d3178f",
    "data_storage_path": "/common/home/mg1998/MemoryBench/Benchmark_Pipeline/runs/social_chat_memory_test/memoryos_data/0dbb9f8488d3178f",
    "runtime_signature": "0dbb9f8488d3178f"
  }
}