{
  "task_name": "social_chat_memory_test",
  "model_name": "gemini_2_5_flash_lite",
  "model_path": "gemini-2.5-flash-lite",
  "method_name": "semantic_rag_multimodal",
  "base_method_name": "semantic_rag_multimodal",
  "method_modality": "multimodal",
  "mode": "mcq",
  "num_qas": 44,
  "num_qas_run": 44,
  "dialog_json": "/common/home/mg1998/MemoryBench/Benchmark_Pipeline/data/dialog/Social_Chat_Memory_Test.json",
  "image_root": "/common/home/mg1998/MemoryBench/Benchmark_Pipeline/data/image",
  "run_dir": "/common/home/mg1998/MemoryBench/Benchmark_Pipeline/runs/social_chat_memory_test/20260422_102435_gemini_2_5_flash_lite_semantic_rag_multimodal",
  "git_commit": "265dcfb5db60d50bff9abf401df5dcdd59de51fa",
  "summary": {
    "open_count": 44,
    "overall": {
      "em": 0.6363636363636364,
      "contains_gt": 0.6363636363636364,
      "f1": 0.6363636363636364
    },
    "by_x": {
      "X2": {
        "em": 0.6111111111111112,
        "contains_gt": 0.6111111111111112,
        "f1": 0.6111111111111112
      },
      "X1": {
        "em": 0.8,
        "contains_gt": 0.8,
        "f1": 0.8
      },
      "X3": {
        "em": 0.5,
        "contains_gt": 0.5,
        "f1": 0.5
      },
      "X4": {
        "em": 1.0,
        "contains_gt": 1.0,
        "f1": 1.0
      }
    },
    "by_y": {
      "Y2": {
        "em": 0.5666666666666667,
        "contains_gt": 0.5666666666666667,
        "f1": 0.5666666666666667
      },
      "Y3": {
        "em": 0.875,
        "contains_gt": 0.875,
        "f1": 0.875
      },
      "Y1": {
        "em": 0.6666666666666666,
        "contains_gt": 0.6666666666666666,
        "f1": 0.6666666666666666
      }
    },
    "by_cell": {
      "X2_Y2": {
        "em": 0.5925925925925926,
        "contains_gt": 0.5925925925925926,
        "f1": 0.5925925925925926
      },
      "X2_Y3": {
        "em": 0.8333333333333334,
        "contains_gt": 0.8333333333333334,
        "f1": 0.8333333333333334
      },
      "X2_Y1": {
        "em": 0.3333333333333333,
        "contains_gt": 0.3333333333333333,
        "f1": 0.3333333333333333
      },
      "X1_Y1": {
        "em": 1.0,
        "contains_gt": 1.0,
        "f1": 1.0
      },
      "X1_Y2": {
        "em": 0.0,
        "contains_gt": 0.0,
        "f1": 0.0
      },
      "X3_Y1": {
        "em": 1.0,
        "contains_gt": 1.0,
        "f1": 1.0
      },
      "X3_Y2": {
        "em": 0.0,
        "contains_gt": 0.0,
        "f1": 0.0
      },
      "X4_Y2": {
        "em": 1.0,
        "contains_gt": 1.0,
        "f1": 1.0
      },
      "X1_Y3": {
        "em": 1.0,
        "contains_gt": 1.0,
        "f1": 1.0
      }
    },
    "mcq_count": 44,
    "mcq_valid_rate": 1.0,
    "mcq_overall": {
      "em": 0.6363636363636364,
      "contains_gt": 0.6363636363636364,
      "f1": 0.6363636363636364
    }
  },
  "method_runtime": {
    "retrieval_backend": "dense_multimodal",
    "retrieval_corpus": "round_text",
    "method_modality": "multimodal",
    "top_k": 10,
    "neighbor_window": 0,
    "seed_round_ids": [
      "R4b:1",
      "R4:2",
      "R1:1",
      "R3:1",
      "R4:1",
      "CX4:1",
      "B5:1",
      "R3b:1",
      "R2:2",
      "B1:2"
    ],
    "selected_round_ids": [
      "R4b:1",
      "R4:2",
      "R1:1",
      "R3:1",
      "R4:1",
      "CX4:1",
      "B5:1",
      "R3b:1",
      "R2:2",
      "B1:2"
    ],
    "top_candidates": [
      {
        "round_id": "R4b:1",
        "score": 0.3573451504320982,
        "text_dense_score": 0.608652044868315,
        "image_dense_score": 0.10603825599588136,
        "indexed_image_count": 1,
        "best_image_path": "/common/home/mg1998/MemoryBench/Benchmark_Pipeline/data/image/Social_Chat_Memory_Test/screenshots/R4b_1.png"
      },
      {
        "round_id": "R4:2",
        "score": 0.3442078219216139,
        "text_dense_score": 0.5855264755883623,
        "image_dense_score": 0.10288916825486547,
        "indexed_image_count": 1,
        "best_image_path": "/common/home/mg1998/MemoryBench/Benchmark_Pipeline/data/image/Social_Chat_Memory_Test/screenshots/R4_2.png"
      },
      {
        "round_id": "R1:1",
        "score": 0.3258173304941098,
        "text_dense_score": 0.5496193276648044,
        "image_dense_score": 0.10201533332341532,
        "indexed_image_count": 1,
        "best_image_path": "/common/home/mg1998/MemoryBench/Benchmark_Pipeline/data/image/Social_Chat_Memory_Test/screenshots/R1_1.png"
      },
      {
        "round_id": "R3:1",
        "score": 0.30378556693245107,
        "text_dense_score": 0.5145235386579532,
        "image_dense_score": 0.09304759520694889,
        "indexed_image_count": 1,
        "best_image_path": "/common/home/mg1998/MemoryBench/Benchmark_Pipeline/data/image/Social_Chat_Memory_Test/screenshots/R3_1.png"
      },
      {
        "round_id": "R4:1",
        "score": 0.26573847827191033,
        "text_dense_score": 0.4301381901671816,
        "image_dense_score": 0.10133876637663904,
        "indexed_image_count": 1,
        "best_image_path": "/common/home/mg1998/MemoryBench/Benchmark_Pipeline/data/image/Social_Chat_Memory_Test/screenshots/R4_1.png"
      }
    ],
    "clue_hit_count": 3,
    "corpus_entry_count": 53,
    "text_embedding_model": "all-MiniLM-L6-v2",
    "multimodal_embedding_model": "siglip2-base-patch16-384",
    "text_dense_weight": 0.5,
    "image_dense_weight": 0.5,
    "caption_text_included": false,
    "image_embeddings_built": true,
    "multi_image_indexing_enabled": true,
    "indexed_image_count": 43,
    "history_source": "retrieval",
    "captions_loaded": false,
    "images_loaded": true,
    "history_turns_after_truncation": 20
  }
}