{
  "task_name": "brand_memory_test",
  "model_name": "gemini_2_5_flash_lite",
  "model_path": "gemini-2.5-flash-lite",
  "method_name": "clue_only_context__text_only",
  "base_method_name": "clue_only_context",
  "method_modality": "text_only",
  "mode": "mcq",
  "num_qas": 33,
  "num_qas_run": 33,
  "dialog_json": "/common/home/mg1998/MemoryBench/Benchmark_Pipeline/data/dialog/Brand_Memory_Test.json",
  "image_root": "/common/home/mg1998/MemoryBench/Benchmark_Pipeline/data/image",
  "run_dir": "/common/home/mg1998/MemoryBench/Benchmark_Pipeline/runs/brand_memory_test/20260422_022022_gemini_2_5_flash_lite_clue_only_context__text_only",
  "git_commit": "662f5209977d226875c4c7398d7f80e2c655606e",
  "summary": {
    "open_count": 33,
    "overall": {
      "em": 0.45454545454545453,
      "contains_gt": 0.45454545454545453,
      "f1": 0.45454545454545453
    },
    "by_x": {
      "X2": {
        "em": 0.5555555555555556,
        "contains_gt": 0.5555555555555556,
        "f1": 0.5555555555555556
      },
      "X4": {
        "em": 1.0,
        "contains_gt": 1.0,
        "f1": 1.0
      },
      "X1": {
        "em": 0.36363636363636365,
        "contains_gt": 0.36363636363636365,
        "f1": 0.36363636363636365
      }
    },
    "by_y": {
      "Y1": {
        "em": 0.6666666666666666,
        "contains_gt": 0.6666666666666666,
        "f1": 0.6666666666666666
      },
      "Y2": {
        "em": 0.43333333333333335,
        "contains_gt": 0.43333333333333335,
        "f1": 0.43333333333333335
      }
    },
    "by_cell": {
      "X2_Y1": {
        "em": 0.0,
        "contains_gt": 0.0,
        "f1": 0.0
      },
      "X4_Y1": {
        "em": 1.0,
        "contains_gt": 1.0,
        "f1": 1.0
      },
      "X2_Y2": {
        "em": 0.625,
        "contains_gt": 0.625,
        "f1": 0.625
      },
      "X1_Y2": {
        "em": 0.3333333333333333,
        "contains_gt": 0.3333333333333333,
        "f1": 0.3333333333333333
      },
      "X4_Y2": {
        "em": 1.0,
        "contains_gt": 1.0,
        "f1": 1.0
      },
      "X1_Y1": {
        "em": 1.0,
        "contains_gt": 1.0,
        "f1": 1.0
      }
    },
    "mcq_count": 33,
    "mcq_valid_rate": 1.0,
    "mcq_overall": {
      "em": 0.45454545454545453,
      "contains_gt": 0.45454545454545453,
      "f1": 0.45454545454545453
    }
  },
  "method_runtime": {
    "caption_validation_passed": true,
    "caption_validation_round_count": 30,
    "method_modality": "text_only",
    "history_source": "clue_only",
    "captions_loaded": true,
    "images_loaded": false,
    "history_turns_after_truncation": 2
  }
}