{
  "task_name": "cartoon_entertainment_companion",
  "model_name": "gemini_2_5_flash_lite",
  "model_path": "gemini-2.5-flash-lite",
  "method_name": "clue_only_context__multimodal",
  "base_method_name": "clue_only_context",
  "method_modality": "multimodal",
  "mode": "mcq",
  "num_qas": 112,
  "num_qas_run": 112,
  "dialog_json": "/common/home/mg1998/MemoryBench/Benchmark_Pipeline/data/dialog/Cartoon_Entertainment_Companion.json",
  "image_root": "/common/home/mg1998/.cache/memeye_hf/MemEye/data/image",
  "run_dir": "/common/home/mg1998/MemoryBench/Benchmark_Pipeline/runs/cartoon_entertainment_companion/20260422_124117_gemini_2_5_flash_lite_clue_only_context__multimodal",
  "git_commit": "d2f4f8977d4f5eed60bc84b41f08e49698c60c48",
  "summary": {
    "open_count": 112,
    "overall": {
      "em": 0.8125,
      "contains_gt": 0.8125,
      "f1": 0.8125
    },
    "by_x": {
      "X3": {
        "em": 0.6666666666666666,
        "contains_gt": 0.6666666666666666,
        "f1": 0.6666666666666666
      },
      "X4": {
        "em": 0.8888888888888888,
        "contains_gt": 0.8888888888888888,
        "f1": 0.8888888888888888
      },
      "X2": {
        "em": 0.8928571428571429,
        "contains_gt": 0.8928571428571429,
        "f1": 0.8928571428571429
      },
      "X1": {
        "em": 0.7619047619047619,
        "contains_gt": 0.7619047619047619,
        "f1": 0.7619047619047619
      }
    },
    "by_y": {
      "Y1": {
        "em": 0.9534883720930233,
        "contains_gt": 0.9534883720930233,
        "f1": 0.9534883720930233
      },
      "Y2": {
        "em": 0.7241379310344828,
        "contains_gt": 0.7241379310344828,
        "f1": 0.7241379310344828
      },
      "Y3": {
        "em": 0.7272727272727273,
        "contains_gt": 0.7272727272727273,
        "f1": 0.7272727272727273
      }
    },
    "by_cell": {
      "X3_Y1": {
        "em": 0.8571428571428571,
        "contains_gt": 0.8571428571428571,
        "f1": 0.8571428571428571
      },
      "X4_Y2": {
        "em": 0.8461538461538461,
        "contains_gt": 0.8461538461538461,
        "f1": 0.8461538461538461
      },
      "X2_Y2": {
        "em": 0.8421052631578947,
        "contains_gt": 0.8421052631578947,
        "f1": 0.8421052631578947
      },
      "X3_Y2": {
        "em": 0.46153846153846156,
        "contains_gt": 0.46153846153846156,
        "f1": 0.46153846153846156
      },
      "X2_Y1": {
        "em": 1.0,
        "contains_gt": 1.0,
        "f1": 1.0
      },
      "X4_Y1": {
        "em": 1.0,
        "contains_gt": 1.0,
        "f1": 1.0
      },
      "X1_Y1": {
        "em": 1.0,
        "contains_gt": 1.0,
        "f1": 1.0
      },
      "X4_Y3": {
        "em": 0.6,
        "contains_gt": 0.6,
        "f1": 0.6
      },
      "X2_Y3": {
        "em": 1.0,
        "contains_gt": 1.0,
        "f1": 1.0
      },
      "X1_Y2": {
        "em": 0.6923076923076923,
        "contains_gt": 0.6923076923076923,
        "f1": 0.6923076923076923
      },
      "X1_Y3": {
        "em": 0.75,
        "contains_gt": 0.75,
        "f1": 0.75
      }
    },
    "mcq_count": 112,
    "mcq_valid_rate": 1.0,
    "mcq_overall": {
      "em": 0.8125,
      "contains_gt": 0.8125,
      "f1": 0.8125
    }
  },
  "method_runtime": {
    "method_modality": "multimodal",
    "history_source": "clue_only",
    "captions_loaded": false,
    "images_loaded": true,
    "history_turns_after_truncation": 4
  }
}