{
  "task_name": "personal_health_dashboard_assistant",
  "model_name": "gemini_2_5_flash_lite",
  "model_path": "gemini-2.5-flash-lite",
  "method_name": "semantic_rag_multimodal",
  "base_method_name": "semantic_rag_multimodal",
  "method_modality": "multimodal",
  "mode": "mcq",
  "num_qas": 63,
  "num_qas_run": 63,
  "dialog_json": "/common/home/mg1998/MemoryBench/Benchmark_Pipeline/data/dialog/Personal_Health_Dashboard_Assistant.json",
  "image_root": "/common/home/mg1998/MemoryBench/Benchmark_Pipeline/data/image",
  "run_dir": "/common/home/mg1998/MemoryBench/Benchmark_Pipeline/runs/personal_health_dashboard_assistant/20260416_233335_gemini_2_5_flash_lite_semantic_rag_multimodal",
  "git_commit": "483ff1401e5ce04eb6a71f775bbe4e9835bb495c",
  "summary": {
    "open_count": 63,
    "overall": {
      "em": 0.2698412698412698,
      "contains_gt": 0.2698412698412698,
      "f1": 0.2698412698412698
    },
    "by_x": {
      "X4": {
        "em": 0.26785714285714285,
        "contains_gt": 0.26785714285714285,
        "f1": 0.26785714285714285
      },
      "X3": {
        "em": 0.0,
        "contains_gt": 0.0,
        "f1": 0.0
      },
      "X1": {
        "em": 0.6666666666666666,
        "contains_gt": 0.6666666666666666,
        "f1": 0.6666666666666666
      }
    },
    "by_y": {
      "Y2": {
        "em": 0.17647058823529413,
        "contains_gt": 0.17647058823529413,
        "f1": 0.17647058823529413
      },
      "Y3": {
        "em": 0.6363636363636364,
        "contains_gt": 0.6363636363636364,
        "f1": 0.6363636363636364
      },
      "Y1": {
        "em": 1.0,
        "contains_gt": 1.0,
        "f1": 1.0
      }
    },
    "by_cell": {
      "X4_Y2": {
        "em": 0.19148936170212766,
        "contains_gt": 0.19148936170212766,
        "f1": 0.19148936170212766
      },
      "X4_Y3": {
        "em": 0.6666666666666666,
        "contains_gt": 0.6666666666666666,
        "f1": 0.6666666666666666
      },
      "X3_Y2": {
        "em": 0.0,
        "contains_gt": 0.0,
        "f1": 0.0
      },
      "X1_Y3": {
        "em": 0.5,
        "contains_gt": 0.5,
        "f1": 0.5
      },
      "X1_Y1": {
        "em": 1.0,
        "contains_gt": 1.0,
        "f1": 1.0
      }
    },
    "mcq_count": 63,
    "mcq_valid_rate": 0.9682539682539683,
    "mcq_overall": {
      "em": 0.2698412698412698,
      "contains_gt": 0.2698412698412698,
      "f1": 0.2698412698412698
    }
  },
  "method_runtime": {
    "retrieval_backend": "dense_multimodal",
    "retrieval_corpus": "round_text",
    "method_modality": "multimodal",
    "top_k": 10,
    "neighbor_window": 0,
    "seed_round_ids": [
      "D6:1",
      "D12:6",
      "D3:1",
      "D11:6",
      "D2:6",
      "D9:1",
      "D5:6",
      "D3:6",
      "D11:5",
      "D1:4"
    ],
    "selected_round_ids": [
      "D6:1",
      "D12:6",
      "D3:1",
      "D11:6",
      "D2:6",
      "D9:1",
      "D5:6",
      "D3:6",
      "D11:5",
      "D1:4"
    ],
    "top_candidates": [
      {
        "round_id": "D6:1",
        "score": 0.28805878148668695,
        "text_dense_score": 0.3743235272222809,
        "image_dense_score": 0.201794035751093,
        "indexed_image_count": 1,
        "best_image_path": "/common/home/mg1998/MemoryBench/Benchmark_Pipeline/data/image/Personal_Health_Dashboard_Assistant/D6_IMG_001.jpg"
      },
      {
        "round_id": "D12:6",
        "score": 0.2814640033835075,
        "text_dense_score": 0.30976830956966667,
        "image_dense_score": 0.25315969719734843,
        "indexed_image_count": 1,
        "best_image_path": "/common/home/mg1998/MemoryBench/Benchmark_Pipeline/data/image/Personal_Health_Dashboard_Assistant/D12_IMG_005.jpg"
      },
      {
        "round_id": "D3:1",
        "score": 0.28079145565902625,
        "text_dense_score": 0.35488857482422037,
        "image_dense_score": 0.20669433649383212,
        "indexed_image_count": 1,
        "best_image_path": "/common/home/mg1998/MemoryBench/Benchmark_Pipeline/data/image/Personal_Health_Dashboard_Assistant/D3_IMG_001.jpg"
      },
      {
        "round_id": "D11:6",
        "score": 0.2793076801748376,
        "text_dense_score": 0.3093110402384204,
        "image_dense_score": 0.24930432011125483,
        "indexed_image_count": 1,
        "best_image_path": "/common/home/mg1998/MemoryBench/Benchmark_Pipeline/data/image/Personal_Health_Dashboard_Assistant/D11_IMG_005.jpg"
      },
      {
        "round_id": "D2:6",
        "score": 0.2744532534440948,
        "text_dense_score": 0.29718840065607566,
        "image_dense_score": 0.251718106232114,
        "indexed_image_count": 1,
        "best_image_path": "/common/home/mg1998/MemoryBench/Benchmark_Pipeline/data/image/Personal_Health_Dashboard_Assistant/D2_IMG_005.jpg"
      }
    ],
    "clue_hit_count": 1,
    "corpus_entry_count": 97,
    "text_embedding_model": "all-MiniLM-L6-v2",
    "multimodal_embedding_model": "siglip2-base-patch16-384",
    "text_dense_weight": 0.5,
    "image_dense_weight": 0.5,
    "caption_text_included": false,
    "image_embeddings_built": true,
    "multi_image_indexing_enabled": true,
    "indexed_image_count": 62,
    "history_source": "retrieval",
    "captions_loaded": false,
    "images_loaded": true,
    "history_turns_after_truncation": 20
  }
}