{
  "task_name": "brand_memory_test",
  "model_name": "gpt_4_1_nano",
  "model_path": "gpt-4.1-nano",
  "method_name": "simplemem__multimodal",
  "base_method_name": "simplemem",
  "method_modality": "multimodal",
  "mode": "mcq",
  "num_qas": 29,
  "num_qas_run": 29,
  "dialog_json": "/common/home/mg1998/MemoryBench/Benchmark_Pipeline/data/dialog/Brand_Memory_Test.json",
  "image_root": "/common/home/mg1998/MemoryBench/Benchmark_Pipeline/data/image",
  "run_dir": "/common/home/mg1998/MemoryBench/Benchmark_Pipeline/runs/brand_memory_test/20260424_140621_gpt_4_1_nano_simplemem__multimodal",
  "git_commit": "35aa30ab7205e464bf92b809f6f3a6932c7f7aef",
  "summary": {
    "open_count": 29,
    "overall": {
      "em": 0.28448275862068967,
      "contains_gt": 0.27586206896551724,
      "f1": 0.28448275862068967
    },
    "by_x": {
      "X4": {
        "em": 0.0,
        "contains_gt": 0.0,
        "f1": 0.0
      },
      "X2": {
        "em": 0.3333333333333333,
        "contains_gt": 0.5,
        "f1": 0.3333333333333333
      },
      "X1": {
        "em": 0.2976190476190476,
        "contains_gt": 0.23809523809523808,
        "f1": 0.2976190476190476
      }
    },
    "by_y": {
      "Y1": {
        "em": 0.5,
        "contains_gt": 0.5,
        "f1": 0.5
      },
      "Y2": {
        "em": 0.26851851851851855,
        "contains_gt": 0.25925925925925924,
        "f1": 0.26851851851851855
      }
    },
    "by_cell": {
      "X4_Y1": {
        "em": 0.0,
        "contains_gt": 0.0,
        "f1": 0.0
      },
      "X2_Y2": {
        "em": 0.3333333333333333,
        "contains_gt": 0.5,
        "f1": 0.3333333333333333
      },
      "X1_Y2": {
        "em": 0.2625,
        "contains_gt": 0.2,
        "f1": 0.2625
      },
      "X4_Y2": {
        "em": 0.0,
        "contains_gt": 0.0,
        "f1": 0.0
      },
      "X1_Y1": {
        "em": 1.0,
        "contains_gt": 1.0,
        "f1": 1.0
      }
    },
    "mcq_count": 29,
    "mcq_valid_rate": 0.7586206896551724,
    "mcq_overall": {
      "em": 0.28448275862068967,
      "contains_gt": 0.27586206896551724,
      "f1": 0.28448275862068967
    },
    "mcq_per_position_accuracy": {
      "A": 0.20689655172413793,
      "B": 0.41379310344827586,
      "C": 0.2413793103448276,
      "D": 0.27586206896551724
    }
  },
  "method_runtime": {
    "num_memories": 72,
    "debug_dir": "/common/home/mg1998/MemoryBench/output/brand_memory_test/simplemem",
    "data_dir": "/common/home/mg1998/MemoryBench/runs/simplemem/brand_memory_test"
  }
}