{
  "task_name": "personal_health_dashboard_assistant_open",
  "model_name": "gpt_4_1_nano",
  "model_path": "gpt-4.1-nano",
  "method_name": "memoryos",
  "base_method_name": "memoryos",
  "method_modality": "",
  "mode": "open",
  "num_qas": 51,
  "num_qas_run": 51,
  "dialog_json": "/Users/qingyuejiao/Desktop/MemoryBench/Benchmark_Pipeline/data/dialog/Personal_Health_Dashboard_Assistant_Open.json",
  "image_root": "/Users/qingyuejiao/Desktop/MemoryBench/Benchmark_Pipeline/data/image",
  "run_dir": "/Users/qingyuejiao/Desktop/MemoryBench/Benchmark_Pipeline/runs/personal_health_dashboard_assistant_open/20260424_210159_gpt_4_1_nano_memoryos",
  "git_commit": "b24985b9af7b246db9e6e807768083d0acb8c78a",
  "summary": {
    "open_count": 51,
    "overall": {
      "em": 0.1568627450980392,
      "contains_gt": 0.1568627450980392,
      "f1": 0.2295181677762264,
      "bleu": 0.15023146183571792,
      "bleu_1": 0.22120881362522515,
      "bleu_2": 0.1903679522008931,
      "judge": 0.18627450980392157
    },
    "by_x": {
      "X4": {
        "em": 0.18181818181818182,
        "contains_gt": 0.18181818181818182,
        "f1": 0.2660324217406261,
        "bleu": 0.1741319216732185,
        "bleu_1": 0.2564011248837837,
        "bleu_2": 0.2206537627783079,
        "judge": 0.2159090909090909
      },
      "X3": {
        "em": 0.0,
        "contains_gt": 0.0,
        "f1": 0.0,
        "bleu": 0.0,
        "bleu_1": 0.0,
        "bleu_2": 0.0,
        "judge": 0.0
      },
      "X1": {
        "em": 0.0,
        "contains_gt": 0.0,
        "f1": 0.0,
        "bleu": 0.0,
        "bleu_1": 0.0,
        "bleu_2": 0.0,
        "judge": 0.0
      }
    },
    "by_y": {
      "Y2": {
        "em": 0.1590909090909091,
        "contains_gt": 0.1590909090909091,
        "f1": 0.2409128045157457,
        "bleu": 0.1511042410453463,
        "bleu_1": 0.23215870064135943,
        "bleu_2": 0.1974305403004988,
        "judge": 0.18181818181818182
      },
      "Y3": {
        "em": 0.16666666666666666,
        "contains_gt": 0.16666666666666666,
        "f1": 0.18421052631578946,
        "bleu": 0.16886965793772954,
        "bleu_1": 0.17777777777777778,
        "bleu_2": 0.1703036315039332,
        "judge": 0.25
      },
      "Y1": {
        "em": 0.0,
        "contains_gt": 0.0,
        "f1": 0.0,
        "bleu": 0.0,
        "bleu_1": 0.0,
        "bleu_2": 0.0,
        "judge": 0.0
      }
    },
    "by_cell": {
      "X4_Y2": {
        "em": 0.175,
        "contains_gt": 0.175,
        "f1": 0.26500408496732025,
        "bleu": 0.16621466514988092,
        "bleu_1": 0.2553745707054954,
        "bleu_2": 0.2171735943305487,
        "judge": 0.2
      },
      "X4_Y3": {
        "em": 0.25,
        "contains_gt": 0.25,
        "f1": 0.27631578947368424,
        "bleu": 0.25330448690659435,
        "bleu_1": 0.26666666666666666,
        "bleu_2": 0.2554554472558998,
        "judge": 0.375
      },
      "X3_Y2": {
        "em": 0.0,
        "contains_gt": 0.0,
        "f1": 0.0,
        "bleu": 0.0,
        "bleu_1": 0.0,
        "bleu_2": 0.0,
        "judge": 0.0
      },
      "X1_Y3": {
        "em": 0.0,
        "contains_gt": 0.0,
        "f1": 0.0,
        "bleu": 0.0,
        "bleu_1": 0.0,
        "bleu_2": 0.0,
        "judge": 0.0
      },
      "X1_Y1": {
        "em": 0.0,
        "contains_gt": 0.0,
        "f1": 0.0,
        "bleu": 0.0,
        "bleu_1": 0.0,
        "bleu_2": 0.0,
        "judge": 0.0
      }
    }
  },
  "method_runtime": {
    "caption_validation_passed": true,
    "caption_validation_round_count": 62,
    "num_memories": 97,
    "debug_dir": "/Users/qingyuejiao/Desktop/MemoryBench/Benchmark_Pipeline/output/personal_health_dashboard_assistant/memoryos/f598624e00a59557",
    "data_storage_path": "/Users/qingyuejiao/Desktop/MemoryBench/Benchmark_Pipeline/runs/personal_health_dashboard_assistant/memoryos_data/f598624e00a59557",
    "runtime_signature": "f598624e00a59557"
  },
  "judge": {
    "enabled": true,
    "model": "gpt-5.2",
    "scored_open_rows": 51
  }
}