{
  "task_name": "personal_health_dashboard_assistant_open",
  "model_name": "gpt_5_4_mini",
  "model_path": "gpt-5.4-mini",
  "method_name": "full_context_no_visual",
  "base_method_name": "full_context_no_visual",
  "method_modality": "",
  "mode": "open",
  "num_qas": 51,
  "num_qas_run": 51,
  "dialog_json": "/Users/qingyuejiao/Desktop/MemoryBench/Benchmark_Pipeline/data/dialog/Personal_Health_Dashboard_Assistant_Open.json",
  "image_root": "/Users/qingyuejiao/Desktop/MemoryBench/Benchmark_Pipeline/data/image",
  "run_dir": "/Users/qingyuejiao/Desktop/MemoryBench/Benchmark_Pipeline/runs/personal_health_dashboard_assistant_open/20260428_204920_gpt_5_4_mini_full_context_no_visual",
  "git_commit": "878c24f82b8c23afa35832b1e8f22677e85aa148",
  "summary": {
    "open_count": 51,
    "overall": {
      "em": 0.09803921568627451,
      "contains_gt": 0.09803921568627451,
      "f1": 0.14758334706431592,
      "bleu": 0.10060256780223757,
      "bleu_1": 0.14027177744386732,
      "bleu_2": 0.11231140170323617
    },
    "by_x": {
      "X4": {
        "em": 0.11363636363636363,
        "contains_gt": 0.11363636363636363,
        "f1": 0.16304112554112554,
        "bleu": 0.11609804600936804,
        "bleu_1": 0.15690592385539168,
        "bleu_2": 0.1290956444864265
      },
      "X2": {
        "em": 0.0,
        "contains_gt": 0.0,
        "f1": 0.0,
        "bleu": 0.0,
        "bleu_1": 0.0,
        "bleu_2": 0.0
      },
      "X1": {
        "em": 0.0,
        "contains_gt": 0.0,
        "f1": 0.11764705882352942,
        "bleu": 0.007472311167307434,
        "bleu_1": 0.08333333333333333,
        "bleu_2": 0.015891043154093207
      }
    },
    "by_y": {
      "Y2": {
        "em": 0.11363636363636363,
        "contains_gt": 0.11363636363636363,
        "f1": 0.13787878787878788,
        "bleu": 0.11022135876284458,
        "bleu_1": 0.13493930316053282,
        "bleu_2": 0.12194539430459744
      },
      "Y3": {
        "em": 0.0,
        "contains_gt": 0.0,
        "f1": 0.18452380952380953,
        "bleu": 0.043095706474505356,
        "bleu_1": 0.1610885517622982,
        "bleu_2": 0.052435168000079635
      },
      "Y1": {
        "em": 0.0,
        "contains_gt": 0.0,
        "f1": 0.35294117647058826,
        "bleu": 0.022416933501922302,
        "bleu_1": 0.25,
        "bleu_2": 0.047673129462279626
      }
    },
    "by_cell": {
      "X4_Y2": {
        "em": 0.125,
        "contains_gt": 0.125,
        "f1": 0.15166666666666667,
        "bleu": 0.12124349463912905,
        "bleu_1": 0.1484332334765861,
        "bleu_2": 0.1341399337350572
      },
      "X4_Y3": {
        "em": 0.0,
        "contains_gt": 0.0,
        "f1": 0.2767857142857143,
        "bleu": 0.06464355971175803,
        "bleu_1": 0.2416328276434473,
        "bleu_2": 0.07865275200011945
      },
      "X2_Y2": {
        "em": 0.0,
        "contains_gt": 0.0,
        "f1": 0.0,
        "bleu": 0.0,
        "bleu_1": 0.0,
        "bleu_2": 0.0
      },
      "X1_Y3": {
        "em": 0.0,
        "contains_gt": 0.0,
        "f1": 0.0,
        "bleu": 0.0,
        "bleu_1": 0.0,
        "bleu_2": 0.0
      },
      "X1_Y1": {
        "em": 0.0,
        "contains_gt": 0.0,
        "f1": 0.35294117647058826,
        "bleu": 0.022416933501922302,
        "bleu_1": 0.25,
        "bleu_2": 0.047673129462279626
      }
    }
  },
  "method_runtime": {
    "method_modality": "no_visual",
    "history_source": "full_context",
    "captions_loaded": false,
    "images_loaded": false,
    "history_turns_after_truncation": 194,
    "history_turns_before_truncation": 194
  }
}