{
  "task_name": "concat_brand_social_open",
  "model_name": "gpt_5_4_mini",
  "model_path": "gpt-5.4-mini",
  "method_name": "m2a",
  "base_method_name": "m2a",
  "method_modality": "",
  "mode": "open",
  "num_qas": 66,
  "num_qas_run": 66,
  "dialog_json": "/common/home/mg1998/MemoryBench/Benchmark_Pipeline/data/dialog/concat_brand_social_open.json",
  "image_root": "/common/home/mg1998/.cache/memeye_hf/MemEye/data/image",
  "run_dir": "/common/home/mg1998/MemoryBench/Benchmark_Pipeline/runs/concat_brand_social_open/20260427_011923_gpt_5_4_mini_m2a",
  "git_commit": "d8ac0cb71367c6f0314274b4a514968eab3f678b",
  "summary": {
    "open_count": 66,
    "overall": {
      "em": 0.0,
      "contains_gt": 0.07575757575757576,
      "f1": 0.11027668114850893,
      "bleu": 0.01793189484714085,
      "bleu_1": 0.07913039767457422,
      "bleu_2": 0.04076133840347111,
      "judge": 0.25757575757575757
    },
    "by_x": {
      "X4": {
        "em": 0.0,
        "contains_gt": 0.0,
        "f1": 0.1581196581196581,
        "bleu": 0.02012893524064132,
        "bleu_1": 0.12857142857142856,
        "bleu_2": 0.03411329642252292,
        "judge": 0.3333333333333333
      },
      "X3": {
        "em": 0.0,
        "contains_gt": 0.029411764705882353,
        "f1": 0.12954067191854438,
        "bleu": 0.022650512718244257,
        "bleu_1": 0.09589748824251382,
        "bleu_2": 0.052772444391247744,
        "judge": 0.29411764705882354
      },
      "X1": {
        "em": 0.0,
        "contains_gt": 0.11538461538461539,
        "f1": 0.07825707582219005,
        "bleu": 0.011819342434848031,
        "bleu_1": 0.05243496841322928,
        "bleu_2": 0.02495250469058352,
        "judge": 0.19230769230769232
      },
      "X2": {
        "em": 0.0,
        "contains_gt": 0.3333333333333333,
        "f1": 0.12161172161172162,
        "bleu": 0.015232639487672889,
        "bleu_1": 0.07102272727272728,
        "bleu_2": 0.0482934047013099,
        "judge": 0.3333333333333333
      }
    },
    "by_y": {
      "Y1": {
        "em": 0.0,
        "contains_gt": 0.125,
        "f1": 0.28610711184240595,
        "bleu": 0.06456101510045047,
        "bleu_1": 0.21048060449751835,
        "bleu_2": 0.14647571913610918,
        "judge": 0.4375
      },
      "Y2": {
        "em": 0.0,
        "contains_gt": 0.07692307692307693,
        "f1": 0.059902299279277677,
        "bleu": 0.007291562957686778,
        "bleu_1": 0.04123890300502291,
        "bleu_2": 0.017023492254450618,
        "judge": 0.15384615384615385
      },
      "Y3": {
        "em": 0.0,
        "contains_gt": 0.0,
        "f1": 0.31241408308998375,
        "bleu": 0.04797594421799666,
        "bleu_1": 0.23238974238009338,
        "bleu_2": 0.10553683071813129,
        "judge": 0.9166666666666666
      }
    },
    "by_cell": {
      "X4_Y1": {
        "em": 0.0,
        "contains_gt": 0.0,
        "f1": 0.16666666666666669,
        "bleu": 0.021105340631872645,
        "bleu_1": 0.10000000000000002,
        "bleu_2": 0.03333333333333335,
        "judge": 0.0
      },
      "X3_Y2": {
        "em": 0.0,
        "contains_gt": 0.037037037037037035,
        "f1": 0.08178859406364614,
        "bleu": 0.009942311344445525,
        "bleu_1": 0.056016987798033546,
        "bleu_2": 0.02598745404853234,
        "judge": 0.18518518518518517
      },
      "X1_Y2": {
        "em": 0.0,
        "contains_gt": 0.14285714285714285,
        "f1": 0.02579963609375374,
        "bleu": 0.0031239550109187363,
        "bleu_1": 0.015000000000000001,
        "bleu_2": 0.0049768352559781985,
        "judge": 0.09523809523809523
      },
      "X2_Y2": {
        "em": 0.0,
        "contains_gt": 0.0,
        "f1": 0.02857142857142857,
        "bleu": 0.0029171735901692593,
        "bleu_1": 0.015625,
        "bleu_2": 0.005020120805640616,
        "judge": 0.0
      },
      "X4_Y2": {
        "em": 0.0,
        "contains_gt": 0.0,
        "f1": 0.15384615384615383,
        "bleu": 0.019640732545025658,
        "bleu_1": 0.14285714285714285,
        "bleu_2": 0.03450327796711771,
        "judge": 0.5
      },
      "X1_Y1": {
        "em": 0.0,
        "contains_gt": 0.0,
        "f1": 0.25668449197860965,
        "bleu": 0.05050487021259179,
        "bleu_1": 0.18518518518518517,
        "bleu_2": 0.12353371098610995,
        "judge": 0.3333333333333333
      },
      "X3_Y3": {
        "em": 0.0,
        "contains_gt": 0.0,
        "f1": 0.2879115902669047,
        "bleu": 0.04941760696725,
        "bleu_1": 0.22539620777303865,
        "bleu_2": 0.11489263392187206,
        "judge": 0.875
      },
      "X3_Y1": {
        "em": 0.0,
        "contains_gt": 0.0,
        "f1": 0.34814814814814815,
        "bleu": 0.10133486608375851,
        "bleu_1": 0.28215703286880317,
        "bleu_2": 0.2110104381015206,
        "judge": 0.5
      },
      "X2_Y1": {
        "em": 0.0,
        "contains_gt": 1.0,
        "f1": 0.3076923076923077,
        "bleu": 0.03986357128268015,
        "bleu_1": 0.18181818181818182,
        "bleu_2": 0.13483997249264845,
        "judge": 1.0
      },
      "X1_Y3": {
        "em": 0.0,
        "contains_gt": 0.0,
        "f1": 0.36141906873614194,
        "bleu": 0.04509261871948998,
        "bleu_1": 0.24637681159420288,
        "bleu_2": 0.08682522431064976,
        "judge": 1.0
      }
    }
  },
  "judge": {
    "enabled": true,
    "model": "gpt-5.2",
    "scored_open_rows": 66
  }
}
