{
  "task_name": "home_renovation_interior_design",
  "model_name": "gpt_4_1_nano",
  "model_path": "gpt-4.1-nano",
  "method_name": "m2a",
  "base_method_name": "m2a",
  "method_modality": "",
  "mode": "mcq",
  "num_qas": 50,
  "num_qas_run": 50,
  "dialog_json": "/common/home/mg1998/.cache/memeye_hf/MemEye/data/dialog/Home_Renovation_Interior_Design.json",
  "image_root": "/common/home/mg1998/.cache/memeye_hf/MemEye/data/image",
  "run_dir": "/common/home/mg1998/MemoryBench/Benchmark_Pipeline/runs/home_renovation_interior_design/20260409_104225_gpt_4_1_nano_m2a",
  "git_commit": "ea7af6bf6f4bb589d83cc267fe5554187d060b18",
  "summary": {
    "open_count": 50,
    "overall": {
      "em": 0.28,
      "contains_gt": 0.28,
      "f1": 0.28
    },
    "by_x": {
      "X3": {
        "em": 0.3333333333333333,
        "contains_gt": 0.3333333333333333,
        "f1": 0.3333333333333333
      },
      "X4": {
        "em": 0.25925925925925924,
        "contains_gt": 0.25925925925925924,
        "f1": 0.25925925925925924
      },
      "X2": {
        "em": 0.4,
        "contains_gt": 0.4,
        "f1": 0.4
      },
      "X0": {
        "em": 0.0,
        "contains_gt": 0.0,
        "f1": 0.0
      }
    },
    "by_y": {
      "Y2": {
        "em": 0.20833333333333334,
        "contains_gt": 0.20833333333333334,
        "f1": 0.20833333333333334
      },
      "Y1": {
        "em": 0.3076923076923077,
        "contains_gt": 0.3076923076923077,
        "f1": 0.3076923076923077
      },
      "Y3": {
        "em": 0.38461538461538464,
        "contains_gt": 0.38461538461538464,
        "f1": 0.38461538461538464
      }
    },
    "by_cell": {
      "X3_Y2": {
        "em": 0.4,
        "contains_gt": 0.4,
        "f1": 0.4
      },
      "X4_Y1": {
        "em": 0.375,
        "contains_gt": 0.375,
        "f1": 0.375
      },
      "X2_Y3": {
        "em": 0.4,
        "contains_gt": 0.4,
        "f1": 0.4
      },
      "X4_Y2": {
        "em": 0.07142857142857142,
        "contains_gt": 0.07142857142857142,
        "f1": 0.07142857142857142
      },
      "X3_Y1": {
        "em": 0.2,
        "contains_gt": 0.2,
        "f1": 0.2
      },
      "X4_Y3": {
        "em": 0.6,
        "contains_gt": 0.6,
        "f1": 0.6
      },
      "X0_Y3": {
        "em": 0.0,
        "contains_gt": 0.0,
        "f1": 0.0
      }
    },
    "mcq_count": 50,
    "mcq_valid_rate": 0.92,
    "mcq_overall": {
      "em": 0.28,
      "contains_gt": 0.28,
      "f1": 0.28
    }
  }
}