{
  "task_name": "home_renovation_interior_design",
  "model_name": "gpt_4_1_nano",
  "model_path": "gpt-4.1-nano",
  "method_name": "m2a_full_tuned",
  "mode": "open",
  "num_qas": 23,
  "num_qas_run": 23,
  "dialog_json": "/Users/qingyuejiao/Desktop/MemoryBench/Benchmark_Pipeline/data/dialog/Home_Renovation_Interior_Design.json",
  "image_root": "/Users/qingyuejiao/Desktop/MemoryBench/Benchmark_Pipeline/data/image",
  "run_dir": "/Users/qingyuejiao/Desktop/MemoryBench/Benchmark_Pipeline/runs/home_renovation_interior_design/20260325_112029_gpt_4_1_nano_m2a_full_tuned",
  "git_commit": "9d2e328c4714d06c005251530996057fd5dfa3bf",
  "summary": {
    "open_count": 23,
    "open_exact_rate": 0.21739130434782608,
    "open_contains_rate": 0.21739130434782608,
    "open_f1_avg": 0.3805005986909865,
    "open_bleu_1_avg": 0.28536908681478523,
    "open_bleu_2_avg": 0.117679142326098,
    "point_metrics": {
      "X4|Y1": {
        "open_exact_rate": 0.125,
        "open_contains_rate": 0.125,
        "open_f1_avg": 0.33121622386328264,
        "open_bleu_1_avg": 0.23337639377211755,
        "open_bleu_2_avg": 0.1384627586951338
      },
      "X3|Y1": {
        "open_exact_rate": 0.5,
        "open_contains_rate": 0.5,
        "open_f1_avg": 0.5544117647058824,
        "open_bleu_1_avg": 0.5000000802830751,
        "open_bleu_2_avg": 0.15811390839615647
      },
      "X4|Y2": {
        "open_exact_rate": 0.14285714285714285,
        "open_contains_rate": 0.14285714285714285,
        "open_f1_avg": 0.28436293991382083,
        "open_bleu_1_avg": 0.17262173499169572,
        "open_bleu_2_avg": 0.06294747953627791
      },
      "X4|Y3": {
        "open_exact_rate": 0.0,
        "open_contains_rate": 0.0,
        "open_f1_avg": 0.30303030303030304,
        "open_bleu_1_avg": 0.12148821231389349,
        "open_bleu_2_avg": 0.062244186511245664
      },
      "X0|Y2": {
        "open_exact_rate": 0.5,
        "open_contains_rate": 0.5,
        "open_f1_avg": 0.7452830188679245,
        "open_bleu_1_avg": 0.6833185764725382,
        "open_bleu_2_avg": 0.23179300592969349
      },
      "X0|Y3": {
        "open_exact_rate": 0.0,
        "open_contains_rate": 0.0,
        "open_f1_avg": 0.1,
        "open_bleu_1_avg": 1.522997974471263e-08,
        "open_bleu_2_avg": 1.522997974471263e-08
      }
    },
    "x_metrics": {
      "X4": {
        "open_exact_rate": 0.125,
        "open_contains_rate": 0.125,
        "open_f1_avg": 0.3089562920833319,
        "open_bleu_1_avg": 0.19980321921454403,
        "open_bleu_2_avg": 0.10066116330164135
      },
      "X3": {
        "open_exact_rate": 0.5,
        "open_contains_rate": 0.5,
        "open_f1_avg": 0.5544117647058824,
        "open_bleu_1_avg": 0.5000000802830751,
        "open_bleu_2_avg": 0.15811390839615647
      },
      "X0": {
        "open_exact_rate": 0.3333333333333333,
        "open_contains_rate": 0.3333333333333333,
        "open_f1_avg": 0.530188679245283,
        "open_bleu_1_avg": 0.4555457227250188,
        "open_bleu_2_avg": 0.15452867569645556
      }
    },
    "y_metrics": {
      "Y1": {
        "open_exact_rate": 0.25,
        "open_contains_rate": 0.25,
        "open_f1_avg": 0.40561473747748256,
        "open_bleu_1_avg": 0.32225095594243675,
        "open_bleu_2_avg": 0.14501314192880801
      },
      "Y2": {
        "open_exact_rate": 0.2222222222222222,
        "open_contains_rate": 0.2222222222222222,
        "open_f1_avg": 0.38678962412584394,
        "open_bleu_1_avg": 0.2861099219874385,
        "open_bleu_2_avg": 0.1004687076237036
      },
      "Y3": {
        "open_exact_rate": 0.0,
        "open_contains_rate": 0.0,
        "open_f1_avg": 0.20151515151515154,
        "open_bleu_1_avg": 0.06074411377193662,
        "open_bleu_2_avg": 0.031122100870612703
      }
    }
  },
  "method_runtime": {
    "requested_dense_embeddings": true,
    "requested_image_retrieval": true,
    "dense_embeddings_enabled": true,
    "image_retrieval_enabled": true,
    "text_embedding_model": "all-MiniLM-L6-v2",
    "image_embedding_model": "openai/clip-vit-base-patch32",
    "strict_capabilities": false,
    "dense_fallback_reason": "",
    "image_fallback_reason": "",
    "selected_round_count": 6
  }
}