{
  "task_name": "social_chat_memory_test_open",
  "model_name": "gemini_2_5_flash_lite",
  "model_path": "gemini-2.5-flash-lite",
  "method_name": "simplemem__multimodal",
  "base_method_name": "simplemem",
  "method_modality": "multimodal",
  "mode": "open",
  "num_qas": 44,
  "num_qas_run": 44,
  "dialog_json": "/common/home/mg1998/.cache/memeye_hf/MemEye/data/dialog/Social_Chat_Memory_Test_Open.json",
  "image_root": "/common/home/mg1998/.cache/memeye_hf/MemEye/data/image",
  "run_dir": "/common/home/mg1998/MemoryBench/Benchmark_Pipeline/runs/social_chat_memory_test_open/20260422_093414_gemini_2_5_flash_lite_simplemem__multimodal",
  "git_commit": "265dcfb5db60d50bff9abf401df5dcdd59de51fa",
  "summary": {
    "open_count": 44,
    "overall": {
      "em": 0.1590909090909091,
      "contains_gt": 0.1590909090909091,
      "f1": 0.28947846197177746,
      "bleu": 0.06467462021357517,
      "bleu_1": 0.23340678641747578,
      "bleu_2": 0.11083536285284637
    },
    "by_x": {
      "X2": {
        "em": 0.16666666666666666,
        "contains_gt": 0.16666666666666666,
        "f1": 0.26469681371642156,
        "bleu": 0.0625331200128022,
        "bleu_1": 0.2139266623049744,
        "bleu_2": 0.088664714450127
      },
      "X1": {
        "em": 0.0,
        "contains_gt": 0.0,
        "f1": 0.44159340659340657,
        "bleu": 0.05565264058391798,
        "bleu_1": 0.3137077518779712,
        "bleu_2": 0.13696524906413376
      },
      "X3": {
        "em": 0.5,
        "contains_gt": 0.5,
        "f1": 0.5,
        "bleu": 0.158113883008419,
        "bleu_1": 0.5,
        "bleu_2": 0.5
      },
      "X4": {
        "em": 0.0,
        "contains_gt": 0.0,
        "f1": 0.0,
        "bleu": 0.0,
        "bleu_1": 0.0,
        "bleu_2": 0.0
      }
    },
    "by_y": {
      "Y2": {
        "em": 0.2,
        "contains_gt": 0.2,
        "f1": 0.26796536796536796,
        "bleu": 0.0715046966580971,
        "bleu_1": 0.24284438912949377,
        "bleu_2": 0.09895168049204262
      },
      "Y3": {
        "em": 0.0,
        "contains_gt": 0.0,
        "f1": 0.28075957947281477,
        "bleu": 0.02163818837225741,
        "bleu_1": 0.11803650210201302,
        "bleu_2": 0.06274965205162156
      },
      "Y1": {
        "em": 0.16666666666666666,
        "contains_gt": 0.16666666666666666,
        "f1": 0.40866910866910866,
        "bleu": 0.0879061471127225,
        "bleu_1": 0.340045818611336,
        "bleu_2": 0.23436805572516495
      }
    },
    "by_cell": {
      "X2_Y2": {
        "em": 0.2222222222222222,
        "contains_gt": 0.2222222222222222,
        "f1": 0.29773929773929775,
        "bleu": 0.07944966295344122,
        "bleu_1": 0.26982709903277086,
        "bleu_2": 0.10994631165782512
      },
      "X2_Y3": {
        "em": 0.0,
        "contains_gt": 0.0,
        "f1": 0.21660801072565777,
        "bleu": 0.01649528822025572,
        "bleu_1": 0.061951150958221804,
        "bleu_2": 0.035383164934509985
      },
      "X2_Y1": {
        "em": 0.0,
        "contains_gt": 0.0,
        "f1": 0.06349206349206349,
        "bleu": 0.002359897132144031,
        "bleu_1": 0.014773754448311185,
        "bleu_2": 0.0036934386120777963
      },
      "X1_Y1": {
        "em": 0.0,
        "contains_gt": 0.0,
        "f1": 0.6307692307692307,
        "bleu": 0.10206471263153247,
        "bleu_1": 0.4979768241615412,
        "bleu_2": 0.19756400925737816
      },
      "X1_Y2": {
        "em": 0.0,
        "contains_gt": 0.0,
        "f1": 0.0,
        "bleu": 0.0,
        "bleu_1": 0.0,
        "bleu_2": 0.0
      },
      "X3_Y1": {
        "em": 1.0,
        "contains_gt": 1.0,
        "f1": 1.0,
        "bleu": 0.316227766016838,
        "bleu_1": 1.0,
        "bleu_2": 1.0
      },
      "X3_Y2": {
        "em": 0.0,
        "contains_gt": 0.0,
        "f1": 0.0,
        "bleu": 0.0,
        "bleu_1": 0.0,
        "bleu_2": 0.0
      },
      "X4_Y2": {
        "em": 0.0,
        "contains_gt": 0.0,
        "f1": 0.0,
        "bleu": 0.0,
        "bleu_1": 0.0,
        "bleu_2": 0.0
      },
      "X1_Y3": {
        "em": 0.0,
        "contains_gt": 0.0,
        "f1": 0.4732142857142857,
        "bleu": 0.03706688882826248,
        "bleu_1": 0.2862925555333867,
        "bleu_2": 0.14484911340295625
      }
    }
  },
  "method_runtime": {
    "num_memories": 53,
    "debug_dir": "/common/home/mg1998/MemoryBench/output/social_chat_memory_test_open/simplemem",
    "data_dir": "/common/home/mg1998/MemoryBench/runs/simplemem/social_chat_memory_test_open"
  }
}