{
  "task_name": "cartoon_entertainment_companion_open",
  "model_name": "gemini_2_5_flash_lite",
  "model_path": "gemini-2.5-flash-lite",
  "method_name": "m2a",
  "base_method_name": "m2a",
  "method_modality": "",
  "mode": "open",
  "num_qas": 112,
  "num_qas_run": 112,
  "dialog_json": "/common/home/mg1998/MemoryBench/Benchmark_Pipeline/data/dialog/Cartoon_Entertainment_Companion_Open.json",
  "image_root": "/common/home/mg1998/.cache/memeye_hf/MemEye/data/image",
  "run_dir": "/common/home/mg1998/MemoryBench/Benchmark_Pipeline/runs/cartoon_entertainment_companion_open/20260422_044218_gemini_2_5_flash_lite_m2a",
  "git_commit": "265dcfb5db60d50bff9abf401df5dcdd59de51fa",
  "summary": {
    "open_count": 112,
    "overall": {
      "em": 0.008928571428571428,
      "contains_gt": 0.044642857142857144,
      "f1": 0.10712809417582994,
      "bleu": 0.02078435079565023,
      "bleu_1": 0.07193295872423237,
      "bleu_2": 0.04588093543102398
    },
    "by_x": {
      "X3": {
        "em": 0.0,
        "contains_gt": 0.0,
        "f1": 0.02647785094949963,
        "bleu": 0.002483723760516698,
        "bleu_1": 0.014332822571843986,
        "bleu_2": 0.006054085088087119
      },
      "X4": {
        "em": 0.0,
        "contains_gt": 0.044444444444444446,
        "f1": 0.12070513153495135,
        "bleu": 0.01635908698977496,
        "bleu_1": 0.07545497376080246,
        "bleu_2": 0.03955476872523074
      },
      "X2": {
        "em": 0.05555555555555555,
        "contains_gt": 0.05555555555555555,
        "f1": 0.23938144529475797,
        "bleu": 0.07674359122221154,
        "bleu_1": 0.1831037974325479,
        "bleu_2": 0.15496451363175814
      },
      "X1": {
        "em": 0.0,
        "contains_gt": 0.09523809523809523,
        "f1": 0.07220808508231,
        "bleu": 0.0067028317751751006,
        "bleu_1": 0.045896674860972445,
        "bleu_2": 0.01903926418101029
      }
    },
    "by_y": {
      "Y1": {
        "em": 0.0,
        "contains_gt": 0.045454545454545456,
        "f1": 0.08052373581011352,
        "bleu": 0.01504615285915007,
        "bleu_1": 0.05419565412449663,
        "bleu_2": 0.03173666957776255
      },
      "Y2": {
        "em": 0.017543859649122806,
        "contains_gt": 0.05263157894736842,
        "f1": 0.13404458122603988,
        "bleu": 0.028287148625040216,
        "bleu_1": 0.09230861630541357,
        "bleu_2": 0.06350499439436845
      },
      "Y3": {
        "em": 0.0,
        "contains_gt": 0.0,
        "f1": 0.07406918565124421,
        "bleu": 0.00485900833481183,
        "bleu_1": 0.037299224202509154,
        "bleu_2": 0.01113332967037564
      }
    },
    "by_cell": {
      "X3_Y1": {
        "em": 0.0,
        "contains_gt": 0.0,
        "f1": 0.025176470588235293,
        "bleu": 0.002714653411427369,
        "bleu_1": 0.016906117285623926,
        "bleu_2": 0.006462037223351576
      },
      "X4_Y2": {
        "em": 0.0,
        "contains_gt": 0.0,
        "f1": 0.16481793379702264,
        "bleu": 0.015443598745847133,
        "bleu_1": 0.10607191499570011,
        "bleu_2": 0.04889147844737195
      },
      "X2_Y2": {
        "em": 0.1,
        "contains_gt": 0.1,
        "f1": 0.2786218487394958,
        "bleu": 0.1159094427818799,
        "bleu_1": 0.23483709273182957,
        "bleu_2": 0.22032108873992964
      },
      "X3_Y2": {
        "em": 0.0,
        "contains_gt": 0.0,
        "f1": 0.027979443674035404,
        "bleu": 0.002217266471004385,
        "bleu_1": 0.011363636363636364,
        "bleu_2": 0.0055833710858589
      },
      "X2_Y1": {
        "em": 0.0,
        "contains_gt": 0.0,
        "f1": 0.2216890264877881,
        "bleu": 0.03413883371077866,
        "bleu_1": 0.1398917259211377,
        "bleu_2": 0.08882068704770098
      },
      "X4_Y1": {
        "em": 0.0,
        "contains_gt": 0.10526315789473684,
        "f1": 0.07554016620498614,
        "bleu": 0.019995915793740493,
        "bleu_1": 0.04824561403508772,
        "bleu_2": 0.03649296185862802
      },
      "X1_Y1": {
        "em": 0.0,
        "contains_gt": 0.0,
        "f1": 0.09999999999999999,
        "bleu": 0.00913888057136281,
        "bleu_1": 0.09375,
        "bleu_2": 0.018298126367785
      },
      "X4_Y3": {
        "em": 0.0,
        "contains_gt": 0.0,
        "f1": 0.10705823028811973,
        "bleu": 0.006384188159202791,
        "bleu_1": 0.05025938753194829,
        "bleu_2": 0.01197545398532797
      },
      "X2_Y3": {
        "em": 0.0,
        "contains_gt": 0.0,
        "f1": 0.0962566844919786,
        "bleu": 0.008728605958168427,
        "bleu_1": 0.05407353547037032,
        "bleu_2": 0.02661311784307215
      },
      "X1_Y2": {
        "em": 0.0,
        "contains_gt": 0.15384615384615385,
        "f1": 0.07918563576841381,
        "bleu": 0.007702538924818966,
        "bleu_1": 0.04138328572717713,
        "bleu_2": 0.02440530165913294
      },
      "X1_Y3": {
        "em": 0.0,
        "contains_gt": 0.0,
        "f1": 0.021739130434782608,
        "bleu": 0.0010177347426448286,
        "bleu_1": 0.012711864406779662,
        "bleu_2": 0.0023407801903369725
      }
    }
  }
}