{
  "task_name": "cartoon_entertainment_companion_open",
  "model_name": "gemini_2_5_flash_lite",
  "model_path": "gemini-2.5-flash-lite",
  "method_name": "reflexion",
  "base_method_name": "reflexion",
  "method_modality": "",
  "mode": "open",
  "num_qas": 112,
  "num_qas_run": 112,
  "dialog_json": "/common/home/mg1998/MemoryBench/Benchmark_Pipeline/data/dialog/Cartoon_Entertainment_Companion_Open.json",
  "image_root": "/common/home/mg1998/.cache/memeye_hf/MemEye/data/image",
  "run_dir": "/common/home/mg1998/MemoryBench/Benchmark_Pipeline/runs/cartoon_entertainment_companion_open/20260422_043900_gemini_2_5_flash_lite_reflexion",
  "git_commit": "265dcfb5db60d50bff9abf401df5dcdd59de51fa",
  "summary": {
    "open_count": 112,
    "overall": {
      "em": 0.08035714285714286,
      "contains_gt": 0.09821428571428571,
      "f1": 0.27807583060521174,
      "bleu": 0.07085955202066307,
      "bleu_1": 0.2122520687231667,
      "bleu_2": 0.1527111102498466
    },
    "by_x": {
      "X3": {
        "em": 0.03571428571428571,
        "contains_gt": 0.03571428571428571,
        "f1": 0.1521672739828423,
        "bleu": 0.024793309144753393,
        "bleu_1": 0.10919097661602409,
        "bleu_2": 0.07396247517259541
      },
      "X4": {
        "em": 0.044444444444444446,
        "contains_gt": 0.06666666666666667,
        "f1": 0.24715590599304682,
        "bleu": 0.05842224787605706,
        "bleu_1": 0.18579086543308296,
        "bleu_2": 0.12438731104366992
      },
      "X2": {
        "em": 0.05555555555555555,
        "contains_gt": 0.05555555555555555,
        "f1": 0.32009389260601573,
        "bleu": 0.09333410924416734,
        "bleu_1": 0.22727534944829908,
        "bleu_2": 0.1653423006394526
      },
      "X1": {
        "em": 0.23809523809523808,
        "contains_gt": 0.2857142857142857,
        "f1": 0.47619540569851126,
        "bleu": 0.13966866902112332,
        "bleu_1": 0.39349233891370855,
        "bleu_2": 0.307576411174993
      }
    },
    "by_y": {
      "Y1": {
        "em": 0.045454545454545456,
        "contains_gt": 0.06818181818181818,
        "f1": 0.176298968982586,
        "bleu": 0.049951099306288604,
        "bleu_1": 0.13990682945039556,
        "bleu_2": 0.09022429199433198
      },
      "Y2": {
        "em": 0.12280701754385964,
        "contains_gt": 0.14035087719298245,
        "f1": 0.36851996680691246,
        "bleu": 0.09623035984660314,
        "bleu_1": 0.27898659901291945,
        "bleu_2": 0.21458539404338223
      },
      "Y3": {
        "em": 0.0,
        "contains_gt": 0.0,
        "f1": 0.2165182076869015,
        "bleu": 0.023026449598289703,
        "bleu_1": 0.15582682340371423,
        "bleu_2": 0.08203709452358394
      }
    },
    "by_cell": {
      "X3_Y1": {
        "em": 0.0,
        "contains_gt": 0.0,
        "f1": 0.06676036360246887,
        "bleu": 0.009301071522053237,
        "bleu_1": 0.04586894586894587,
        "bleu_2": 0.02531419658623179
      },
      "X4_Y2": {
        "em": 0.0,
        "contains_gt": 0.0,
        "f1": 0.29668607862046703,
        "bleu": 0.03988106996081645,
        "bleu_1": 0.19568562048285354,
        "bleu_2": 0.1180428614274791
      },
      "X2_Y2": {
        "em": 0.1,
        "contains_gt": 0.1,
        "f1": 0.3577857001386413,
        "bleu": 0.15119925384920144,
        "bleu_1": 0.292180106934784,
        "bleu_2": 0.248526975368354
      },
      "X3_Y2": {
        "em": 0.07692307692307693,
        "contains_gt": 0.07692307692307693,
        "f1": 0.25071370903711937,
        "bleu": 0.04266896794017665,
        "bleu_1": 0.1822548582472682,
        "bleu_2": 0.13009510431070725
      },
      "X2_Y1": {
        "em": 0.0,
        "contains_gt": 0.0,
        "f1": 0.2882425308895897,
        "bleu": 0.02370498353857807,
        "bleu_1": 0.15295683241666821,
        "bleu_2": 0.06278934737589881
      },
      "X4_Y1": {
        "em": 0.10526315789473684,
        "contains_gt": 0.15789473684210525,
        "f1": 0.193734335839599,
        "bleu": 0.08692727209531201,
        "bleu_1": 0.1760717583432265,
        "bleu_2": 0.138829239048132
      },
      "X1_Y1": {
        "em": 0.0,
        "contains_gt": 0.0,
        "f1": 0.33633540372670806,
        "bleu": 0.06612105640087589,
        "bleu_1": 0.3011904761904762,
        "bleu_2": 0.1439160681968074
      },
      "X4_Y3": {
        "em": 0.0,
        "contains_gt": 0.0,
        "f1": 0.2421311475409836,
        "bleu": 0.027976103086898733,
        "bleu_1": 0.18116550116550117,
        "bleu_2": 0.09615467301471542
      },
      "X2_Y3": {
        "em": 0.0,
        "contains_gt": 0.0,
        "f1": 0.2271889400921659,
        "bleu": 0.012895763335764681,
        "bleu_1": 0.12570711311076704,
        "bleu_2": 0.05707778678560696
      },
      "X1_Y2": {
        "em": 0.38461538461538464,
        "contains_gt": 0.46153846153846156,
        "f1": 0.6106227106227107,
        "bleu": 0.19853376310499404,
        "bleu_1": 0.5001326066949352,
        "bleu_2": 0.4289200969825378
      },
      "X1_Y3": {
        "em": 0.0,
        "contains_gt": 0.0,
        "f1": 0.17916666666666667,
        "bleu": 0.021904725868790925,
        "bleu_1": 0.1392133313479541,
        "bleu_2": 0.07686977527865811
      }
    }
  },
  "method_runtime": {
    "num_memories": 299,
    "debug_dir": "/common/home/mg1998/MemoryBench/output/cartoon_entertainment_companion_open/reflexion"
  }
}