{
  "task_name": "multi_scene_visual_case_archive_assistant_open",
  "model_name": "gemini_2_5_flash_lite",
  "model_path": "gemini-2.5-flash-lite",
  "method_name": "m2a",
  "base_method_name": "m2a",
  "method_modality": "",
  "mode": "open",
  "num_qas": 59,
  "num_qas_run": 59,
  "dialog_json": "/common/home/mg1998/.cache/memeye_hf/MemEye/data/dialog/Multi-Scene_Visual_Case_Archive_Assistant_Open.json",
  "image_root": "/common/home/mg1998/.cache/memeye_hf/MemEye/data/image",
  "run_dir": "/common/home/mg1998/MemoryBench/Benchmark_Pipeline/runs/multi_scene_visual_case_archive_assistant_open/20260422_065911_gemini_2_5_flash_lite_m2a",
  "git_commit": "265dcfb5db60d50bff9abf401df5dcdd59de51fa",
  "summary": {
    "open_count": 59,
    "overall": {
      "em": 0.0,
      "contains_gt": 0.03389830508474576,
      "f1": 0.1285474743102427,
      "bleu": 0.023296330141951264,
      "bleu_1": 0.07617061907072306,
      "bleu_2": 0.046935293391876055
    },
    "by_x": {
      "X4": {
        "em": 0.0,
        "contains_gt": 0.14285714285714285,
        "f1": 0.08837828837828836,
        "bleu": 0.022641735148303373,
        "bleu_1": 0.05188884064264003,
        "bleu_2": 0.03518536773021648
      },
      "X2": {
        "em": 0.0,
        "contains_gt": 0.1111111111111111,
        "f1": 0.08006535947712418,
        "bleu": 0.028013867196067705,
        "bleu_1": 0.06196581196581196,
        "bleu_2": 0.05181470384635868
      },
      "X3": {
        "em": 0.0,
        "contains_gt": 0.0,
        "f1": 0.14523406349679494,
        "bleu": 0.02241550064121841,
        "bleu_1": 0.08309656588329936,
        "bleu_2": 0.04782680003237078
      }
    },
    "by_y": {
      "Y2": {
        "em": 0.0,
        "contains_gt": 0.0,
        "f1": 0.0977983307015565,
        "bleu": 0.02614256387677115,
        "bleu_1": 0.057874983480903926,
        "bleu_2": 0.04438405569192027
      },
      "Y3": {
        "em": 0.0,
        "contains_gt": 0.15384615384615385,
        "f1": 0.09210430092783034,
        "bleu": 0.02240471235293193,
        "bleu_1": 0.0682319704586911,
        "bleu_2": 0.0417178241107049
      },
      "Y1": {
        "em": 0.0,
        "contains_gt": 0.0,
        "f1": 0.15024893792297106,
        "bleu": 0.022827682750536052,
        "bleu_1": 0.08411947428890658,
        "bleu_2": 0.04952805666006446
      }
    },
    "by_cell": {
      "X4_Y2": {
        "em": 0.0,
        "contains_gt": 0.0,
        "f1": 0.09706293706293703,
        "bleu": 0.028841702691892863,
        "bleu_1": 0.05835866261398176,
        "bleu_2": 0.044571442512918114
      },
      "X2_Y2": {
        "em": 0.0,
        "contains_gt": 0.0,
        "f1": 0.0,
        "bleu": 0.0,
        "bleu_1": 0.0,
        "bleu_2": 0.0
      },
      "X3_Y3": {
        "em": 0.0,
        "contains_gt": 0.0,
        "f1": 0.06868686868686869,
        "bleu": 0.004970564648969289,
        "bleu_1": 0.05157894736842105,
        "bleu_2": 0.010511803455002158
      },
      "X2_Y3": {
        "em": 0.0,
        "contains_gt": 0.16666666666666666,
        "f1": 0.12009803921568628,
        "bleu": 0.04202080079410156,
        "bleu_1": 0.09294871794871794,
        "bleu_2": 0.07772205576953803
      },
      "X3_Y1": {
        "em": 0.0,
        "contains_gt": 0.0,
        "f1": 0.15024893792297106,
        "bleu": 0.022827682750536052,
        "bleu_1": 0.08411947428890658,
        "bleu_2": 0.04952805666006446
      },
      "X3_Y2": {
        "em": 0.0,
        "contains_gt": 0.0,
        "f1": 0.24633431085043989,
        "bleu": 0.05860856265412359,
        "bleu_1": 0.14347826086956522,
        "bleu_2": 0.11049167217730607
      },
      "X4_Y3": {
        "em": 0.0,
        "contains_gt": 0.5,
        "f1": 0.06666666666666667,
        "bleu": 0.007141816289329645,
        "bleu_1": 0.035714285714285705,
        "bleu_2": 0.011720180773462386
      }
    }
  }
}