{
  "task_name": "home_renovation_interior_design_open",
  "model_name": "gemini_2_5_flash_lite",
  "model_path": "gemini-2.5-flash-lite",
  "method_name": "reflexion",
  "base_method_name": "reflexion",
  "method_modality": "",
  "mode": "open",
  "num_qas": 65,
  "num_qas_run": 65,
  "dialog_json": "/common/home/mg1998/.cache/memeye_hf/MemEye/data/dialog/Home_Renovation_Interior_Design_Open.json",
  "image_root": "/common/home/mg1998/.cache/memeye_hf/MemEye/data/image",
  "run_dir": "/common/home/mg1998/MemoryBench/Benchmark_Pipeline/runs/home_renovation_interior_design_open/20260422_054940_gemini_2_5_flash_lite_reflexion",
  "git_commit": "265dcfb5db60d50bff9abf401df5dcdd59de51fa",
  "summary": {
    "open_count": 65,
    "overall": {
      "em": 0.046153846153846156,
      "contains_gt": 0.07692307692307693,
      "f1": 0.18713174179951983,
      "bleu": 0.06228641974951833,
      "bleu_1": 0.14715317901415936,
      "bleu_2": 0.10451772372608291
    },
    "by_x": {
      "X4": {
        "em": 0.125,
        "contains_gt": 0.125,
        "f1": 0.2608974358974359,
        "bleu": 0.057669012553834983,
        "bleu_1": 0.22560655415328354,
        "bleu_2": 0.17059959720136164
      },
      "X3": {
        "em": 0.023255813953488372,
        "contains_gt": 0.06976744186046512,
        "f1": 0.14746811456077782,
        "bleu": 0.048069425726241885,
        "bleu_1": 0.11073132294062527,
        "bleu_2": 0.07344076883599768
      },
      "X2": {
        "em": 0.07692307692307693,
        "contains_gt": 0.07692307692307693,
        "f1": 0.22578883105198894,
        "bleu": 0.0790963404246969,
        "bleu_1": 0.1793838961215798,
        "bleu_2": 0.12720683113755604
      },
      "X1": {
        "em": 0.0,
        "contains_gt": 0.0,
        "f1": 0.8,
        "bleu": 0.4920274515385508,
        "bleu_1": 0.6666666666666666,
        "bleu_2": 0.6172133998483675
      }
    },
    "by_y": {
      "Y2": {
        "em": 0.0,
        "contains_gt": 0.0,
        "f1": 0.1030204186937933,
        "bleu": 0.023594279922758418,
        "bleu_1": 0.08074899937789898,
        "bleu_2": 0.040958333438527235
      },
      "Y1": {
        "em": 0.022222222222222223,
        "contains_gt": 0.06666666666666667,
        "f1": 0.1818200707674392,
        "bleu": 0.05953150615779155,
        "bleu_1": 0.13199198472312537,
        "bleu_2": 0.08909376138456385
      },
      "Y3": {
        "em": 0.5,
        "contains_gt": 0.5,
        "f1": 0.5833333333333334,
        "bleu": 0.24804775696348424,
        "bleu_1": 0.5833333333333334,
        "bleu_2": 0.5322748612183952
      }
    },
    "by_cell": {
      "X4_Y2": {
        "em": 0.0,
        "contains_gt": 0.0,
        "f1": 0.26666666666666666,
        "bleu": 0.018842495822462092,
        "bleu_1": 0.18575954994646748,
        "bleu_2": 0.03663227726519933
      },
      "X3_Y2": {
        "em": 0.0,
        "contains_gt": 0.0,
        "f1": 0.0392156862745098,
        "bleu": 0.0074387268964222165,
        "bleu_1": 0.03333333333333333,
        "bleu_2": 0.024845199749997663
      },
      "X3_Y1": {
        "em": 0.02702702702702703,
        "contains_gt": 0.08108108108108109,
        "f1": 0.16502256239098345,
        "bleu": 0.054658187698645076,
        "bleu_1": 0.12328234828234828,
        "bleu_2": 0.08132113139048416
      },
      "X2_Y3": {
        "em": 0.3333333333333333,
        "contains_gt": 0.3333333333333333,
        "f1": 0.4444444444444444,
        "bleu": 0.225321087279033,
        "bleu_1": 0.4444444444444444,
        "bleu_2": 0.37636648162452685
      },
      "X2_Y1": {
        "em": 0.0,
        "contains_gt": 0.0,
        "f1": 0.3611111111111111,
        "bleu": 0.02854901897164174,
        "bleu_1": 0.13909621304687778,
        "bleu_2": 0.04579588896429836
      },
      "X2_Y2": {
        "em": 0.0,
        "contains_gt": 0.0,
        "f1": 0.1099624060150376,
        "bleu": 0.03689889071758465,
        "bleu_1": 0.09005811126918108,
        "bleu_2": 0.05412469774825639
      },
      "X4_Y1": {
        "em": 0.0,
        "contains_gt": 0.0,
        "f1": 0.11076923076923077,
        "bleu": 0.021487868553783537,
        "bleu_1": 0.08666666666666667,
        "bleu_2": 0.0583064446160989
      },
      "X4_Y3": {
        "em": 1.0,
        "contains_gt": 1.0,
        "f1": 1.0,
        "bleu": 0.316227766016838,
        "bleu_1": 1.0,
        "bleu_2": 1.0
      },
      "X1_Y1": {
        "em": 0.0,
        "contains_gt": 0.0,
        "f1": 0.8,
        "bleu": 0.4920274515385508,
        "bleu_1": 0.6666666666666666,
        "bleu_2": 0.6172133998483675
      }
    }
  },
  "method_runtime": {
    "num_memories": 120,
    "debug_dir": "/common/home/mg1998/MemoryBench/output/home_renovation_interior_design/reflexion"
  }
}