{
  "task_name": "cartoon_entertainment_companion_open",
  "model_name": "gemini_2_5_flash_lite",
  "model_path": "gemini-2.5-flash-lite",
  "method_name": "full_context_multimodal",
  "base_method_name": "full_context_multimodal",
  "method_modality": "",
  "mode": "open",
  "num_qas": 112,
  "num_qas_run": 112,
  "dialog_json": "/common/home/mg1998/MemoryBench/Benchmark_Pipeline/data/dialog/Cartoon_Entertainment_Companion_Open.json",
  "image_root": "/common/home/mg1998/.cache/memeye_hf/MemEye/data/image",
  "run_dir": "/common/home/mg1998/MemoryBench/Benchmark_Pipeline/runs/cartoon_entertainment_companion_open/20260422_030909_gemini_2_5_flash_lite_full_context_multimodal",
  "git_commit": "265dcfb5db60d50bff9abf401df5dcdd59de51fa",
  "summary": {
    "open_count": 112,
    "overall": {
      "em": 0.13392857142857142,
      "contains_gt": 0.16964285714285715,
      "f1": 0.35936145588010926,
      "bleu": 0.09628086269821869,
      "bleu_1": 0.2822304808257915,
      "bleu_2": 0.19972098128711338
    },
    "by_x": {
      "X3": {
        "em": 0.07142857142857142,
        "contains_gt": 0.14285714285714285,
        "f1": 0.27214458510677,
        "bleu": 0.04602228504473244,
        "bleu_1": 0.19536682024461696,
        "bleu_2": 0.13030465842525657
      },
      "X4": {
        "em": 0.13333333333333333,
        "contains_gt": 0.15555555555555556,
        "f1": 0.3692697533443185,
        "bleu": 0.11262673536774949,
        "bleu_1": 0.30024481388261276,
        "bleu_2": 0.19302094143961088
      },
      "X2": {
        "em": 0.1111111111111111,
        "contains_gt": 0.1111111111111111,
        "f1": 0.381008028588008,
        "bleu": 0.08959713307268638,
        "bleu_1": 0.26406538493770926,
        "bleu_2": 0.2129882012789422
      },
      "X1": {
        "em": 0.23809523809523808,
        "contains_gt": 0.2857142857142857,
        "f1": 0.4358643457382953,
        "bleu": 0.13399434067099533,
        "bleu_1": 0.37501663485919196,
        "bleu_2": 0.295261403830765
      }
    },
    "by_y": {
      "Y1": {
        "em": 0.11363636363636363,
        "contains_gt": 0.18181818181818182,
        "f1": 0.2810490579330292,
        "bleu": 0.08289009156781627,
        "bleu_1": 0.2244820963243116,
        "bleu_2": 0.13223921470297612
      },
      "Y2": {
        "em": 0.17543859649122806,
        "contains_gt": 0.19298245614035087,
        "f1": 0.44902179737787823,
        "bleu": 0.12035166423877196,
        "bleu_1": 0.35660770458932894,
        "bleu_2": 0.27643248087778816
      },
      "Y3": {
        "em": 0.0,
        "contains_gt": 0.0,
        "f1": 0.2080074599072629,
        "bleu": 0.02511343014605224,
        "bleu_1": 0.1278147684206534,
        "bleu_2": 0.0721430042901659
      }
    },
    "by_cell": {
      "X3_Y1": {
        "em": 0.0,
        "contains_gt": 0.13333333333333333,
        "f1": 0.1635064935064935,
        "bleu": 0.021397566357638235,
        "bleu_1": 0.09505816704014106,
        "bleu_2": 0.04247100837636729
      },
      "X4_Y2": {
        "em": 0.047619047619047616,
        "contains_gt": 0.047619047619047616,
        "f1": 0.39391138185975344,
        "bleu": 0.09693750720322761,
        "bleu_1": 0.30411451248856947,
        "bleu_2": 0.20045653356425114
      },
      "X2_Y2": {
        "em": 0.2,
        "contains_gt": 0.2,
        "f1": 0.4049890546330175,
        "bleu": 0.11802135248689279,
        "bleu_1": 0.2894112051050474,
        "bleu_2": 0.2643409868133146
      },
      "X3_Y2": {
        "em": 0.15384615384615385,
        "contains_gt": 0.15384615384615385,
        "f1": 0.39749622926093514,
        "bleu": 0.0744354219913796,
        "bleu_1": 0.31110757394208916,
        "bleu_2": 0.2316511777124365
      },
      "X2_Y1": {
        "em": 0.0,
        "contains_gt": 0.0,
        "f1": 0.4068783068783069,
        "bleu": 0.06816808204018934,
        "bleu_1": 0.28107221648015407,
        "bleu_2": 0.18462338678099022
      },
      "X4_Y1": {
        "em": 0.2631578947368421,
        "contains_gt": 0.3157894736842105,
        "f1": 0.35549653485941574,
        "bleu": 0.14934736945367544,
        "bleu_1": 0.32315297019929845,
        "bleu_2": 0.20673619043253716
      },
      "X1_Y1": {
        "em": 0.0,
        "contains_gt": 0.0,
        "f1": 0.17946428571428572,
        "bleu": 0.019898005439593254,
        "bleu_1": 0.15625,
        "bleu_2": 0.036433095595323074
      },
      "X4_Y3": {
        "em": 0.0,
        "contains_gt": 0.0,
        "f1": 0.3181131438221222,
        "bleu": 0.038983084132222824,
        "bleu_1": 0.19694108573418917,
        "bleu_2": 0.1096735083430019
      },
      "X2_Y3": {
        "em": 0.0,
        "contains_gt": 0.0,
        "f1": 0.18349206349206348,
        "bleu": 0.011763189099145439,
        "bleu_1": 0.0863157894736842,
        "bleu_2": 0.04131871710093607
      },
      "X1_Y2": {
        "em": 0.38461538461538464,
        "contains_gt": 0.46153846153846156,
        "f1": 0.6234432234432234,
        "bleu": 0.20588332304502766,
        "bleu_1": 0.5385941451564736,
        "bleu_2": 0.4532453097530638
      },
      "X1_Y3": {
        "em": 0.0,
        "contains_gt": 0.0,
        "f1": 0.08263305322128851,
        "bleu": 0.014451483186792402,
        "bleu_1": 0.062156361252218253,
        "bleu_2": 0.04064201781873584
      }
    }
  },
  "method_runtime": {
    "method_modality": "multimodal",
    "history_source": "full_context",
    "captions_loaded": false,
    "images_loaded": true,
    "history_turns_after_truncation": 598,
    "history_turns_before_truncation": 598
  }
}