{
  "task_name": "home_renovation_interior_design_open",
  "model_name": "gemini_2_5_flash_lite",
  "model_path": "gemini-2.5-flash-lite",
  "method_name": "a_mem",
  "base_method_name": "a_mem",
  "method_modality": "",
  "mode": "open",
  "num_qas": 65,
  "num_qas_run": 65,
  "dialog_json": "/common/home/mg1998/.cache/memeye_hf/MemEye/data/dialog/Home_Renovation_Interior_Design_Open.json",
  "image_root": "/common/home/mg1998/.cache/memeye_hf/MemEye/data/image",
  "run_dir": "/common/home/mg1998/MemoryBench/Benchmark_Pipeline/runs/home_renovation_interior_design_open/20260422_130650_gemini_2_5_flash_lite_a_mem",
  "git_commit": "d2f4f8977d4f5eed60bc84b41f08e49698c60c48",
  "summary": {
    "open_count": 65,
    "overall": {
      "em": 0.015384615384615385,
      "contains_gt": 0.06153846153846154,
      "f1": 0.10942406175376893,
      "bleu": 0.02597167770840497,
      "bleu_1": 0.06548544306814276,
      "bleu_2": 0.04329345124472187
    },
    "by_x": {
      "X4": {
        "em": 0.125,
        "contains_gt": 0.125,
        "f1": 0.1754201680672269,
        "bleu": 0.051513466700507944,
        "bleu_1": 0.1658653846153846,
        "bleu_2": 0.1395756971368274
      },
      "X3": {
        "em": 0.0,
        "contains_gt": 0.06976744186046512,
        "f1": 0.11927248128286375,
        "bleu": 0.028089420556658525,
        "bleu_1": 0.060610135631851116,
        "bleu_2": 0.036972087196882254
      },
      "X2": {
        "em": 0.0,
        "contains_gt": 0.0,
        "f1": 0.03560299349773034,
        "bleu": 0.0035913946926131902,
        "bleu_1": 0.01771785906401291,
        "bleu_2": 0.005837079473697014
      },
      "X1": {
        "em": 0.0,
        "contains_gt": 0.0,
        "f1": 0.11764705882352941,
        "bleu": 0.02151810250197126,
        "bleu_1": 0.09306272250443651,
        "bleu_2": 0.03178697118830404
      }
    },
    "by_y": {
      "Y2": {
        "em": 0.0,
        "contains_gt": 0.0,
        "f1": 0.06226076555023923,
        "bleu": 0.007491693115504722,
        "bleu_1": 0.03416550520732145,
        "bleu_2": 0.01144115115962695
      },
      "Y1": {
        "em": 0.0,
        "contains_gt": 0.06666666666666667,
        "f1": 0.11369759478202561,
        "bleu": 0.027823648781809096,
        "bleu_1": 0.06022012702471413,
        "bleu_2": 0.03624479805228645
      },
      "Y3": {
        "em": 0.25,
        "contains_gt": 0.25,
        "f1": 0.25,
        "bleu": 0.0790569415042095,
        "bleu_1": 0.25,
        "bleu_2": 0.25
      }
    },
    "by_cell": {
      "X4_Y2": {
        "em": 0.0,
        "contains_gt": 0.0,
        "f1": 0.0,
        "bleu": 0.0,
        "bleu_1": 0.0,
        "bleu_2": 0.0
      },
      "X3_Y2": {
        "em": 0.0,
        "contains_gt": 0.0,
        "f1": 0.13333333333333333,
        "bleu": 0.014786014089477405,
        "bleu_1": 0.0655398320680087,
        "bleu_2": 0.022082478262176946
      },
      "X3_Y1": {
        "em": 0.0,
        "contains_gt": 0.08108108108108109,
        "f1": 0.11699234311251733,
        "bleu": 0.030246729713498708,
        "bleu_1": 0.05981072539896069,
        "bleu_2": 0.039386618375483115
      },
      "X2_Y3": {
        "em": 0.0,
        "contains_gt": 0.0,
        "f1": 0.0,
        "bleu": 0.0,
        "bleu_1": 0.0,
        "bleu_2": 0.0
      },
      "X2_Y1": {
        "em": 0.0,
        "contains_gt": 0.0,
        "f1": 0.13333333333333336,
        "bleu": 0.007768562846380175,
        "bleu_1": 0.038461538461538464,
        "bleu_2": 0.012659242088545831
      },
      "X2_Y2": {
        "em": 0.0,
        "contains_gt": 0.0,
        "f1": 0.02452153110047847,
        "bleu": 0.0038938756639013902,
        "bleu_1": 0.01917613636363636,
        "bleu_2": 0.006320443622621189
      },
      "X4_Y1": {
        "em": 0.0,
        "contains_gt": 0.0,
        "f1": 0.08067226890756303,
        "bleu": 0.019175993517445106,
        "bleu_1": 0.06538461538461539,
        "bleu_2": 0.02332111541892387
      },
      "X4_Y3": {
        "em": 1.0,
        "contains_gt": 1.0,
        "f1": 1.0,
        "bleu": 0.316227766016838,
        "bleu_1": 1.0,
        "bleu_2": 1.0
      },
      "X1_Y1": {
        "em": 0.0,
        "contains_gt": 0.0,
        "f1": 0.11764705882352941,
        "bleu": 0.02151810250197126,
        "bleu_1": 0.09306272250443651,
        "bleu_2": 0.03178697118830404
      }
    }
  },
  "method_runtime": {
    "num_memories": 120,
    "debug_dir": "/common/home/mg1998/MemoryBench/output/home_renovation_interior_design/a_mem"
  }
}