{
  "task_name": "card_playlog_test",
  "model_name": "gpt_5_1_mini",
  "model_path": "gpt-5.1-mini",
  "method_name": "m2a",
  "base_method_name": "m2a",
  "method_modality": "",
  "mode": "mcq",
  "num_qas": 48,
  "num_qas_run": 48,
  "dialog_json": "/common/home/mg1998/MemoryBench/Benchmark_Pipeline/data/dialog/Card_Playlog_Test.json",
  "image_root": "/common/home/mg1998/MemoryBench/Benchmark_Pipeline/data/image",
  "run_dir": "/common/home/mg1998/MemoryBench/Benchmark_Pipeline/runs/card_playlog_test/20260425_025637_gpt_5_1_mini_m2a",
  "git_commit": "b6a188308ff7c48ebcc509618341807cfdaa773c",
  "summary": {
    "open_count": 48,
    "overall": {
      "em": 0.3072916666666667,
      "contains_gt": 0.20833333333333334,
      "f1": 0.3072916666666667
    },
    "by_x": {
      "X4": {
        "em": 0.3072916666666667,
        "contains_gt": 0.20833333333333334,
        "f1": 0.3072916666666667
      }
    },
    "by_y": {
      "Y3": {
        "em": 0.18421052631578946,
        "contains_gt": 0.05263157894736842,
        "f1": 0.18421052631578946
      },
      "Y2": {
        "em": 0.3879310344827586,
        "contains_gt": 0.3103448275862069,
        "f1": 0.3879310344827586
      }
    },
    "by_cell": {
      "X4_Y3": {
        "em": 0.18421052631578946,
        "contains_gt": 0.05263157894736842,
        "f1": 0.18421052631578946
      },
      "X4_Y2": {
        "em": 0.3879310344827586,
        "contains_gt": 0.3103448275862069,
        "f1": 0.3879310344827586
      }
    },
    "mcq_count": 48,
    "mcq_valid_rate": 0.9791666666666666,
    "mcq_overall": {
      "em": 0.3072916666666667,
      "contains_gt": 0.20833333333333334,
      "f1": 0.3072916666666667
    },
    "mcq_per_position_accuracy": {
      "A": 0.1875,
      "B": 0.3541666666666667,
      "C": 0.4791666666666667,
      "D": 0.20833333333333334
    }
  }
}