{
  "task_name": "concat_health_home",
  "model_name": "gpt_5_4_mini",
  "model_path": "gpt-5.4-mini",
  "method_name": "mma",
  "base_method_name": "mma",
  "method_modality": "",
  "mode": "mcq",
  "num_qas": 103,
  "num_qas_run": 103,
  "dialog_json": "/common/home/mg1998/MemoryBench/Benchmark_Pipeline/data/dialog/concat_health_home.json",
  "image_root": "/common/home/mg1998/MemoryBench/Benchmark_Pipeline/data/image",
  "run_dir": "/common/home/mg1998/MemoryBench/Benchmark_Pipeline/runs/concat_health_home/20260427_001537_gpt_5_4_mini_mma",
  "git_commit": "aa51866922099e1acda04d2e12b1cada3d7736c0",
  "summary": {
    "open_count": 103,
    "overall": {
      "em": 0.48058252427184467,
      "contains_gt": 0.47572815533980584,
      "f1": 0.48058252427184467
    },
    "by_x": {
      "X4": {
        "em": 0.2980769230769231,
        "contains_gt": 0.34615384615384615,
        "f1": 0.2980769230769231
      },
      "X2": {
        "em": 0.375,
        "contains_gt": 0.4,
        "f1": 0.375
      },
      "X1": {
        "em": 0.75,
        "contains_gt": 1.0,
        "f1": 0.75
      },
      "X3": {
        "em": 0.7364864864864865,
        "contains_gt": 0.6216216216216216,
        "f1": 0.7364864864864865
      }
    },
    "by_y": {
      "Y2": {
        "em": 0.30357142857142855,
        "contains_gt": 0.32142857142857145,
        "f1": 0.30357142857142855
      },
      "Y3": {
        "em": 0.5357142857142857,
        "contains_gt": 0.5714285714285714,
        "f1": 0.5357142857142857
      },
      "Y1": {
        "em": 0.71875,
        "contains_gt": 0.675,
        "f1": 0.71875
      }
    },
    "by_cell": {
      "X4_Y2": {
        "em": 0.2261904761904762,
        "contains_gt": 0.30952380952380953,
        "f1": 0.2261904761904762
      },
      "X4_Y3": {
        "em": 0.5,
        "contains_gt": 0.4,
        "f1": 0.5
      },
      "X2_Y2": {
        "em": 0.125,
        "contains_gt": 0.0,
        "f1": 0.125
      },
      "X1_Y3": {
        "em": 0.625,
        "contains_gt": 1.0,
        "f1": 0.625
      },
      "X1_Y1": {
        "em": 0.875,
        "contains_gt": 1.0,
        "f1": 0.875
      },
      "X3_Y2": {
        "em": 0.7,
        "contains_gt": 0.5,
        "f1": 0.7
      },
      "X2_Y1": {
        "em": 0.5416666666666666,
        "contains_gt": 0.6666666666666666,
        "f1": 0.5416666666666666
      },
      "X3_Y1": {
        "em": 0.75,
        "contains_gt": 0.6666666666666666,
        "f1": 0.75
      },
      "X4_Y1": {
        "em": 0.7,
        "contains_gt": 0.6,
        "f1": 0.7
      }
    },
    "mcq_count": 103,
    "mcq_valid_rate": 1.0,
    "mcq_overall": {
      "em": 0.48058252427184467,
      "contains_gt": 0.47572815533980584,
      "f1": 0.48058252427184467
    },
    "mcq_per_position_accuracy": {
      "A": 0.5242718446601942,
      "B": 0.46601941747572817,
      "C": 0.4563106796116505,
      "D": 0.47572815533980584
    }
  }
}
