{
  "task_name": "social_chat_memory_test",
  "model_name": "qwen3_vl_8b_openrouter",
  "model_path": "qwen/qwen3-vl-8b-instruct",
  "method_name": "semantic_rag_text_only",
  "base_method_name": "semantic_rag_text_only",
  "method_modality": "",
  "mode": "mcq",
  "num_qas": 44,
  "num_qas_run": 44,
  "dialog_json": "/common/home/mg1998/MemoryBench/Benchmark_Pipeline/data/dialog/Social_Chat_Memory_Test.json",
  "image_root": "/common/home/mg1998/MemoryBench/Benchmark_Pipeline/data/image",
  "run_dir": "/common/home/mg1998/MemoryBench/Benchmark_Pipeline/runs/social_chat_memory_test/20260418_150214_qwen3_vl_8b_openrouter_semantic_rag_text_only",
  "git_commit": "cd2e56c2640bfd72d223220b9d57a2098b3a4f9d",
  "summary": {
    "open_count": 44,
    "overall": {
      "em": 0.5227272727272727,
      "contains_gt": 0.5227272727272727,
      "f1": 0.5227272727272727
    },
    "by_x": {
      "X2": {
        "em": 0.5555555555555556,
        "contains_gt": 0.5555555555555556,
        "f1": 0.5555555555555556
      },
      "X1": {
        "em": 0.4,
        "contains_gt": 0.4,
        "f1": 0.4
      },
      "X3": {
        "em": 0.5,
        "contains_gt": 0.5,
        "f1": 0.5
      },
      "X4": {
        "em": 0.0,
        "contains_gt": 0.0,
        "f1": 0.0
      }
    },
    "by_y": {
      "Y2": {
        "em": 0.4666666666666667,
        "contains_gt": 0.4666666666666667,
        "f1": 0.4666666666666667
      },
      "Y3": {
        "em": 0.875,
        "contains_gt": 0.875,
        "f1": 0.875
      },
      "Y1": {
        "em": 0.3333333333333333,
        "contains_gt": 0.3333333333333333,
        "f1": 0.3333333333333333
      }
    },
    "by_cell": {
      "X2_Y2": {
        "em": 0.5185185185185185,
        "contains_gt": 0.5185185185185185,
        "f1": 0.5185185185185185
      },
      "X2_Y3": {
        "em": 0.8333333333333334,
        "contains_gt": 0.8333333333333334,
        "f1": 0.8333333333333334
      },
      "X2_Y1": {
        "em": 0.3333333333333333,
        "contains_gt": 0.3333333333333333,
        "f1": 0.3333333333333333
      },
      "X1_Y1": {
        "em": 0.0,
        "contains_gt": 0.0,
        "f1": 0.0
      },
      "X1_Y2": {
        "em": 0.0,
        "contains_gt": 0.0,
        "f1": 0.0
      },
      "X3_Y1": {
        "em": 1.0,
        "contains_gt": 1.0,
        "f1": 1.0
      },
      "X3_Y2": {
        "em": 0.0,
        "contains_gt": 0.0,
        "f1": 0.0
      },
      "X4_Y2": {
        "em": 0.0,
        "contains_gt": 0.0,
        "f1": 0.0
      },
      "X1_Y3": {
        "em": 1.0,
        "contains_gt": 1.0,
        "f1": 1.0
      }
    },
    "mcq_count": 44,
    "mcq_valid_rate": 1.0,
    "mcq_overall": {
      "em": 0.5227272727272727,
      "contains_gt": 0.5227272727272727,
      "f1": 0.5227272727272727
    }
  },
  "method_runtime": {
    "retrieval_backend": "dense_text",
    "retrieval_corpus": "round_text",
    "method_modality": "text_only",
    "top_k": 10,
    "neighbor_window": 0,
    "seed_round_ids": [
      "R4:2",
      "R4b:1",
      "CX4:1",
      "R1:1",
      "R3:1",
      "R4:1",
      "B5:1",
      "R2:2",
      "B1:2",
      "B1:1"
    ],
    "selected_round_ids": [
      "R4:2",
      "R4b:1",
      "CX4:1",
      "R1:1",
      "R3:1",
      "R4:1",
      "B5:1",
      "R2:2",
      "B1:2",
      "B1:1"
    ],
    "top_candidates": [
      {
        "round_id": "R4:2",
        "score": 0.5976826688196042,
        "text_dense_score": 0.5976826688196042
      },
      {
        "round_id": "R4b:1",
        "score": 0.5786185632904834,
        "text_dense_score": 0.5786185632904834
      },
      {
        "round_id": "CX4:1",
        "score": 0.5099043530624873,
        "text_dense_score": 0.5099043530624873
      },
      {
        "round_id": "R1:1",
        "score": 0.5095676488259774,
        "text_dense_score": 0.5095676488259774
      },
      {
        "round_id": "R3:1",
        "score": 0.49986803016938003,
        "text_dense_score": 0.49986803016938003
      }
    ],
    "clue_hit_count": 3,
    "corpus_entry_count": 53,
    "text_embedding_model": "all-MiniLM-L6-v2",
    "caption_text_included": true,
    "image_embeddings_built": false,
    "history_source": "retrieval",
    "captions_loaded": true,
    "images_loaded": false,
    "history_turns_after_truncation": 20
  }
}