{
  "task_name": "outdoor_navigation_route_memory_assistant",
  "model_name": "qwen3_vl_8b_openrouter",
  "model_path": "qwen/qwen3-vl-8b-instruct",
  "method_name": "memoryos",
  "base_method_name": "memoryos",
  "method_modality": "",
  "mode": "mcq",
  "num_qas": 40,
  "num_qas_run": 40,
  "dialog_json": "/common/home/mg1998/MemoryBench/Benchmark_Pipeline/data/dialog/Outdoor_Navigation_Route_Memory_Assistant.json",
  "image_root": "/common/home/mg1998/MemoryBench/Benchmark_Pipeline/data/image",
  "run_dir": "/common/home/mg1998/MemoryBench/Benchmark_Pipeline/runs/outdoor_navigation_route_memory_assistant/20260418_115749_qwen3_vl_8b_openrouter_memoryos",
  "git_commit": "1d07920c7cb447c432cafae0aad50b5416f88b7c",
  "summary": {
    "open_count": 40,
    "overall": {
      "em": 0.375,
      "contains_gt": 0.375,
      "f1": 0.375
    },
    "by_x": {
      "X3": {
        "em": 0.4074074074074074,
        "contains_gt": 0.4074074074074074,
        "f1": 0.4074074074074074
      },
      "X1": {
        "em": 0.3333333333333333,
        "contains_gt": 0.3333333333333333,
        "f1": 0.3333333333333333
      },
      "X4": {
        "em": 0.0,
        "contains_gt": 0.0,
        "f1": 0.0
      },
      "X2": {
        "em": 0.6,
        "contains_gt": 0.6,
        "f1": 0.6
      }
    },
    "by_y": {
      "Y2": {
        "em": 0.4230769230769231,
        "contains_gt": 0.4230769230769231,
        "f1": 0.4230769230769231
      },
      "Y1": {
        "em": 1.0,
        "contains_gt": 1.0,
        "f1": 1.0
      },
      "Y3": {
        "em": 0.23076923076923078,
        "contains_gt": 0.23076923076923078,
        "f1": 0.23076923076923078
      }
    },
    "by_cell": {
      "X3_Y2": {
        "em": 0.45454545454545453,
        "contains_gt": 0.45454545454545453,
        "f1": 0.45454545454545453
      },
      "X1_Y1": {
        "em": 1.0,
        "contains_gt": 1.0,
        "f1": 1.0
      },
      "X4_Y2": {
        "em": 0.0,
        "contains_gt": 0.0,
        "f1": 0.0
      },
      "X2_Y2": {
        "em": 0.3333333333333333,
        "contains_gt": 0.3333333333333333,
        "f1": 0.3333333333333333
      },
      "X3_Y3": {
        "em": 0.2,
        "contains_gt": 0.2,
        "f1": 0.2
      },
      "X4_Y3": {
        "em": 0.0,
        "contains_gt": 0.0,
        "f1": 0.0
      },
      "X2_Y3": {
        "em": 1.0,
        "contains_gt": 1.0,
        "f1": 1.0
      },
      "X1_Y3": {
        "em": 0.0,
        "contains_gt": 0.0,
        "f1": 0.0
      }
    },
    "mcq_count": 40,
    "mcq_valid_rate": 1.0,
    "mcq_overall": {
      "em": 0.375,
      "contains_gt": 0.375,
      "f1": 0.375
    }
  },
  "method_runtime": {
    "caption_validation_passed": true,
    "caption_validation_round_count": 40,
    "num_memories": 60,
    "debug_dir": "/common/home/mg1998/MemoryBench/Benchmark_Pipeline/output/outdoor_navigation_route_memory_assistant/memoryos/a0f29e3c76159a06",
    "data_storage_path": "/common/home/mg1998/MemoryBench/Benchmark_Pipeline/runs/outdoor_navigation_route_memory_assistant/memoryos_data/a0f29e3c76159a06",
    "runtime_signature": "a0f29e3c76159a06"
  }
}