{
  "task_name": "personal_health_dashboard_assistant",
  "model_name": "qwen3_vl_8b_openrouter",
  "model_path": "qwen/qwen3-vl-8b-instruct",
  "method_name": "reflexion",
  "base_method_name": "reflexion",
  "method_modality": "",
  "mode": "mcq",
  "num_qas": 63,
  "num_qas_run": 63,
  "dialog_json": "/common/home/mg1998/MemoryBench/Benchmark_Pipeline/data/dialog/Personal_Health_Dashboard_Assistant.json",
  "image_root": "/common/home/mg1998/MemoryBench/Benchmark_Pipeline/data/image",
  "run_dir": "/common/home/mg1998/MemoryBench/Benchmark_Pipeline/runs/personal_health_dashboard_assistant/20260418_050623_qwen3_vl_8b_openrouter_reflexion",
  "git_commit": "098e1cd297db81f969cb6d0b30fdf861a1fe20aa",
  "summary": {
    "open_count": 63,
    "overall": {
      "em": 0.3968253968253968,
      "contains_gt": 0.3968253968253968,
      "f1": 0.3968253968253968
    },
    "by_x": {
      "X4": {
        "em": 0.42857142857142855,
        "contains_gt": 0.42857142857142855,
        "f1": 0.42857142857142855
      },
      "X3": {
        "em": 0.0,
        "contains_gt": 0.0,
        "f1": 0.0
      },
      "X1": {
        "em": 0.3333333333333333,
        "contains_gt": 0.3333333333333333,
        "f1": 0.3333333333333333
      }
    },
    "by_y": {
      "Y2": {
        "em": 0.3333333333333333,
        "contains_gt": 0.3333333333333333,
        "f1": 0.3333333333333333
      },
      "Y3": {
        "em": 0.6363636363636364,
        "contains_gt": 0.6363636363636364,
        "f1": 0.6363636363636364
      },
      "Y1": {
        "em": 1.0,
        "contains_gt": 1.0,
        "f1": 1.0
      }
    },
    "by_cell": {
      "X4_Y2": {
        "em": 0.3617021276595745,
        "contains_gt": 0.3617021276595745,
        "f1": 0.3617021276595745
      },
      "X4_Y3": {
        "em": 0.7777777777777778,
        "contains_gt": 0.7777777777777778,
        "f1": 0.7777777777777778
      },
      "X3_Y2": {
        "em": 0.0,
        "contains_gt": 0.0,
        "f1": 0.0
      },
      "X1_Y3": {
        "em": 0.0,
        "contains_gt": 0.0,
        "f1": 0.0
      },
      "X1_Y1": {
        "em": 1.0,
        "contains_gt": 1.0,
        "f1": 1.0
      }
    },
    "mcq_count": 63,
    "mcq_valid_rate": 1.0,
    "mcq_overall": {
      "em": 0.3968253968253968,
      "contains_gt": 0.3968253968253968,
      "f1": 0.3968253968253968
    }
  },
  "method_runtime": {
    "num_memories": 97,
    "debug_dir": "/common/home/mg1998/MemoryBench/output/personal_health_dashboard_assistant/reflexion"
  }
}