{
  "task_name": "multi_scene_visual_case_archive_assistant",
  "model_name": "qwen3_vl_8b_openrouter",
  "model_path": "qwen/qwen3-vl-8b-instruct",
  "method_name": "m2a",
  "base_method_name": "m2a",
  "method_modality": "",
  "mode": "mcq",
  "num_qas": 59,
  "num_qas_run": 59,
  "dialog_json": "/common/home/mg1998/MemoryBench/Benchmark_Pipeline/data/dialog/Multi-Scene_Visual_Case_Archive_Assistant.json",
  "image_root": "/common/home/mg1998/MemoryBench/Benchmark_Pipeline/data/image",
  "run_dir": "/common/home/mg1998/MemoryBench/Benchmark_Pipeline/runs/multi_scene_visual_case_archive_assistant/20260420_234816_qwen3_vl_8b_openrouter_m2a",
  "git_commit": "072863614aba6beee60562ec88ebb4c322ab94cd",
  "summary": {
    "open_count": 59,
    "overall": {
      "em": 0.5932203389830508,
      "contains_gt": 0.5932203389830508,
      "f1": 0.5932203389830508
    },
    "by_x": {
      "X4": {
        "em": 0.7142857142857143,
        "contains_gt": 0.7142857142857143,
        "f1": 0.7142857142857143
      },
      "X2": {
        "em": 0.2222222222222222,
        "contains_gt": 0.2222222222222222,
        "f1": 0.2222222222222222
      },
      "X3": {
        "em": 0.6511627906976745,
        "contains_gt": 0.6511627906976745,
        "f1": 0.6511627906976745
      }
    },
    "by_y": {
      "Y2": {
        "em": 0.8,
        "contains_gt": 0.8,
        "f1": 0.8
      },
      "Y3": {
        "em": 0.3076923076923077,
        "contains_gt": 0.3076923076923077,
        "f1": 0.3076923076923077
      },
      "Y1": {
        "em": 0.6388888888888888,
        "contains_gt": 0.6388888888888888,
        "f1": 0.6388888888888888
      }
    },
    "by_cell": {
      "X4_Y2": {
        "em": 1.0,
        "contains_gt": 1.0,
        "f1": 1.0
      },
      "X2_Y2": {
        "em": 0.3333333333333333,
        "contains_gt": 0.3333333333333333,
        "f1": 0.3333333333333333
      },
      "X3_Y3": {
        "em": 0.6,
        "contains_gt": 0.6,
        "f1": 0.6
      },
      "X2_Y3": {
        "em": 0.16666666666666666,
        "contains_gt": 0.16666666666666666,
        "f1": 0.16666666666666666
      },
      "X3_Y1": {
        "em": 0.6388888888888888,
        "contains_gt": 0.6388888888888888,
        "f1": 0.6388888888888888
      },
      "X3_Y2": {
        "em": 1.0,
        "contains_gt": 1.0,
        "f1": 1.0
      },
      "X4_Y3": {
        "em": 0.0,
        "contains_gt": 0.0,
        "f1": 0.0
      }
    },
    "mcq_count": 59,
    "mcq_valid_rate": 1.0,
    "mcq_overall": {
      "em": 0.5932203389830508,
      "contains_gt": 0.5932203389830508,
      "f1": 0.5932203389830508
    }
  }
}