{
  "task_name": "cartoon_entertainment_companion",
  "model_name": "qwen3_vl_8b_openrouter",
  "model_path": "qwen/qwen3-vl-8b-instruct",
  "method_name": "mma",
  "base_method_name": "mma",
  "method_modality": "",
  "mode": "mcq",
  "num_qas": 112,
  "num_qas_run": 112,
  "dialog_json": "/common/home/mg1998/MemoryBench/Benchmark_Pipeline/data/dialog/Cartoon_Entertainment_Companion.json",
  "image_root": "/common/home/mg1998/.cache/memeye_hf/MemEye/data/image",
  "run_dir": "/common/home/mg1998/MemoryBench/Benchmark_Pipeline/runs/cartoon_entertainment_companion/20260420_194615_qwen3_vl_8b_openrouter_mma",
  "git_commit": "e3df13f29ca74b06578be06696cb2ed6310a339b",
  "summary": {
    "open_count": 112,
    "overall": {
      "em": 0.625,
      "contains_gt": 0.625,
      "f1": 0.625
    },
    "by_x": {
      "X3": {
        "em": 0.6296296296296297,
        "contains_gt": 0.6296296296296297,
        "f1": 0.6296296296296297
      },
      "X4": {
        "em": 0.8055555555555556,
        "contains_gt": 0.8055555555555556,
        "f1": 0.8055555555555556
      },
      "X2": {
        "em": 0.5357142857142857,
        "contains_gt": 0.5357142857142857,
        "f1": 0.5357142857142857
      },
      "X1": {
        "em": 0.42857142857142855,
        "contains_gt": 0.42857142857142855,
        "f1": 0.42857142857142855
      }
    },
    "by_y": {
      "Y1": {
        "em": 0.7209302325581395,
        "contains_gt": 0.7209302325581395,
        "f1": 0.7209302325581395
      },
      "Y2": {
        "em": 0.5344827586206896,
        "contains_gt": 0.5344827586206896,
        "f1": 0.5344827586206896
      },
      "Y3": {
        "em": 0.7272727272727273,
        "contains_gt": 0.7272727272727273,
        "f1": 0.7272727272727273
      }
    },
    "by_cell": {
      "X3_Y1": {
        "em": 0.7142857142857143,
        "contains_gt": 0.7142857142857143,
        "f1": 0.7142857142857143
      },
      "X4_Y2": {
        "em": 0.7692307692307693,
        "contains_gt": 0.7692307692307693,
        "f1": 0.7692307692307693
      },
      "X2_Y2": {
        "em": 0.47368421052631576,
        "contains_gt": 0.47368421052631576,
        "f1": 0.47368421052631576
      },
      "X3_Y2": {
        "em": 0.5384615384615384,
        "contains_gt": 0.5384615384615384,
        "f1": 0.5384615384615384
      },
      "X2_Y1": {
        "em": 0.5714285714285714,
        "contains_gt": 0.5714285714285714,
        "f1": 0.5714285714285714
      },
      "X4_Y1": {
        "em": 0.8333333333333334,
        "contains_gt": 0.8333333333333334,
        "f1": 0.8333333333333334
      },
      "X1_Y1": {
        "em": 0.5,
        "contains_gt": 0.5,
        "f1": 0.5
      },
      "X4_Y3": {
        "em": 0.8,
        "contains_gt": 0.8,
        "f1": 0.8
      },
      "X2_Y3": {
        "em": 1.0,
        "contains_gt": 1.0,
        "f1": 1.0
      },
      "X1_Y2": {
        "em": 0.38461538461538464,
        "contains_gt": 0.38461538461538464,
        "f1": 0.38461538461538464
      },
      "X1_Y3": {
        "em": 0.5,
        "contains_gt": 0.5,
        "f1": 0.5
      }
    },
    "mcq_count": 112,
    "mcq_valid_rate": 1.0,
    "mcq_overall": {
      "em": 0.625,
      "contains_gt": 0.625,
      "f1": 0.625
    }
  }
}