{
  "task_name": "cartoon_entertainment_companion",
  "model_name": "qwen3_vl_8b_openrouter",
  "model_path": "qwen/qwen3-vl-8b-instruct",
  "method_name": "a_mem",
  "base_method_name": "a_mem",
  "method_modality": "",
  "mode": "mcq",
  "num_qas": 112,
  "num_qas_run": 112,
  "dialog_json": "/common/home/mg1998/MemoryBench/Benchmark_Pipeline/data/dialog/Cartoon_Entertainment_Companion.json",
  "image_root": "/common/home/mg1998/.cache/memeye_hf/MemEye/data/image",
  "run_dir": "/common/home/mg1998/MemoryBench/Benchmark_Pipeline/runs/cartoon_entertainment_companion/20260420_095550_qwen3_vl_8b_openrouter_a_mem",
  "git_commit": "5cb368b7bf8ce5c708c557c1d1970548552894c1",
  "summary": {
    "open_count": 112,
    "overall": {
      "em": 0.6607142857142857,
      "contains_gt": 0.6607142857142857,
      "f1": 0.6607142857142857
    },
    "by_x": {
      "X3": {
        "em": 0.4074074074074074,
        "contains_gt": 0.4074074074074074,
        "f1": 0.4074074074074074
      },
      "X4": {
        "em": 0.7222222222222222,
        "contains_gt": 0.7222222222222222,
        "f1": 0.7222222222222222
      },
      "X2": {
        "em": 0.75,
        "contains_gt": 0.75,
        "f1": 0.75
      },
      "X1": {
        "em": 0.7619047619047619,
        "contains_gt": 0.7619047619047619,
        "f1": 0.7619047619047619
      }
    },
    "by_y": {
      "Y1": {
        "em": 0.6744186046511628,
        "contains_gt": 0.6744186046511628,
        "f1": 0.6744186046511628
      },
      "Y2": {
        "em": 0.6379310344827587,
        "contains_gt": 0.6379310344827587,
        "f1": 0.6379310344827587
      },
      "Y3": {
        "em": 0.7272727272727273,
        "contains_gt": 0.7272727272727273,
        "f1": 0.7272727272727273
      }
    },
    "by_cell": {
      "X3_Y1": {
        "em": 0.42857142857142855,
        "contains_gt": 0.42857142857142855,
        "f1": 0.42857142857142855
      },
      "X4_Y2": {
        "em": 0.6153846153846154,
        "contains_gt": 0.6153846153846154,
        "f1": 0.6153846153846154
      },
      "X2_Y2": {
        "em": 0.7368421052631579,
        "contains_gt": 0.7368421052631579,
        "f1": 0.7368421052631579
      },
      "X3_Y2": {
        "em": 0.38461538461538464,
        "contains_gt": 0.38461538461538464,
        "f1": 0.38461538461538464
      },
      "X2_Y1": {
        "em": 0.7142857142857143,
        "contains_gt": 0.7142857142857143,
        "f1": 0.7142857142857143
      },
      "X4_Y1": {
        "em": 0.7777777777777778,
        "contains_gt": 0.7777777777777778,
        "f1": 0.7777777777777778
      },
      "X1_Y1": {
        "em": 1.0,
        "contains_gt": 1.0,
        "f1": 1.0
      },
      "X4_Y3": {
        "em": 0.8,
        "contains_gt": 0.8,
        "f1": 0.8
      },
      "X2_Y3": {
        "em": 1.0,
        "contains_gt": 1.0,
        "f1": 1.0
      },
      "X1_Y2": {
        "em": 0.7692307692307693,
        "contains_gt": 0.7692307692307693,
        "f1": 0.7692307692307693
      },
      "X1_Y3": {
        "em": 0.5,
        "contains_gt": 0.5,
        "f1": 0.5
      }
    },
    "mcq_count": 112,
    "mcq_valid_rate": 1.0,
    "mcq_overall": {
      "em": 0.6607142857142857,
      "contains_gt": 0.6607142857142857,
      "f1": 0.6607142857142857
    }
  },
  "method_runtime": {
    "num_memories": 299,
    "debug_dir": "/common/home/mg1998/MemoryBench/output/cartoon_entertainment_companion/a_mem"
  }
}