{
  "task_name": "brand_memory_test_open",
  "model_name": "gpt_4_1_nano",
  "model_path": "gpt-4.1-nano",
  "method_name": "semantic_rag_text_only",
  "base_method_name": "semantic_rag_text_only",
  "method_modality": "",
  "mode": "open",
  "num_qas": 29,
  "num_qas_run": 29,
  "dialog_json": "/Users/qingyuejiao/Desktop/MemoryBench/Benchmark_Pipeline/data/dialog/Brand_Memory_Test_Open.json",
  "image_root": "/Users/qingyuejiao/Desktop/MemoryBench/Benchmark_Pipeline/data/image",
  "run_dir": "/Users/qingyuejiao/Desktop/MemoryBench/Benchmark_Pipeline/runs/brand_memory_test_open/20260424_174438_gpt_4_1_nano_semantic_rag_text_only",
  "git_commit": "b24985b9af7b246db9e6e807768083d0acb8c78a",
  "summary": {
    "open_count": 29,
    "overall": {
      "em": 0.13793103448275862,
      "contains_gt": 0.13793103448275862,
      "f1": 0.21415607985480942,
      "bleu": 0.0511988432546858,
      "bleu_1": 0.1923096561543102,
      "bleu_2": 0.121374864778384,
      "judge": 0.46551724137931033
    },
    "by_x": {
      "X4": {
        "em": 0.0,
        "contains_gt": 0.0,
        "f1": 0.3333333333333333,
        "bleu": 0.047772139610218346,
        "bleu_1": 0.25,
        "bleu_2": 0.06454972243679029,
        "judge": 0.5
      },
      "X2": {
        "em": 0.16666666666666666,
        "contains_gt": 0.16666666666666666,
        "f1": 0.3128654970760234,
        "bleu": 0.06794329899700934,
        "bleu_1": 0.2488132401952404,
        "bleu_2": 0.20127013112711595,
        "judge": 0.3333333333333333
      },
      "X1": {
        "em": 0.14285714285714285,
        "contains_gt": 0.14285714285714285,
        "f1": 0.1746031746031746,
        "bleu": 0.04674106577063788,
        "bleu_1": 0.17067145653826446,
        "bleu_2": 0.10395956413985045,
        "judge": 0.5
      }
    },
    "by_y": {
      "Y1": {
        "em": 0.0,
        "contains_gt": 0.0,
        "f1": 0.3333333333333333,
        "bleu": 0.047772139610218346,
        "bleu_1": 0.25,
        "bleu_2": 0.06454972243679029,
        "judge": 0.5
      },
      "Y2": {
        "em": 0.14814814814814814,
        "contains_gt": 0.14814814814814814,
        "f1": 0.20532813515269654,
        "bleu": 0.051452673154275985,
        "bleu_1": 0.18803629735092578,
        "bleu_2": 0.125584134581465,
        "judge": 0.46296296296296297
      }
    },
    "by_cell": {
      "X4_Y1": {
        "em": 0.0,
        "contains_gt": 0.0,
        "f1": 0.6666666666666666,
        "bleu": 0.09554427922043669,
        "bleu_1": 0.5,
        "bleu_2": 0.12909944487358058,
        "judge": 1.0
      },
      "X2_Y2": {
        "em": 0.16666666666666666,
        "contains_gt": 0.16666666666666666,
        "f1": 0.3128654970760234,
        "bleu": 0.06794329899700934,
        "bleu_1": 0.2488132401952404,
        "bleu_2": 0.20127013112711595,
        "judge": 0.3333333333333333
      },
      "X1_Y2": {
        "em": 0.15,
        "contains_gt": 0.15,
        "f1": 0.18333333333333332,
        "bleu": 0.04907811905916978,
        "bleu_1": 0.17920502936517768,
        "bleu_2": 0.10915754234684298,
        "judge": 0.525
      },
      "X4_Y2": {
        "em": 0.0,
        "contains_gt": 0.0,
        "f1": 0.0,
        "bleu": 0.0,
        "bleu_1": 0.0,
        "bleu_2": 0.0,
        "judge": 0.0
      },
      "X1_Y1": {
        "em": 0.0,
        "contains_gt": 0.0,
        "f1": 0.0,
        "bleu": 0.0,
        "bleu_1": 0.0,
        "bleu_2": 0.0,
        "judge": 0.0
      }
    }
  },
  "method_runtime": {
    "retrieval_backend": "dense_text",
    "retrieval_corpus": "round_text",
    "method_modality": "text_only",
    "top_k": 10,
    "neighbor_window": 0,
    "seed_round_ids": [
      "BRAND_S6:R2",
      "BRAND_S3:R2",
      "BRAND_S38:R1",
      "BRAND_S41:R2",
      "BRAND_S2:R2",
      "BRAND_S3:R1",
      "BRAND_S18:R1",
      "BRAND_S40:R1",
      "BRAND_S34:R1",
      "BRAND_S27:R1"
    ],
    "selected_round_ids": [
      "BRAND_S6:R2",
      "BRAND_S3:R2",
      "BRAND_S38:R1",
      "BRAND_S41:R2",
      "BRAND_S2:R2",
      "BRAND_S3:R1",
      "BRAND_S18:R1",
      "BRAND_S40:R1",
      "BRAND_S34:R1",
      "BRAND_S27:R1"
    ],
    "top_candidates": [
      {
        "round_id": "BRAND_S6:R2",
        "score": 0.5446735945303565,
        "text_dense_score": 0.5446735945303565
      },
      {
        "round_id": "BRAND_S3:R2",
        "score": 0.502954915160265,
        "text_dense_score": 0.502954915160265
      },
      {
        "round_id": "BRAND_S38:R1",
        "score": 0.4380383903146317,
        "text_dense_score": 0.4380383903146317
      },
      {
        "round_id": "BRAND_S41:R2",
        "score": 0.3951525935920911,
        "text_dense_score": 0.3951525935920911
      },
      {
        "round_id": "BRAND_S2:R2",
        "score": 0.3935978297464791,
        "text_dense_score": 0.3935978297464791
      }
    ],
    "clue_hit_count": 0,
    "corpus_entry_count": 72,
    "text_embedding_model": "all-MiniLM-L6-v2",
    "caption_text_included": true,
    "image_embeddings_built": false,
    "history_source": "retrieval",
    "captions_loaded": true,
    "images_loaded": false,
    "history_turns_after_truncation": 20
  },
  "judge": {
    "enabled": true,
    "model": "gpt-5.2",
    "scored_open_rows": 29
  }
}
