{
  "task_name": "home_renovation_interior_design",
  "model_name": "gpt_5_4_mini",
  "model_path": "gpt-5.4-mini",
  "method_name": "full_context_multimodal",
  "base_method_name": "full_context_multimodal",
  "method_modality": "",
  "mode": "mcq",
  "num_qas": 52,
  "num_qas_run": 52,
  "dialog_json": "/Users/qingyuejiao/Desktop/MemoryBench/Benchmark_Pipeline/data/dialog/Home_Renovation_Interior_Design.json",
  "image_root": "/Users/qingyuejiao/Desktop/MemoryBench/Benchmark_Pipeline/data/image",
  "run_dir": "/Users/qingyuejiao/Desktop/MemoryBench/Benchmark_Pipeline/runs/home_renovation_interior_design/20260426_102652_gpt_5_4_mini_full_context_multimodal",
  "git_commit": "f50478ca8d87824ef1e9bc48c2b9e0d49e54305a",
  "summary": {
    "open_count": 52,
    "overall": {
      "em": 0.5865384615384616,
      "contains_gt": 0.5384615384615384,
      "f1": 0.5865384615384616
    },
    "by_x": {
      "X4": {
        "em": 0.34375,
        "contains_gt": 0.25,
        "f1": 0.34375
      },
      "X3": {
        "em": 0.6283783783783784,
        "contains_gt": 0.5675675675675675,
        "f1": 0.6283783783783784
      },
      "X2": {
        "em": 0.5833333333333334,
        "contains_gt": 0.6666666666666666,
        "f1": 0.5833333333333334
      },
      "X1": {
        "em": 1.0,
        "contains_gt": 1.0,
        "f1": 1.0
      }
    },
    "by_y": {
      "Y2": {
        "em": 0.6875,
        "contains_gt": 0.5833333333333334,
        "f1": 0.6875
      },
      "Y1": {
        "em": 0.5512820512820513,
        "contains_gt": 0.5384615384615384,
        "f1": 0.5512820512820513
      },
      "Y3": {
        "em": 0.75,
        "contains_gt": 0.0,
        "f1": 0.75
      }
    },
    "by_cell": {
      "X4_Y2": {
        "em": 0.375,
        "contains_gt": 0.0,
        "f1": 0.375
      },
      "X3_Y2": {
        "em": 0.75,
        "contains_gt": 0.7,
        "f1": 0.75
      },
      "X2_Y1": {
        "em": 0.5833333333333334,
        "contains_gt": 0.6666666666666666,
        "f1": 0.5833333333333334
      },
      "X3_Y1": {
        "em": 0.5833333333333334,
        "contains_gt": 0.5185185185185185,
        "f1": 0.5833333333333334
      },
      "X4_Y1": {
        "em": 0.25,
        "contains_gt": 0.4,
        "f1": 0.25
      },
      "X4_Y3": {
        "em": 0.75,
        "contains_gt": 0.0,
        "f1": 0.75
      },
      "X1_Y1": {
        "em": 1.0,
        "contains_gt": 1.0,
        "f1": 1.0
      }
    },
    "mcq_count": 52,
    "mcq_valid_rate": 1.0,
    "mcq_overall": {
      "em": 0.5865384615384616,
      "contains_gt": 0.5384615384615384,
      "f1": 0.5865384615384616
    },
    "mcq_per_position_accuracy": {
      "A": 0.6153846153846154,
      "B": 0.5769230769230769,
      "C": 0.6153846153846154,
      "D": 0.5384615384615384
    }
  },
  "method_runtime": {
    "method_modality": "multimodal",
    "history_source": "full_context",
    "captions_loaded": false,
    "images_loaded": true,
    "history_turns_after_truncation": 240,
    "history_turns_before_truncation": 240
  }
}
