{
  "task_name": "outdoor_navigation_route_memory_assistant",
  "model_name": "gpt_4_1_nano",
  "model_path": "gpt-4.1-nano",
  "method_name": "m2a",
  "base_method_name": "m2a",
  "method_modality": "",
  "mode": "mcq",
  "num_qas": 28,
  "num_qas_run": 28,
  "dialog_json": "/common/home/mg1998/MemoryBench/Benchmark_Pipeline/data/dialog/Outdoor_Navigation_Route_Memory_Assistant.json",
  "image_root": "/common/home/mg1998/MemoryBench/Benchmark_Pipeline/data/image",
  "run_dir": "/common/home/mg1998/MemoryBench/Benchmark_Pipeline/runs/outdoor_navigation_route_memory_assistant/20260424_113922_gpt_4_1_nano_m2a",
  "git_commit": "b24985b9af7b246db9e6e807768083d0acb8c78a",
  "summary": {
    "open_count": 28,
    "overall": {
      "em": 0.23214285714285715,
      "contains_gt": 0.21428571428571427,
      "f1": 0.23214285714285715
    },
    "by_x": {
      "X2": {
        "em": 0.2361111111111111,
        "contains_gt": 0.2222222222222222,
        "f1": 0.2361111111111111
      },
      "X1": {
        "em": 0.08333333333333333,
        "contains_gt": 0.0,
        "f1": 0.08333333333333333
      },
      "X4": {
        "em": 0.4,
        "contains_gt": 0.4,
        "f1": 0.4
      },
      "X3": {
        "em": 0.0,
        "contains_gt": 0.0,
        "f1": 0.0
      }
    },
    "by_y": {
      "Y2": {
        "em": 0.25,
        "contains_gt": 0.26666666666666666,
        "f1": 0.25
      },
      "Y1": {
        "em": 0.25,
        "contains_gt": 0.0,
        "f1": 0.25
      },
      "Y3": {
        "em": 0.20833333333333334,
        "contains_gt": 0.16666666666666666,
        "f1": 0.20833333333333334
      }
    },
    "by_cell": {
      "X2_Y2": {
        "em": 0.23076923076923078,
        "contains_gt": 0.23076923076923078,
        "f1": 0.23076923076923078
      },
      "X1_Y1": {
        "em": 0.25,
        "contains_gt": 0.0,
        "f1": 0.25
      },
      "X4_Y2": {
        "em": 0.75,
        "contains_gt": 1.0,
        "f1": 0.75
      },
      "X3_Y2": {
        "em": 0.0,
        "contains_gt": 0.0,
        "f1": 0.0
      },
      "X2_Y3": {
        "em": 0.25,
        "contains_gt": 0.2,
        "f1": 0.25
      },
      "X4_Y3": {
        "em": 0.3125,
        "contains_gt": 0.25,
        "f1": 0.3125
      },
      "X1_Y3": {
        "em": 0.0,
        "contains_gt": 0.0,
        "f1": 0.0
      },
      "X3_Y3": {
        "em": 0.0,
        "contains_gt": 0.0,
        "f1": 0.0
      }
    },
    "mcq_count": 28,
    "mcq_valid_rate": 0.8928571428571429,
    "mcq_overall": {
      "em": 0.23214285714285715,
      "contains_gt": 0.21428571428571427,
      "f1": 0.23214285714285715
    },
    "mcq_per_position_accuracy": {
      "A": 0.07142857142857142,
      "B": 0.39285714285714285,
      "C": 0.25,
      "D": 0.21428571428571427
    }
  }
}