{
  "task_name": "cartoon_entertainment_companion",
  "model_name": "gemini_2_5_flash_lite",
  "model_path": "gemini-2.5-flash-lite",
  "method_name": "full_context_text_only",
  "base_method_name": "full_context_text_only",
  "method_modality": "",
  "mode": "mcq",
  "num_qas": 76,
  "num_qas_run": 76,
  "dialog_json": "/common/home/mg1998/MemoryBench/Benchmark_Pipeline/data/dialog/Cartoon_Entertainment_Companion.json",
  "image_root": "/common/home/mg1998/.cache/memeye_hf/MemEye/data/image",
  "run_dir": "/common/home/mg1998/MemoryBench/Benchmark_Pipeline/runs/cartoon_entertainment_companion/20260426_101618_gemini_2_5_flash_lite_full_context_text_only",
  "git_commit": "fa8105834c4c30aae8bc623d6a932e811089aa0a",
  "summary": {
    "open_count": 76,
    "overall": {
      "em": 0.5460526315789473,
      "contains_gt": 0.6710526315789473,
      "f1": 0.5460526315789473
    },
    "by_x": {
      "X2": {
        "em": 0.4166666666666667,
        "contains_gt": 0.5,
        "f1": 0.4166666666666667
      },
      "X4": {
        "em": 0.6458333333333334,
        "contains_gt": 0.8333333333333334,
        "f1": 0.6458333333333334
      },
      "X3": {
        "em": 0.43333333333333335,
        "contains_gt": 0.4666666666666667,
        "f1": 0.43333333333333335
      },
      "X1": {
        "em": 0.65625,
        "contains_gt": 0.875,
        "f1": 0.65625
      }
    },
    "by_y": {
      "Y1": {
        "em": 0.5909090909090909,
        "contains_gt": 0.7575757575757576,
        "f1": 0.5909090909090909
      },
      "Y2": {
        "em": 0.47368421052631576,
        "contains_gt": 0.5526315789473685,
        "f1": 0.47368421052631576
      },
      "Y3": {
        "em": 0.8,
        "contains_gt": 1.0,
        "f1": 0.8
      }
    },
    "by_cell": {
      "X2_Y1": {
        "em": 0.5625,
        "contains_gt": 0.75,
        "f1": 0.5625
      },
      "X4_Y2": {
        "em": 0.6818181818181818,
        "contains_gt": 0.8181818181818182,
        "f1": 0.6818181818181818
      },
      "X3_Y2": {
        "em": 0.3382352941176471,
        "contains_gt": 0.35294117647058826,
        "f1": 0.3382352941176471
      },
      "X2_Y2": {
        "em": 0.125,
        "contains_gt": 0.0,
        "f1": 0.125
      },
      "X4_Y1": {
        "em": 0.6041666666666666,
        "contains_gt": 0.8333333333333334,
        "f1": 0.6041666666666666
      },
      "X3_Y1": {
        "em": 0.5576923076923077,
        "contains_gt": 0.6153846153846154,
        "f1": 0.5576923076923077
      },
      "X1_Y1": {
        "em": 0.6875,
        "contains_gt": 1.0,
        "f1": 0.6875
      },
      "X1_Y2": {
        "em": 0.5625,
        "contains_gt": 0.75,
        "f1": 0.5625
      },
      "X1_Y3": {
        "em": 0.8125,
        "contains_gt": 1.0,
        "f1": 0.8125
      },
      "X4_Y3": {
        "em": 0.75,
        "contains_gt": 1.0,
        "f1": 0.75
      }
    },
    "mcq_count": 76,
    "mcq_valid_rate": 0.9868421052631579,
    "mcq_overall": {
      "em": 0.5460526315789473,
      "contains_gt": 0.6710526315789473,
      "f1": 0.5460526315789473
    },
    "mcq_per_position_accuracy": {
      "A": 0.5657894736842105,
      "B": 0.4473684210526316,
      "C": 0.5,
      "D": 0.6710526315789473
    }
  },
  "method_runtime": {
    "caption_validation_passed": true,
    "caption_validation_round_count": 87,
    "method_modality": "text_only",
    "history_source": "full_context",
    "captions_loaded": true,
    "images_loaded": false,
    "history_turns_after_truncation": 598,
    "history_turns_before_truncation": 598
  }
}
