{
  "task_name": "personal_health_dashboard_assistant",
  "model_name": "gpt_5_4_mini",
  "model_path": "gpt-5.4-mini",
  "method_name": "mirix",
  "base_method_name": "mirix",
  "method_modality": "",
  "mode": "mcq",
  "num_qas": 51,
  "num_qas_run": 51,
  "dialog_json": "/common/home/mg1998/MemoryBench/Benchmark_Pipeline/data/dialog/Personal_Health_Dashboard_Assistant.json",
  "image_root": "/common/home/mg1998/MemoryBench/Benchmark_Pipeline/data/image",
  "run_dir": "/common/home/mg1998/MemoryBench/Benchmark_Pipeline/runs/personal_health_dashboard_assistant/20260426_132839_gpt_5_4_mini_mirix",
  "git_commit": "054322ce5a2f8d0e731520e829f334c056239afd",
  "summary": {
    "open_count": 51,
    "overall": {
      "em": 0.30392156862745096,
      "contains_gt": 0.3333333333333333,
      "f1": 0.30392156862745096
    },
    "by_x": {
      "X4": {
        "em": 0.2727272727272727,
        "contains_gt": 0.2727272727272727,
        "f1": 0.2727272727272727
      },
      "X2": {
        "em": 0.1875,
        "contains_gt": 0.5,
        "f1": 0.1875
      },
      "X1": {
        "em": 0.9166666666666666,
        "contains_gt": 1.0,
        "f1": 0.9166666666666666
      }
    },
    "by_y": {
      "Y2": {
        "em": 0.23295454545454544,
        "contains_gt": 0.25,
        "f1": 0.23295454545454544
      },
      "Y3": {
        "em": 0.7083333333333334,
        "contains_gt": 0.8333333333333334,
        "f1": 0.7083333333333334
      },
      "Y1": {
        "em": 1.0,
        "contains_gt": 1.0,
        "f1": 1.0
      }
    },
    "by_cell": {
      "X4_Y2": {
        "em": 0.2375,
        "contains_gt": 0.225,
        "f1": 0.2375
      },
      "X4_Y3": {
        "em": 0.625,
        "contains_gt": 0.75,
        "f1": 0.625
      },
      "X2_Y2": {
        "em": 0.1875,
        "contains_gt": 0.5,
        "f1": 0.1875
      },
      "X1_Y3": {
        "em": 0.875,
        "contains_gt": 1.0,
        "f1": 0.875
      },
      "X1_Y1": {
        "em": 1.0,
        "contains_gt": 1.0,
        "f1": 1.0
      }
    },
    "mcq_count": 51,
    "mcq_valid_rate": 1.0,
    "mcq_overall": {
      "em": 0.30392156862745096,
      "contains_gt": 0.3333333333333333,
      "f1": 0.30392156862745096
    },
    "mcq_per_position_accuracy": {
      "A": 0.2549019607843137,
      "B": 0.3137254901960784,
      "C": 0.3137254901960784,
      "D": 0.3333333333333333
    }
  },
  "method_runtime": {
    "official_mirix": true,
    "official_model_name": "gpt-5.4-mini",
    "ingested_turns": 194,
    "runtime_signature": "c7a8aa905bde855c",
    "runtime_dir": "/common/home/mg1998/MemoryBench/Benchmark_Pipeline/runs/personal_health_dashboard_assistant/mirix/c7a8aa905bde855c",
    "runtime_home": "/common/home/mg1998/MemoryBench/Benchmark_Pipeline/runs/personal_health_dashboard_assistant/mirix/c7a8aa905bde855c/runtime_home",
    "debug_dir": "/common/home/mg1998/MemoryBench/Benchmark_Pipeline/output/personal_health_dashboard_assistant/mirix/c7a8aa905bde855c",
    "resumed": false,
    "completed_ingestion": true
  }
}