{
  "task_name": "cartoon_entertainment_companion",
  "model_name": "gpt_4_1_nano",
  "model_path": "gpt-4.1-nano",
  "method_name": "reflexion",
  "base_method_name": "reflexion",
  "method_modality": "",
  "mode": "mcq",
  "num_qas": 76,
  "num_qas_run": 76,
  "dialog_json": "/Users/qingyuejiao/Desktop/MemoryBench/Benchmark_Pipeline/data/dialog/Cartoon_Entertainment_Companion.json",
  "image_root": "/Users/qingyuejiao/Desktop/MemoryBench/Benchmark_Pipeline/data/image",
  "run_dir": "/Users/qingyuejiao/Desktop/MemoryBench/Benchmark_Pipeline/runs/cartoon_entertainment_companion/20260424_234052_gpt_4_1_nano_reflexion",
  "git_commit": "35aa30ab7205e464bf92b809f6f3a6932c7f7aef",
  "summary": {
    "open_count": 76,
    "overall": {
      "em": 0.4375,
      "contains_gt": 0.3157894736842105,
      "f1": 0.4375
    },
    "by_x": {
      "X2": {
        "em": 0.2916666666666667,
        "contains_gt": 0.0,
        "f1": 0.2916666666666667
      },
      "X4": {
        "em": 0.40625,
        "contains_gt": 0.2916666666666667,
        "f1": 0.40625
      },
      "X3": {
        "em": 0.425,
        "contains_gt": 0.3,
        "f1": 0.425
      },
      "X1": {
        "em": 0.5625,
        "contains_gt": 0.5,
        "f1": 0.5625
      }
    },
    "by_y": {
      "Y1": {
        "em": 0.5,
        "contains_gt": 0.36363636363636365,
        "f1": 0.5
      },
      "Y2": {
        "em": 0.3881578947368421,
        "contains_gt": 0.2631578947368421,
        "f1": 0.3881578947368421
      },
      "Y3": {
        "em": 0.4,
        "contains_gt": 0.4,
        "f1": 0.4
      }
    },
    "by_cell": {
      "X2_Y1": {
        "em": 0.3125,
        "contains_gt": 0.0,
        "f1": 0.3125
      },
      "X4_Y2": {
        "em": 0.36363636363636365,
        "contains_gt": 0.2727272727272727,
        "f1": 0.36363636363636365
      },
      "X3_Y2": {
        "em": 0.4264705882352941,
        "contains_gt": 0.29411764705882354,
        "f1": 0.4264705882352941
      },
      "X2_Y2": {
        "em": 0.25,
        "contains_gt": 0.0,
        "f1": 0.25
      },
      "X4_Y1": {
        "em": 0.4791666666666667,
        "contains_gt": 0.3333333333333333,
        "f1": 0.4791666666666667
      },
      "X3_Y1": {
        "em": 0.4230769230769231,
        "contains_gt": 0.3076923076923077,
        "f1": 0.4230769230769231
      },
      "X1_Y1": {
        "em": 1.0,
        "contains_gt": 1.0,
        "f1": 1.0
      },
      "X1_Y2": {
        "em": 0.375,
        "contains_gt": 0.25,
        "f1": 0.375
      },
      "X1_Y3": {
        "em": 0.5,
        "contains_gt": 0.5,
        "f1": 0.5
      },
      "X4_Y3": {
        "em": 0.0,
        "contains_gt": 0.0,
        "f1": 0.0
      }
    },
    "mcq_count": 76,
    "mcq_valid_rate": 0.9473684210526315,
    "mcq_overall": {
      "em": 0.4375,
      "contains_gt": 0.3157894736842105,
      "f1": 0.4375
    },
    "mcq_per_position_accuracy": {
      "A": 0.5131578947368421,
      "B": 0.40789473684210525,
      "C": 0.5131578947368421,
      "D": 0.3157894736842105
    }
  },
  "method_runtime": {
    "num_memories": 299,
    "debug_dir": "/Users/qingyuejiao/Desktop/MemoryBench/output/cartoon_entertainment_companion/reflexion"
  }
}
