{
  "task_name": "cartoon_entertainment_companion_open",
  "model_name": "gpt_5_4_mini",
  "model_path": "gpt-5.4-mini",
  "method_name": "memoryos",
  "base_method_name": "memoryos",
  "method_modality": "",
  "mode": "open",
  "num_qas": 76,
  "num_qas_run": 76,
  "dialog_json": "/Users/qingyuejiao/Desktop/MemoryBench/Benchmark_Pipeline/data/dialog/Cartoon_Entertainment_Companion_Open.json",
  "image_root": "/Users/qingyuejiao/Desktop/MemoryBench/Benchmark_Pipeline/data/image",
  "run_dir": "/Users/qingyuejiao/Desktop/MemoryBench/Benchmark_Pipeline/runs/cartoon_entertainment_companion_open/20260426_123103_gpt_5_4_mini_memoryos",
  "git_commit": "f50478ca8d87824ef1e9bc48c2b9e0d49e54305a",
  "summary": {
    "open_count": 76,
    "overall": {
      "em": 0.039473684210526314,
      "contains_gt": 0.06578947368421052,
      "f1": 0.2736030581973856,
      "bleu": 0.06825024330504406,
      "bleu_1": 0.214121170893596,
      "bleu_2": 0.13558835026581345,
      "judge": 0.4407894736842105
    },
    "by_x": {
      "X2": {
        "em": 0.0,
        "contains_gt": 0.0,
        "f1": 0.0625,
        "bleu": 0.00525997423185491,
        "bleu_1": 0.05555555555555555,
        "bleu_2": 0.010758287072798382,
        "judge": 0.4166666666666667
      },
      "X4": {
        "em": 0.08333333333333333,
        "contains_gt": 0.08333333333333333,
        "f1": 0.2978371277351064,
        "bleu": 0.09057117792145958,
        "bleu_1": 0.2577693954381463,
        "bleu_2": 0.1669580009922512,
        "judge": 0.4166666666666667
      },
      "X3": {
        "em": 0.03333333333333333,
        "contains_gt": 0.1,
        "f1": 0.3052536681409147,
        "bleu": 0.0776954320477902,
        "bleu_1": 0.22371431188271948,
        "bleu_2": 0.15247343938756816,
        "judge": 0.4666666666666667
      },
      "X1": {
        "em": 0.0,
        "contains_gt": 0.0,
        "f1": 0.25707070707070706,
        "bleu": 0.040680463390217705,
        "bleu_1": 0.19012380047392924,
        "bleu_2": 0.10368560577024745,
        "judge": 0.4375
      }
    },
    "by_y": {
      "Y1": {
        "em": 0.06060606060606061,
        "contains_gt": 0.12121212121212122,
        "f1": 0.21032698484311388,
        "bleu": 0.06935209250012354,
        "bleu_1": 0.1559864008104162,
        "bleu_2": 0.09538150164644138,
        "judge": 0.2878787878787879
      },
      "Y2": {
        "em": 0.02631578947368421,
        "contains_gt": 0.02631578947368421,
        "f1": 0.34661304977453994,
        "bleu": 0.07461868088986674,
        "bleu_1": 0.2809393507092779,
        "bleu_2": 0.18313348758614414,
        "judge": 0.5526315789473685
      },
      "Y3": {
        "em": 0.0,
        "contains_gt": 0.0,
        "f1": 0.13634920634920633,
        "bleu": 0.012577912972867023,
        "bleu_1": 0.08999248684340033,
        "bleu_2": 0.039610507519155756,
        "judge": 0.6
      }
    },
    "by_cell": {
      "X2_Y1": {
        "em": 0.0,
        "contains_gt": 0.0,
        "f1": 0.0,
        "bleu": 0.0,
        "bleu_1": 0.0,
        "bleu_2": 0.0,
        "judge": 0.375
      },
      "X4_Y2": {
        "em": 0.0,
        "contains_gt": 0.0,
        "f1": 0.4262444869309858,
        "bleu": 0.08270624467263105,
        "bleu_1": 0.353666040985271,
        "bleu_2": 0.23474769818227853,
        "judge": 0.7272727272727273
      },
      "X3_Y2": {
        "em": 0.058823529411764705,
        "contains_gt": 0.058823529411764705,
        "f1": 0.32258563185534594,
        "bleu": 0.0857636708629375,
        "bleu_1": 0.2681869647014179,
        "bleu_2": 0.18007148413541504,
        "judge": 0.5294117647058824
      },
      "X2_Y2": {
        "em": 0.0,
        "contains_gt": 0.0,
        "f1": 0.1875,
        "bleu": 0.01577992269556473,
        "bleu_1": 0.16666666666666666,
        "bleu_2": 0.032274861218395144,
        "judge": 0.5
      },
      "X4_Y1": {
        "em": 0.16666666666666666,
        "contains_gt": 0.16666666666666666,
        "f1": 0.20032051282051283,
        "bleu": 0.10532829822634068,
        "bleu_1": 0.19134491997312755,
        "bleu_2": 0.11873061198408037,
        "judge": 0.16666666666666666
      },
      "X3_Y1": {
        "em": 0.0,
        "contains_gt": 0.15384615384615385,
        "f1": 0.2825887925143508,
        "bleu": 0.06714465821259756,
        "bleu_1": 0.16555776588903695,
        "bleu_2": 0.1163836885634607,
        "judge": 0.38461538461538464
      },
      "X1_Y1": {
        "em": 0.0,
        "contains_gt": 0.0,
        "f1": 0.21582251082251083,
        "bleu": 0.03794972925605511,
        "bleu_1": 0.17479030762718084,
        "bleu_2": 0.05245856479965302,
        "judge": 0.25
      },
      "X1_Y2": {
        "em": 0.0,
        "contains_gt": 0.0,
        "f1": 0.3279563492063492,
        "bleu": 0.054524866544365974,
        "bleu_1": 0.23660714285714285,
        "bleu_2": 0.15638536194119604,
        "judge": 0.375
      },
      "X1_Y3": {
        "em": 0.0,
        "contains_gt": 0.0,
        "f1": 0.15654761904761905,
        "bleu": 0.015722391216083778,
        "bleu_1": 0.11249060855425043,
        "bleu_2": 0.04951313439894469,
        "judge": 0.75
      },
      "X4_Y3": {
        "em": 0.0,
        "contains_gt": 0.0,
        "f1": 0.05555555555555555,
        "bleu": 0.0,
        "bleu_1": 0.0,
        "bleu_2": 0.0,
        "judge": 0.0
      }
    }
  },
  "method_runtime": {
    "caption_validation_passed": true,
    "caption_validation_round_count": 87,
    "num_memories": 299,
    "debug_dir": "/Users/qingyuejiao/Desktop/MemoryBench/Benchmark_Pipeline/output/cartoon_entertainment_companion_open/memoryos/38813391b178e046",
    "data_storage_path": "/Users/qingyuejiao/Desktop/MemoryBench/Benchmark_Pipeline/runs/cartoon_entertainment_companion_open/memoryos_data/38813391b178e046",
    "runtime_signature": "38813391b178e046"
  },
  "judge_model": "gpt-5.2",
  "judge_rescored_from_predictions": true,
  "judge": {
    "enabled": true,
    "model": "gpt-5.2",
    "scored_open_rows": 76
  }
}
