{
  "task_name": "brand_memory_test",
  "model_name": "gpt_4_1_nano",
  "model_path": "gpt-4.1-nano",
  "method_name": "full_context_multimodal",
  "base_method_name": "full_context_multimodal",
  "method_modality": "",
  "mode": "mcq",
  "num_qas": 29,
  "num_qas_run": 29,
  "dialog_json": "/Users/qingyuejiao/Desktop/MemoryBench/Benchmark_Pipeline/data/dialog/Brand_Memory_Test.json",
  "image_root": "/Users/qingyuejiao/Desktop/MemoryBench/Benchmark_Pipeline/data/image",
  "run_dir": "/Users/qingyuejiao/Desktop/MemoryBench/Benchmark_Pipeline/Benchmark_Pipeline/runs/mcq_clean_ablation_20260424_full/brand_memory_test/20260424_165834_gpt_4_1_nano_full_context_multimodal",
  "git_commit": "b24985b9af7b246db9e6e807768083d0acb8c78a",
  "summary": {
    "open_count": 29,
    "overall": {
      "em": 0.3706896551724138,
      "contains_gt": 0.27586206896551724,
      "f1": 0.3706896551724138
    },
    "by_x": {
      "X4": {
        "em": 0.5,
        "contains_gt": 0.5,
        "f1": 0.5
      },
      "X2": {
        "em": 0.5,
        "contains_gt": 0.3333333333333333,
        "f1": 0.5
      },
      "X1": {
        "em": 0.32142857142857145,
        "contains_gt": 0.23809523809523808,
        "f1": 0.32142857142857145
      }
    },
    "by_y": {
      "Y1": {
        "em": 1.0,
        "contains_gt": 1.0,
        "f1": 1.0
      },
      "Y2": {
        "em": 0.32407407407407407,
        "contains_gt": 0.2222222222222222,
        "f1": 0.32407407407407407
      }
    },
    "by_cell": {
      "X4_Y1": {
        "em": 1.0,
        "contains_gt": 1.0,
        "f1": 1.0
      },
      "X2_Y2": {
        "em": 0.5,
        "contains_gt": 0.3333333333333333,
        "f1": 0.5
      },
      "X1_Y2": {
        "em": 0.2875,
        "contains_gt": 0.2,
        "f1": 0.2875
      },
      "X4_Y2": {
        "em": 0.0,
        "contains_gt": 0.0,
        "f1": 0.0
      },
      "X1_Y1": {
        "em": 1.0,
        "contains_gt": 1.0,
        "f1": 1.0
      }
    },
    "mcq_count": 29,
    "mcq_valid_rate": 1.0,
    "mcq_overall": {
      "em": 0.3706896551724138,
      "contains_gt": 0.27586206896551724,
      "f1": 0.3706896551724138
    },
    "mcq_per_position_accuracy": {
      "A": 0.5172413793103449,
      "B": 0.3448275862068966,
      "C": 0.3448275862068966,
      "D": 0.27586206896551724
    }
  },
  "method_runtime": {
    "method_modality": "multimodal",
    "history_source": "full_context",
    "captions_loaded": false,
    "images_loaded": true,
    "history_turns_after_truncation": 144,
    "history_turns_before_truncation": 144
  }
}