{
  "task_name": "cartoon_entertainment_companion",
  "model_name": "gemini_2_5_flash_lite",
  "model_path": "gemini-2.5-flash-lite",
  "method_name": "mma",
  "base_method_name": "mma",
  "method_modality": "",
  "mode": "mcq",
  "num_qas": 76,
  "num_qas_run": 76,
  "dialog_json": "/common/home/mg1998/MemoryBench/Benchmark_Pipeline/data/dialog/Cartoon_Entertainment_Companion.json",
  "image_root": "/common/home/mg1998/.cache/memeye_hf/MemEye/data/image",
  "run_dir": "/common/home/mg1998/MemoryBench/Benchmark_Pipeline/runs/cartoon_entertainment_companion/20260424_170906_gemini_2_5_flash_lite_mma",
  "git_commit": "658ab1743219fa7a98e5672df9c7253b6b5b5e6d",
  "summary": {
    "open_count": 76,
    "overall": {
      "em": 0.4967105263157895,
      "contains_gt": 0.4868421052631579,
      "f1": 0.4967105263157895
    },
    "by_x": {
      "X2": {
        "em": 0.375,
        "contains_gt": 0.5,
        "f1": 0.375
      },
      "X4": {
        "em": 0.65625,
        "contains_gt": 0.6666666666666666,
        "f1": 0.65625
      },
      "X3": {
        "em": 0.44166666666666665,
        "contains_gt": 0.3333333333333333,
        "f1": 0.44166666666666665
      },
      "X1": {
        "em": 0.40625,
        "contains_gt": 0.5,
        "f1": 0.40625
      }
    },
    "by_y": {
      "Y1": {
        "em": 0.6287878787878788,
        "contains_gt": 0.6666666666666666,
        "f1": 0.6287878787878788
      },
      "Y2": {
        "em": 0.39473684210526316,
        "contains_gt": 0.34210526315789475,
        "f1": 0.39473684210526316
      },
      "Y3": {
        "em": 0.4,
        "contains_gt": 0.4,
        "f1": 0.4
      }
    },
    "by_cell": {
      "X2_Y1": {
        "em": 0.5,
        "contains_gt": 0.75,
        "f1": 0.5
      },
      "X4_Y2": {
        "em": 0.5909090909090909,
        "contains_gt": 0.6363636363636364,
        "f1": 0.5909090909090909
      },
      "X3_Y2": {
        "em": 0.3382352941176471,
        "contains_gt": 0.17647058823529413,
        "f1": 0.3382352941176471
      },
      "X2_Y2": {
        "em": 0.125,
        "contains_gt": 0.0,
        "f1": 0.125
      },
      "X4_Y1": {
        "em": 0.7708333333333334,
        "contains_gt": 0.75,
        "f1": 0.7708333333333334
      },
      "X3_Y1": {
        "em": 0.5769230769230769,
        "contains_gt": 0.5384615384615384,
        "f1": 0.5769230769230769
      },
      "X1_Y1": {
        "em": 0.5,
        "contains_gt": 0.75,
        "f1": 0.5
      },
      "X1_Y2": {
        "em": 0.3125,
        "contains_gt": 0.375,
        "f1": 0.3125
      },
      "X1_Y3": {
        "em": 0.5,
        "contains_gt": 0.5,
        "f1": 0.5
      },
      "X4_Y3": {
        "em": 0.0,
        "contains_gt": 0.0,
        "f1": 0.0
      }
    },
    "mcq_count": 76,
    "mcq_valid_rate": 0.9868421052631579,
    "mcq_overall": {
      "em": 0.4967105263157895,
      "contains_gt": 0.4868421052631579,
      "f1": 0.4967105263157895
    },
    "mcq_per_position_accuracy": {
      "A": 0.5394736842105263,
      "B": 0.4342105263157895,
      "C": 0.5263157894736842,
      "D": 0.4868421052631579
    }
  }
}
