{
  "task_name": "brand_memory_test_open",
  "model_name": "gpt_4_1_nano",
  "model_path": "gpt-4.1-nano",
  "method_name": "m2a",
  "base_method_name": "m2a",
  "method_modality": "",
  "mode": "open",
  "num_qas": 29,
  "num_qas_run": 29,
  "dialog_json": "/common/home/mg1998/.cache/memeye_hf/MemEye/data/dialog/Brand_Memory_Test_Open.json",
  "image_root": "/common/home/mg1998/.cache/memeye_hf/MemEye/data/image",
  "run_dir": "/common/home/mg1998/MemoryBench/Benchmark_Pipeline/runs/brand_memory_test_open/20260424_185523_gpt_4_1_nano_m2a",
  "git_commit": "658ab1743219fa7a98e5672df9c7253b6b5b5e6d",
  "summary": {
    "open_count": 29,
    "overall": {
      "em": 0.0,
      "contains_gt": 0.034482758620689655,
      "f1": 0.02231317209279356,
      "bleu": 0.002285377552422016,
      "bleu_1": 0.013346364468996206,
      "bleu_2": 0.005451496823397451,
      "judge": 0.034482758620689655
    },
    "by_x": {
      "X4": {
        "em": 0.0,
        "contains_gt": 0.0,
        "f1": 0.05263157894736842,
        "bleu": 0.005751391809950023,
        "bleu_1": 0.02941176470588235,
        "bleu_2": 0.009587062360592131,
        "judge": 0.0
      },
      "X2": {
        "em": 0.0,
        "contains_gt": 0.0,
        "f1": 0.08350041771094403,
        "bleu": 0.00847727972334159,
        "bleu_1": 0.0511574074074074,
        "bleu_2": 0.022019715476842644,
        "judge": 0.16666666666666666
      },
      "X1": {
        "em": 0.0,
        "contains_gt": 0.047619047619047616,
        "f1": 0.001943634596695821,
        "bleu": 0.00018616605048994632,
        "bleu_1": 0.0010131712259371835,
        "bleu_2": 0.00032385668077552175,
        "judge": 0.0
      }
    },
    "by_y": {
      "Y1": {
        "em": 0.0,
        "contains_gt": 0.0,
        "f1": 0.05263157894736842,
        "bleu": 0.005751391809950023,
        "bleu_1": 0.02941176470588235,
        "bleu_2": 0.009587062360592131,
        "judge": 0.0
      },
      "Y2": {
        "em": 0.0,
        "contains_gt": 0.037037037037037035,
        "f1": 0.02006736417763987,
        "bleu": 0.0020286357555680894,
        "bleu_1": 0.012156334821819454,
        "bleu_2": 0.005145158635457104,
        "judge": 0.037037037037037035
      }
    },
    "by_cell": {
      "X4_Y1": {
        "em": 0.0,
        "contains_gt": 0.0,
        "f1": 0.10526315789473684,
        "bleu": 0.011502783619900045,
        "bleu_1": 0.0588235294117647,
        "bleu_2": 0.019174124721184262,
        "judge": 0.0
      },
      "X2_Y2": {
        "em": 0.0,
        "contains_gt": 0.0,
        "f1": 0.08350041771094403,
        "bleu": 0.00847727972334159,
        "bleu_1": 0.0511574074074074,
        "bleu_2": 0.022019715476842644,
        "judge": 0.16666666666666666
      },
      "X1_Y2": {
        "em": 0.0,
        "contains_gt": 0.05,
        "f1": 0.002040816326530612,
        "bleu": 0.00019547435301444364,
        "bleu_1": 0.0010638297872340428,
        "bleu_2": 0.0003400495148142979,
        "judge": 0.0
      },
      "X4_Y2": {
        "em": 0.0,
        "contains_gt": 0.0,
        "f1": 0.0,
        "bleu": 0.0,
        "bleu_1": 0.0,
        "bleu_2": 0.0,
        "judge": 0.0
      },
      "X1_Y1": {
        "em": 0.0,
        "contains_gt": 0.0,
        "f1": 0.0,
        "bleu": 0.0,
        "bleu_1": 0.0,
        "bleu_2": 0.0,
        "judge": 0.0
      }
    }
  },
  "judge": {
    "enabled": true,
    "model": "gpt-5.2",
    "scored_open_rows": 29
  }
}