{
  "task_name": "multi_scene_visual_case_archive_assistant",
  "model_name": "gpt_4_1_nano",
  "model_path": "gpt-4.1-nano",
  "method_name": "semantic_rag_text_only",
  "base_method_name": "semantic_rag_text_only",
  "method_modality": "",
  "mode": "open",
  "num_qas": 59,
  "num_qas_run": 59,
  "dialog_json": "/Users/qingyuejiao/Desktop/MemoryBench/Benchmark_Pipeline/data/dialog/Multi-Scene_Visual_Case_Archive_Assistant.json",
  "image_root": "/Users/qingyuejiao/Desktop/MemoryBench/Benchmark_Pipeline/data/image",
  "run_dir": "/Users/qingyuejiao/Desktop/MemoryBench/Benchmark_Pipeline/runs/multi_scene_visual_case_archive_assistant/20260419_203511_gpt_4_1_nano_semantic_rag_text_only",
  "git_commit": "2ede73a357fc683261e8335004aafee97dabd948",
  "summary": {
    "open_count": 59,
    "overall": {
      "em": 0.22033898305084745,
      "contains_gt": 0.22033898305084745,
      "f1": 0.22033898305084745
    },
    "by_x": {
      "X4": {
        "em": 0.42857142857142855,
        "contains_gt": 0.42857142857142855,
        "f1": 0.42857142857142855
      },
      "X2": {
        "em": 0.4444444444444444,
        "contains_gt": 0.4444444444444444,
        "f1": 0.4444444444444444
      },
      "X3": {
        "em": 0.13953488372093023,
        "contains_gt": 0.13953488372093023,
        "f1": 0.13953488372093023
      }
    },
    "by_y": {
      "Y2": {
        "em": 0.5,
        "contains_gt": 0.5,
        "f1": 0.5
      },
      "Y3": {
        "em": 0.38461538461538464,
        "contains_gt": 0.38461538461538464,
        "f1": 0.38461538461538464
      },
      "Y1": {
        "em": 0.08333333333333333,
        "contains_gt": 0.08333333333333333,
        "f1": 0.08333333333333333
      }
    },
    "by_cell": {
      "X4_Y2": {
        "em": 0.6,
        "contains_gt": 0.6,
        "f1": 0.6
      },
      "X2_Y2": {
        "em": 0.3333333333333333,
        "contains_gt": 0.3333333333333333,
        "f1": 0.3333333333333333
      },
      "X3_Y3": {
        "em": 0.4,
        "contains_gt": 0.4,
        "f1": 0.4
      },
      "X2_Y3": {
        "em": 0.5,
        "contains_gt": 0.5,
        "f1": 0.5
      },
      "X3_Y1": {
        "em": 0.08333333333333333,
        "contains_gt": 0.08333333333333333,
        "f1": 0.08333333333333333
      },
      "X3_Y2": {
        "em": 0.5,
        "contains_gt": 0.5,
        "f1": 0.5
      },
      "X4_Y3": {
        "em": 0.0,
        "contains_gt": 0.0,
        "f1": 0.0
      }
    },
    "mcq_count": 59,
    "mcq_valid_rate": 1.0,
    "mcq_overall": {
      "em": 0.22033898305084745,
      "contains_gt": 0.22033898305084745,
      "f1": 0.22033898305084745
    }
  },
  "method_runtime": {
    "retrieval_backend": "dense_text",
    "retrieval_corpus": "round_text",
    "method_modality": "text_only",
    "top_k": 10,
    "neighbor_window": 0,
    "seed_round_ids": [
      "S2:R6",
      "S3:R4",
      "S2:R4",
      "S5:R6",
      "S8:R7",
      "S15:R1",
      "S12:R3",
      "S1:R4",
      "S8:R8",
      "S11:R4"
    ],
    "selected_round_ids": [
      "S2:R6",
      "S3:R4",
      "S2:R4",
      "S5:R6",
      "S8:R7",
      "S15:R1",
      "S12:R3",
      "S1:R4",
      "S8:R8",
      "S11:R4"
    ],
    "top_candidates": [
      {
        "round_id": "S2:R6",
        "score": 0.6643898893090485,
        "text_dense_score": 0.6643898893090485
      },
      {
        "round_id": "S3:R4",
        "score": 0.4435792248615012,
        "text_dense_score": 0.4435792248615012
      },
      {
        "round_id": "S2:R4",
        "score": 0.43903297675637015,
        "text_dense_score": 0.43903297675637015
      },
      {
        "round_id": "S5:R6",
        "score": 0.4099226283381658,
        "text_dense_score": 0.4099226283381658
      },
      {
        "round_id": "S8:R7",
        "score": 0.404819284489313,
        "text_dense_score": 0.404819284489313
      }
    ],
    "clue_hit_count": 3,
    "corpus_entry_count": 117,
    "text_embedding_model": "all-MiniLM-L6-v2",
    "caption_text_included": true,
    "image_embeddings_built": false,
    "history_source": "retrieval",
    "captions_loaded": true,
    "images_loaded": false,
    "history_turns_after_truncation": 20
  }
}