{
  "task_name": "cartoon_entertainment_companion",
  "model_name": "gpt_4_1_nano",
  "model_path": "gpt-4.1-nano",
  "method_name": "memoryos",
  "base_method_name": "memoryos",
  "method_modality": "",
  "mode": "mcq",
  "num_qas": 76,
  "num_qas_run": 76,
  "dialog_json": "/Users/qingyuejiao/Desktop/MemoryBench/Benchmark_Pipeline/data/dialog/Cartoon_Entertainment_Companion.json",
  "image_root": "/Users/qingyuejiao/Desktop/MemoryBench/Benchmark_Pipeline/data/image",
  "run_dir": "/Users/qingyuejiao/Desktop/MemoryBench/Benchmark_Pipeline/runs/cartoon_entertainment_companion/20260426_005545_gpt_4_1_nano_memoryos",
  "git_commit": "f50478ca8d87824ef1e9bc48c2b9e0d49e54305a",
  "summary": {
    "open_count": 76,
    "overall": {
      "em": 0.5032894736842105,
      "contains_gt": 0.3815789473684211,
      "f1": 0.5032894736842105
    },
    "by_x": {
      "X2": {
        "em": 0.20833333333333334,
        "contains_gt": 0.0,
        "f1": 0.20833333333333334
      },
      "X4": {
        "em": 0.5625,
        "contains_gt": 0.5,
        "f1": 0.5625
      },
      "X3": {
        "em": 0.45,
        "contains_gt": 0.26666666666666666,
        "f1": 0.45
      },
      "X1": {
        "em": 0.625,
        "contains_gt": 0.5625,
        "f1": 0.625
      }
    },
    "by_y": {
      "Y1": {
        "em": 0.5909090909090909,
        "contains_gt": 0.48484848484848486,
        "f1": 0.5909090909090909
      },
      "Y2": {
        "em": 0.3815789473684211,
        "contains_gt": 0.23684210526315788,
        "f1": 0.3815789473684211
      },
      "Y3": {
        "em": 0.85,
        "contains_gt": 0.8,
        "f1": 0.85
      }
    },
    "by_cell": {
      "X2_Y1": {
        "em": 0.25,
        "contains_gt": 0.0,
        "f1": 0.25
      },
      "X4_Y2": {
        "em": 0.4772727272727273,
        "contains_gt": 0.36363636363636365,
        "f1": 0.4772727272727273
      },
      "X3_Y2": {
        "em": 0.36764705882352944,
        "contains_gt": 0.17647058823529413,
        "f1": 0.36764705882352944
      },
      "X2_Y2": {
        "em": 0.125,
        "contains_gt": 0.0,
        "f1": 0.125
      },
      "X4_Y1": {
        "em": 0.6458333333333334,
        "contains_gt": 0.5833333333333334,
        "f1": 0.6458333333333334
      },
      "X3_Y1": {
        "em": 0.5576923076923077,
        "contains_gt": 0.38461538461538464,
        "f1": 0.5576923076923077
      },
      "X1_Y1": {
        "em": 0.875,
        "contains_gt": 1.0,
        "f1": 0.875
      },
      "X1_Y2": {
        "em": 0.34375,
        "contains_gt": 0.25,
        "f1": 0.34375
      },
      "X1_Y3": {
        "em": 0.9375,
        "contains_gt": 0.75,
        "f1": 0.9375
      },
      "X4_Y3": {
        "em": 0.5,
        "contains_gt": 1.0,
        "f1": 0.5
      }
    },
    "mcq_count": 76,
    "mcq_valid_rate": 1.0,
    "mcq_overall": {
      "em": 0.5032894736842105,
      "contains_gt": 0.3815789473684211,
      "f1": 0.5032894736842105
    },
    "mcq_per_position_accuracy": {
      "A": 0.5921052631578947,
      "B": 0.5394736842105263,
      "C": 0.5,
      "D": 0.3815789473684211
    }
  },
  "method_runtime": {
    "caption_validation_passed": true,
    "caption_validation_round_count": 87,
    "num_memories": 299,
    "debug_dir": "/Users/qingyuejiao/Desktop/MemoryBench/Benchmark_Pipeline/output/cartoon_entertainment_companion/memoryos/67eb319b0f3915a2",
    "data_storage_path": "/Users/qingyuejiao/Desktop/MemoryBench/Benchmark_Pipeline/runs/cartoon_entertainment_companion/memoryos_data/67eb319b0f3915a2",
    "runtime_signature": "67eb319b0f3915a2"
  }
}
