{
  "task_name": "cartoon_entertainment_companion",
  "model_name": "gpt_5_4_mini",
  "model_path": "gpt-5.4-mini",
  "method_name": "semantic_rag_multimodal",
  "base_method_name": "semantic_rag_multimodal",
  "method_modality": "multimodal",
  "mode": "mcq",
  "num_qas": 76,
  "num_qas_run": 76,
  "dialog_json": "/Users/qingyuejiao/Desktop/MemoryBench/Benchmark_Pipeline/data/dialog/Cartoon_Entertainment_Companion.json",
  "image_root": "/Users/qingyuejiao/Desktop/MemoryBench/Benchmark_Pipeline/data/image",
  "run_dir": "/Users/qingyuejiao/Desktop/MemoryBench/Benchmark_Pipeline/runs/cartoon_entertainment_companion/20260426_111131_gpt_5_4_mini_semantic_rag_multimodal",
  "git_commit": "f50478ca8d87824ef1e9bc48c2b9e0d49e54305a",
  "summary": {
    "open_count": 76,
    "overall": {
      "em": 0.7368421052631579,
      "contains_gt": 0.7763157894736842,
      "f1": 0.7368421052631579
    },
    "by_x": {
      "X2": {
        "em": 0.625,
        "contains_gt": 0.6666666666666666,
        "f1": 0.625
      },
      "X4": {
        "em": 0.8229166666666666,
        "contains_gt": 0.875,
        "f1": 0.8229166666666666
      },
      "X3": {
        "em": 0.65,
        "contains_gt": 0.6666666666666666,
        "f1": 0.65
      },
      "X1": {
        "em": 0.8125,
        "contains_gt": 0.875,
        "f1": 0.8125
      }
    },
    "by_y": {
      "Y1": {
        "em": 0.7575757575757576,
        "contains_gt": 0.7878787878787878,
        "f1": 0.7575757575757576
      },
      "Y2": {
        "em": 0.6907894736842105,
        "contains_gt": 0.7368421052631579,
        "f1": 0.6907894736842105
      },
      "Y3": {
        "em": 0.95,
        "contains_gt": 1.0,
        "f1": 0.95
      }
    },
    "by_cell": {
      "X2_Y1": {
        "em": 0.75,
        "contains_gt": 0.75,
        "f1": 0.75
      },
      "X4_Y2": {
        "em": 0.7954545454545454,
        "contains_gt": 0.8181818181818182,
        "f1": 0.7954545454545454
      },
      "X3_Y2": {
        "em": 0.6470588235294118,
        "contains_gt": 0.7058823529411765,
        "f1": 0.6470588235294118
      },
      "X2_Y2": {
        "em": 0.375,
        "contains_gt": 0.5,
        "f1": 0.375
      },
      "X4_Y1": {
        "em": 0.8333333333333334,
        "contains_gt": 0.9166666666666666,
        "f1": 0.8333333333333334
      },
      "X3_Y1": {
        "em": 0.6538461538461539,
        "contains_gt": 0.6153846153846154,
        "f1": 0.6538461538461539
      },
      "X1_Y1": {
        "em": 0.875,
        "contains_gt": 1.0,
        "f1": 0.875
      },
      "X1_Y2": {
        "em": 0.71875,
        "contains_gt": 0.75,
        "f1": 0.71875
      },
      "X1_Y3": {
        "em": 0.9375,
        "contains_gt": 1.0,
        "f1": 0.9375
      },
      "X4_Y3": {
        "em": 1.0,
        "contains_gt": 1.0,
        "f1": 1.0
      }
    },
    "mcq_count": 76,
    "mcq_valid_rate": 1.0,
    "mcq_overall": {
      "em": 0.7368421052631579,
      "contains_gt": 0.7763157894736842,
      "f1": 0.7368421052631579
    },
    "mcq_per_position_accuracy": {
      "A": 0.6842105263157895,
      "B": 0.7631578947368421,
      "C": 0.7236842105263158,
      "D": 0.7763157894736842
    }
  },
  "method_runtime": {
    "retrieval_backend": "dense_multimodal",
    "retrieval_corpus": "round_text",
    "method_modality": "multimodal",
    "top_k": 10,
    "neighbor_window": 0,
    "seed_round_ids": [
      "CARTOON_S13:R1",
      "CARTOON_S63:R1",
      "CARTOON_S56:R1",
      "CARTOON_S40:R1",
      "CARTOON_S65:R1",
      "CARTOON_S59:R1",
      "CARTOON_S61:R1",
      "CARTOON_S54:R1",
      "CARTOON_S22:R1",
      "CARTOON_S39:R1"
    ],
    "selected_round_ids": [
      "CARTOON_S13:R1",
      "CARTOON_S63:R1",
      "CARTOON_S56:R1",
      "CARTOON_S40:R1",
      "CARTOON_S65:R1",
      "CARTOON_S59:R1",
      "CARTOON_S61:R1",
      "CARTOON_S54:R1",
      "CARTOON_S22:R1",
      "CARTOON_S39:R1"
    ],
    "top_candidates": [
      {
        "round_id": "CARTOON_S13:R1",
        "score": 0.3487593581125092,
        "text_dense_score": 0.6047647300747979,
        "image_dense_score": 0.09275398615022047,
        "indexed_image_count": 1,
        "best_image_path": "/Users/qingyuejiao/Desktop/MemoryBench/Benchmark_Pipeline/data/image/Cartoon_Entertainment_Companion/Alley_Oop_Page_1.jpg"
      },
      {
        "round_id": "CARTOON_S63:R1",
        "score": 0.3482768939393826,
        "text_dense_score": 0.5919118962234065,
        "image_dense_score": 0.1046418916553588,
        "indexed_image_count": 1,
        "best_image_path": "/Users/qingyuejiao/Desktop/MemoryBench/Benchmark_Pipeline/data/image/Cartoon_Entertainment_Companion/Alley_Oop_Page_34.jpg"
      },
      {
        "round_id": "CARTOON_S56:R1",
        "score": 0.34769750818086254,
        "text_dense_score": 0.5924470456324228,
        "image_dense_score": 0.10294797072930226,
        "indexed_image_count": 1,
        "best_image_path": "/Users/qingyuejiao/Desktop/MemoryBench/Benchmark_Pipeline/data/image/Cartoon_Entertainment_Companion/Alley_Oop_Page_31.jpg"
      },
      {
        "round_id": "CARTOON_S40:R1",
        "score": 0.34653023355592877,
        "text_dense_score": 0.5886362917347585,
        "image_dense_score": 0.10442417537709905,
        "indexed_image_count": 1,
        "best_image_path": "/Users/qingyuejiao/Desktop/MemoryBench/Benchmark_Pipeline/data/image/Cartoon_Entertainment_Companion/Alley_Oop_Page_27.jpg"
      },
      {
        "round_id": "CARTOON_S65:R1",
        "score": 0.3462471931799143,
        "text_dense_score": 0.5854399590122342,
        "image_dense_score": 0.10705442734759442,
        "indexed_image_count": 1,
        "best_image_path": "/Users/qingyuejiao/Desktop/MemoryBench/Benchmark_Pipeline/data/image/Cartoon_Entertainment_Companion/Alley_Oop_Page_35.jpg"
      }
    ],
    "clue_hit_count": 2,
    "corpus_entry_count": 299,
    "text_embedding_model": "all-MiniLM-L6-v2",
    "multimodal_embedding_model": "siglip2-base-patch16-384",
    "text_dense_weight": 0.5,
    "image_dense_weight": 0.5,
    "caption_text_included": false,
    "image_embeddings_built": true,
    "multi_image_indexing_enabled": true,
    "indexed_image_count": 87,
    "history_source": "retrieval",
    "captions_loaded": false,
    "images_loaded": true,
    "history_turns_after_truncation": 20
  }
}
