{
  "task_name": "personal_health_dashboard_assistant_open",
  "model_name": "gpt_5_4_mini",
  "model_path": "gpt-5.4-mini",
  "method_name": "full_context_multimodal",
  "base_method_name": "full_context_multimodal",
  "method_modality": "",
  "mode": "open",
  "num_qas": 51,
  "num_qas_run": 51,
  "dialog_json": "/common/home/mg1998/.cache/memeye_hf/MemEye/data/dialog/Personal_Health_Dashboard_Assistant_Open.json",
  "image_root": "/common/home/mg1998/.cache/memeye_hf/MemEye/data/image",
  "run_dir": "/common/home/mg1998/MemoryBench/Benchmark_Pipeline/runs/personal_health_dashboard_assistant_open/20260425_190004_gpt_5_4_mini_full_context_multimodal",
  "git_commit": "7eb4b31f1f56487e02ecff48e751fe66ab6c6c5f",
  "summary": {
    "open_count": 51,
    "overall": {
      "em": 0.19607843137254902,
      "contains_gt": 0.21568627450980393,
      "f1": 0.2967807247219012,
      "bleu": 0.17739530356003227,
      "bleu_1": 0.2744897486800701,
      "bleu_2": 0.23826744296980285,
      "judge": 0.2647058823529412
    },
    "by_x": {
      "X4": {
        "em": 0.20454545454545456,
        "contains_gt": 0.22727272727272727,
        "f1": 0.29673754276027003,
        "bleu": 0.17713757129379987,
        "bleu_1": 0.27472149264413487,
        "bleu_2": 0.2403154768948239,
        "judge": 0.25
      },
      "X3": {
        "em": 0.0,
        "contains_gt": 0.0,
        "f1": 0.0,
        "bleu": 0.0,
        "bleu_1": 0.0,
        "bleu_2": 0.0,
        "judge": 0.0
      },
      "X1": {
        "em": 0.3333333333333333,
        "contains_gt": 0.3333333333333333,
        "f1": 0.6931216931216931,
        "bleu": 0.41770244821148383,
        "bleu_1": 0.6370771687805469,
        "bleu_2": 0.5259195360292311,
        "judge": 0.8333333333333334
      }
    },
    "by_y": {
      "Y2": {
        "em": 0.20454545454545456,
        "contains_gt": 0.22727272727272727,
        "f1": 0.28115312717585444,
        "bleu": 0.1750860438612566,
        "bleu_1": 0.26816170085870017,
        "bleu_2": 0.23785529853491225,
        "judge": 0.22727272727272727
      },
      "Y3": {
        "em": 0.16666666666666666,
        "contains_gt": 0.16666666666666666,
        "f1": 0.4238095238095238,
        "bleu": 0.21346724724746083,
        "bleu_1": 0.3341936915221527,
        "bleu_2": 0.26915199941255386,
        "judge": 0.5
      },
      "Y1": {
        "em": 0.0,
        "contains_gt": 0.0,
        "f1": 0.22222222222222224,
        "bleu": 0.06257106818159155,
        "bleu_1": 0.19470019576785122,
        "bleu_2": 0.07109445944848267,
        "judge": 0.5
      }
    },
    "by_cell": {
      "X4_Y2": {
        "em": 0.225,
        "contains_gt": 0.25,
        "f1": 0.3092684398934399,
        "bleu": 0.19259464824738223,
        "bleu_1": 0.2949778709445702,
        "bleu_2": 0.26164082838840347,
        "judge": 0.25
      },
      "X4_Y3": {
        "em": 0.0,
        "contains_gt": 0.0,
        "f1": 0.17142857142857143,
        "bleu": 0.022566801757976266,
        "bleu_1": 0.07215770963978176,
        "bleu_2": 0.027061961959028137,
        "judge": 0.25
      },
      "X3_Y2": {
        "em": 0.0,
        "contains_gt": 0.0,
        "f1": 0.0,
        "bleu": 0.0,
        "bleu_1": 0.0,
        "bleu_2": 0.0,
        "judge": 0.0
      },
      "X1_Y3": {
        "em": 0.5,
        "contains_gt": 0.5,
        "f1": 0.9285714285714286,
        "bleu": 0.59526813822643,
        "bleu_1": 0.8582656552868946,
        "bleu_2": 0.7533320743196052,
        "judge": 1.0
      },
      "X1_Y1": {
        "em": 0.0,
        "contains_gt": 0.0,
        "f1": 0.22222222222222224,
        "bleu": 0.06257106818159155,
        "bleu_1": 0.19470019576785122,
        "bleu_2": 0.07109445944848267,
        "judge": 0.5
      }
    }
  },
  "method_runtime": {
    "method_modality": "multimodal",
    "history_source": "full_context",
    "captions_loaded": false,
    "images_loaded": true,
    "history_turns_after_truncation": 194,
    "history_turns_before_truncation": 194
  },
  "judge": {
    "enabled": true,
    "model": "gpt-5.2",
    "scored_open_rows": 51
  }
}