{
  "task_name": "concat_health_home",
  "model_name": "gpt_5_4_mini",
  "model_path": "gpt-5.4-mini",
  "method_name": "a_mem",
  "base_method_name": "a_mem",
  "method_modality": "",
  "mode": "mcq",
  "num_qas": 103,
  "num_qas_run": 103,
  "dialog_json": "/Users/qingyuejiao/Desktop/MemoryBench/Benchmark_Pipeline/data/dialog/concat_health_home.json",
  "image_root": "/Users/qingyuejiao/Desktop/MemoryBench/Benchmark_Pipeline/data/image",
  "run_dir": "/Users/qingyuejiao/Desktop/MemoryBench/Benchmark_Pipeline/runs/concat_health_home/20260427_144100_gpt_5_4_mini_a_mem",
  "git_commit": "d8ac0cb71367c6f0314274b4a514968eab3f678b",
  "summary": {
    "open_count": 103,
    "overall": {
      "em": 0.3155339805825243,
      "contains_gt": 0.3592233009708738,
      "f1": 0.3155339805825243
    },
    "by_x": {
      "X4": {
        "em": 0.21634615384615385,
        "contains_gt": 0.23076923076923078,
        "f1": 0.21634615384615385
      },
      "X2": {
        "em": 0.25,
        "contains_gt": 0.5,
        "f1": 0.25
      },
      "X1": {
        "em": 0.9375,
        "contains_gt": 1.0,
        "f1": 0.9375
      },
      "X3": {
        "em": 0.40540540540540543,
        "contains_gt": 0.43243243243243246,
        "f1": 0.40540540540540543
      }
    },
    "by_y": {
      "Y2": {
        "em": 0.17410714285714285,
        "contains_gt": 0.25,
        "f1": 0.17410714285714285
      },
      "Y3": {
        "em": 0.7142857142857143,
        "contains_gt": 0.5714285714285714,
        "f1": 0.7142857142857143
      },
      "Y1": {
        "em": 0.44375,
        "contains_gt": 0.475,
        "f1": 0.44375
      }
    },
    "by_cell": {
      "X4_Y2": {
        "em": 0.16666666666666666,
        "contains_gt": 0.21428571428571427,
        "f1": 0.16666666666666666
      },
      "X4_Y3": {
        "em": 0.65,
        "contains_gt": 0.4,
        "f1": 0.65
      },
      "X2_Y2": {
        "em": 0.0625,
        "contains_gt": 0.25,
        "f1": 0.0625
      },
      "X1_Y3": {
        "em": 0.875,
        "contains_gt": 1.0,
        "f1": 0.875
      },
      "X1_Y1": {
        "em": 1.0,
        "contains_gt": 1.0,
        "f1": 1.0
      },
      "X3_Y2": {
        "em": 0.25,
        "contains_gt": 0.4,
        "f1": 0.25
      },
      "X2_Y1": {
        "em": 0.375,
        "contains_gt": 0.6666666666666666,
        "f1": 0.375
      },
      "X3_Y1": {
        "em": 0.46296296296296297,
        "contains_gt": 0.4444444444444444,
        "f1": 0.46296296296296297
      },
      "X4_Y1": {
        "em": 0.2,
        "contains_gt": 0.2,
        "f1": 0.2
      }
    },
    "mcq_count": 103,
    "mcq_valid_rate": 1.0,
    "mcq_overall": {
      "em": 0.3155339805825243,
      "contains_gt": 0.3592233009708738,
      "f1": 0.3155339805825243
    },
    "mcq_per_position_accuracy": {
      "A": 0.2815533980582524,
      "B": 0.34951456310679613,
      "C": 0.27184466019417475,
      "D": 0.3592233009708738
    }
  },
  "method_runtime": {
    "num_memories": 217,
    "debug_dir": "/Users/qingyuejiao/Desktop/MemoryBench/output/concat_health_home/a_mem"
  }
}
