{
  "task_name": "social_chat_memory_test",
  "model_name": "gemini_2_5_flash_lite",
  "model_path": "gemini-2.5-flash-lite",
  "method_name": "full_context_text_only",
  "base_method_name": "full_context_text_only",
  "method_modality": "",
  "mode": "mcq",
  "num_qas": 37,
  "num_qas_run": 37,
  "dialog_json": "/common/home/mg1998/MemoryBench/Benchmark_Pipeline/data/dialog/Social_Chat_Memory_Test.json",
  "image_root": "/common/home/mg1998/MemoryBench/Benchmark_Pipeline/data/image",
  "run_dir": "/common/home/mg1998/MemoryBench/Benchmark_Pipeline/runs/social_chat_memory_test/20260426_102357_gemini_2_5_flash_lite_full_context_text_only",
  "git_commit": "fa8105834c4c30aae8bc623d6a932e811089aa0a",
  "summary": {
    "open_count": 37,
    "overall": {
      "em": 0.5608108108108109,
      "contains_gt": 0.5675675675675675,
      "f1": 0.5608108108108109
    },
    "by_x": {
      "X2": {
        "em": 0.5775862068965517,
        "contains_gt": 0.5862068965517241,
        "f1": 0.5775862068965517
      },
      "X1": {
        "em": 0.65,
        "contains_gt": 0.6,
        "f1": 0.65
      },
      "X3": {
        "em": 0.375,
        "contains_gt": 0.5,
        "f1": 0.375
      },
      "X4": {
        "em": 0.0,
        "contains_gt": 0.0,
        "f1": 0.0
      }
    },
    "by_y": {
      "Y2": {
        "em": 0.43,
        "contains_gt": 0.44,
        "f1": 0.43
      },
      "Y3": {
        "em": 1.0,
        "contains_gt": 1.0,
        "f1": 1.0
      },
      "Y1": {
        "em": 0.6666666666666666,
        "contains_gt": 0.6666666666666666,
        "f1": 0.6666666666666666
      }
    },
    "by_cell": {
      "X2_Y2": {
        "em": 0.4659090909090909,
        "contains_gt": 0.5,
        "f1": 0.4659090909090909
      },
      "X2_Y3": {
        "em": 1.0,
        "contains_gt": 1.0,
        "f1": 1.0
      },
      "X2_Y1": {
        "em": 0.8333333333333334,
        "contains_gt": 0.6666666666666666,
        "f1": 0.8333333333333334
      },
      "X1_Y1": {
        "em": 0.375,
        "contains_gt": 0.5,
        "f1": 0.375
      },
      "X1_Y2": {
        "em": 0.5,
        "contains_gt": 0.0,
        "f1": 0.5
      },
      "X3_Y1": {
        "em": 0.75,
        "contains_gt": 1.0,
        "f1": 0.75
      },
      "X3_Y2": {
        "em": 0.0,
        "contains_gt": 0.0,
        "f1": 0.0
      },
      "X4_Y2": {
        "em": 0.0,
        "contains_gt": 0.0,
        "f1": 0.0
      },
      "X1_Y3": {
        "em": 1.0,
        "contains_gt": 1.0,
        "f1": 1.0
      }
    },
    "mcq_count": 37,
    "mcq_valid_rate": 0.972972972972973,
    "mcq_overall": {
      "em": 0.5608108108108109,
      "contains_gt": 0.5675675675675675,
      "f1": 0.5608108108108109
    },
    "mcq_per_position_accuracy": {
      "A": 0.6216216216216216,
      "B": 0.43243243243243246,
      "C": 0.6216216216216216,
      "D": 0.5675675675675675
    }
  },
  "method_runtime": {
    "caption_validation_passed": true,
    "caption_validation_round_count": 43,
    "method_modality": "text_only",
    "history_source": "full_context",
    "captions_loaded": true,
    "images_loaded": false,
    "history_turns_after_truncation": 106,
    "history_turns_before_truncation": 106
  }
}