{
  "task_name": "outdoor_navigation_route_memory_assistant_open",
  "model_name": "gpt_5_4_mini",
  "model_path": "gpt-5.4-mini",
  "method_name": "a_mem__no_visual",
  "base_method_name": "a_mem",
  "method_modality": "no_visual",
  "mode": "open",
  "num_qas": 28,
  "num_qas_run": 28,
  "dialog_json": "/Users/qingyuejiao/Desktop/MemoryBench/Benchmark_Pipeline/data/dialog/Outdoor_Navigation_Route_Memory_Assistant_Open.json",
  "image_root": "/Users/qingyuejiao/Desktop/MemoryBench/Benchmark_Pipeline/data/image",
  "run_dir": "/Users/qingyuejiao/Desktop/MemoryBench/Benchmark_Pipeline/runs/outdoor_navigation_route_memory_assistant_open/20260428_221901_gpt_5_4_mini_a_mem__no_visual",
  "git_commit": "878c24f82b8c23afa35832b1e8f22677e85aa148",
  "summary": {
    "open_count": 28,
    "overall": {
      "em": 0.0,
      "contains_gt": 0.0,
      "f1": 0.14104566068851782,
      "bleu": 0.03586461153171587,
      "bleu_1": 0.10971746610646524,
      "bleu_2": 0.06104830726073933
    },
    "by_x": {
      "X2": {
        "em": 0.0,
        "contains_gt": 0.0,
        "f1": 0.12751322751322752,
        "bleu": 0.022333803894327642,
        "bleu_1": 0.08564867964993131,
        "bleu_2": 0.04332176952753893
      },
      "X1": {
        "em": 0.0,
        "contains_gt": 0.0,
        "f1": 0.16666666666666666,
        "bleu": 0.0498449593740407,
        "bleu_1": 0.16666666666666666,
        "bleu_2": 0.07453559924999299
      },
      "X4": {
        "em": 0.0,
        "contains_gt": 0.0,
        "f1": 0.2308080808080808,
        "bleu": 0.09053315493360492,
        "bleu_1": 0.2060825634564526,
        "bleu_2": 0.1411907908110043
      },
      "X3": {
        "em": 0.0,
        "contains_gt": 0.0,
        "f1": 0.0,
        "bleu": 0.0,
        "bleu_1": 0.0,
        "bleu_2": 0.0
      }
    },
    "by_y": {
      "Y2": {
        "em": 0.0,
        "contains_gt": 0.0,
        "f1": 0.09164021164021165,
        "bleu": 0.020172988110142495,
        "bleu_1": 0.06889965346577234,
        "bleu_2": 0.02837599504490513
      },
      "Y1": {
        "em": 0.0,
        "contains_gt": 0.0,
        "f1": 0.5,
        "bleu": 0.1495348781221221,
        "bleu_1": 0.5,
        "bleu_2": 0.223606797749979
      },
      "Y3": {
        "em": 0.0,
        "contains_gt": 0.0,
        "f1": 0.17288961038961037,
        "bleu": 0.04600661859281539,
        "bleu_1": 0.12821618741620347,
        "bleu_2": 0.08834215665642878
      }
    },
    "by_cell": {
      "X2_Y2": {
        "em": 0.0,
        "contains_gt": 0.0,
        "f1": 0.08864468864468865,
        "bleu": 0.01914356346622772,
        "bleu_1": 0.06411498476819885,
        "bleu_2": 0.02730224981191709
      },
      "X1_Y1": {
        "em": 0.0,
        "contains_gt": 0.0,
        "f1": 0.5,
        "bleu": 0.1495348781221221,
        "bleu_1": 0.5,
        "bleu_2": 0.223606797749979
      },
      "X4_Y2": {
        "em": 0.0,
        "contains_gt": 0.0,
        "f1": 0.22222222222222224,
        "bleu": 0.05372849659117709,
        "bleu_1": 0.2,
        "bleu_2": 0.07071067811865477
      },
      "X3_Y2": {
        "em": 0.0,
        "contains_gt": 0.0,
        "f1": 0.0,
        "bleu": 0.0,
        "bleu_1": 0.0,
        "bleu_2": 0.0
      },
      "X2_Y3": {
        "em": 0.0,
        "contains_gt": 0.0,
        "f1": 0.22857142857142854,
        "bleu": 0.030628429007387444,
        "bleu_1": 0.1416362863424357,
        "bleu_2": 0.08497252078815573
      },
      "X4_Y3": {
        "em": 0.0,
        "contains_gt": 0.0,
        "f1": 0.23295454545454544,
        "bleu": 0.09973431951921188,
        "bleu_1": 0.20760320432056575,
        "bleu_2": 0.1588108189840917
      },
      "X1_Y3": {
        "em": 0.0,
        "contains_gt": 0.0,
        "f1": 0.0,
        "bleu": 0.0,
        "bleu_1": 0.0,
        "bleu_2": 0.0
      },
      "X3_Y3": {
        "em": 0.0,
        "contains_gt": 0.0,
        "f1": 0.0,
        "bleu": 0.0,
        "bleu_1": 0.0,
        "bleu_2": 0.0
      }
    }
  },
  "method_runtime": {
    "num_memories": 60,
    "debug_dir": "/Users/qingyuejiao/Desktop/MemoryBench/output/outdoor_navigation_route_memory_assistant/a_mem"
  }
}