{
  "task_name": "personal_health_dashboard_assistant",
  "model_name": "gpt_4_1_nano",
  "model_path": "gpt-4.1-nano",
  "method_name": "clue_only_context__multimodal",
  "base_method_name": "clue_only_context",
  "method_modality": "multimodal",
  "mode": "mcq",
  "num_qas": 51,
  "num_qas_run": 51,
  "dialog_json": "/common/home/mg1998/MemoryBench/Benchmark_Pipeline/data/dialog/Personal_Health_Dashboard_Assistant.json",
  "image_root": "/common/home/mg1998/MemoryBench/Benchmark_Pipeline/data/image",
  "run_dir": "/common/home/mg1998/MemoryBench/Benchmark_Pipeline/runs/personal_health_dashboard_assistant/20260424_215355_gpt_4_1_nano_clue_only_context__multimodal",
  "git_commit": "658ab1743219fa7a98e5672df9c7253b6b5b5e6d",
  "summary": {
    "open_count": 51,
    "overall": {
      "em": 0.29411764705882354,
      "contains_gt": 0.2549019607843137,
      "f1": 0.29411764705882354
    },
    "by_x": {
      "X4": {
        "em": 0.2727272727272727,
        "contains_gt": 0.20454545454545456,
        "f1": 0.2727272727272727
      },
      "X2": {
        "em": 0.0625,
        "contains_gt": 0.25,
        "f1": 0.0625
      },
      "X1": {
        "em": 0.9166666666666666,
        "contains_gt": 1.0,
        "f1": 0.9166666666666666
      }
    },
    "by_y": {
      "Y2": {
        "em": 0.23295454545454544,
        "contains_gt": 0.18181818181818182,
        "f1": 0.23295454545454544
      },
      "Y3": {
        "em": 0.625,
        "contains_gt": 0.6666666666666666,
        "f1": 0.625
      },
      "Y1": {
        "em": 1.0,
        "contains_gt": 1.0,
        "f1": 1.0
      }
    },
    "by_cell": {
      "X4_Y2": {
        "em": 0.25,
        "contains_gt": 0.175,
        "f1": 0.25
      },
      "X4_Y3": {
        "em": 0.5,
        "contains_gt": 0.5,
        "f1": 0.5
      },
      "X2_Y2": {
        "em": 0.0625,
        "contains_gt": 0.25,
        "f1": 0.0625
      },
      "X1_Y3": {
        "em": 0.875,
        "contains_gt": 1.0,
        "f1": 0.875
      },
      "X1_Y1": {
        "em": 1.0,
        "contains_gt": 1.0,
        "f1": 1.0
      }
    },
    "mcq_count": 51,
    "mcq_valid_rate": 1.0,
    "mcq_overall": {
      "em": 0.29411764705882354,
      "contains_gt": 0.2549019607843137,
      "f1": 0.29411764705882354
    },
    "mcq_per_position_accuracy": {
      "A": 0.39215686274509803,
      "B": 0.27450980392156865,
      "C": 0.2549019607843137,
      "D": 0.2549019607843137
    }
  },
  "method_runtime": {
    "method_modality": "multimodal",
    "history_source": "clue_only",
    "captions_loaded": false,
    "images_loaded": true,
    "history_turns_after_truncation": 6
  }
}