{
  "task_name": "outdoor_navigation_route_memory_assistant",
  "model_name": "gpt_4_1_nano",
  "model_path": "gpt-4.1-nano",
  "method_name": "mirix",
  "base_method_name": "mirix",
  "method_modality": "",
  "mode": "mcq",
  "num_qas": 28,
  "num_qas_run": 28,
  "dialog_json": "/Users/qingyuejiao/Desktop/MemoryBench/Benchmark_Pipeline/data/dialog/Outdoor_Navigation_Route_Memory_Assistant.json",
  "image_root": "/Users/qingyuejiao/Desktop/MemoryBench/Benchmark_Pipeline/data/image",
  "run_dir": "/Users/qingyuejiao/Desktop/MemoryBench/Benchmark_Pipeline/runs/outdoor_navigation_route_memory_assistant/20260428_103557_gpt_4_1_nano_mirix",
  "git_commit": "19208b4d7805b574b0ac0a5b3894a8403f734e9b",
  "summary": {
    "open_count": 28,
    "overall": {
      "em": 0.39285714285714285,
      "contains_gt": 0.32142857142857145,
      "f1": 0.39285714285714285
    },
    "by_x": {
      "X2": {
        "em": 0.5,
        "contains_gt": 0.3888888888888889,
        "f1": 0.5
      },
      "X1": {
        "em": 0.16666666666666666,
        "contains_gt": 0.3333333333333333,
        "f1": 0.16666666666666666
      },
      "X4": {
        "em": 0.2,
        "contains_gt": 0.2,
        "f1": 0.2
      },
      "X3": {
        "em": 0.25,
        "contains_gt": 0.0,
        "f1": 0.25
      }
    },
    "by_y": {
      "Y2": {
        "em": 0.36666666666666664,
        "contains_gt": 0.26666666666666666,
        "f1": 0.36666666666666664
      },
      "Y1": {
        "em": 0.25,
        "contains_gt": 1.0,
        "f1": 0.25
      },
      "Y3": {
        "em": 0.4375,
        "contains_gt": 0.3333333333333333,
        "f1": 0.4375
      }
    },
    "by_cell": {
      "X2_Y2": {
        "em": 0.40384615384615385,
        "contains_gt": 0.3076923076923077,
        "f1": 0.40384615384615385
      },
      "X1_Y1": {
        "em": 0.25,
        "contains_gt": 1.0,
        "f1": 0.25
      },
      "X4_Y2": {
        "em": 0.25,
        "contains_gt": 0.0,
        "f1": 0.25
      },
      "X3_Y2": {
        "em": 0.0,
        "contains_gt": 0.0,
        "f1": 0.0
      },
      "X2_Y3": {
        "em": 0.75,
        "contains_gt": 0.6,
        "f1": 0.75
      },
      "X4_Y3": {
        "em": 0.1875,
        "contains_gt": 0.25,
        "f1": 0.1875
      },
      "X1_Y3": {
        "em": 0.125,
        "contains_gt": 0.0,
        "f1": 0.125
      },
      "X3_Y3": {
        "em": 0.5,
        "contains_gt": 0.0,
        "f1": 0.5
      }
    },
    "mcq_count": 28,
    "mcq_valid_rate": 1.0,
    "mcq_overall": {
      "em": 0.39285714285714285,
      "contains_gt": 0.32142857142857145,
      "f1": 0.39285714285714285
    },
    "mcq_per_position_accuracy": {
      "A": 0.4642857142857143,
      "B": 0.35714285714285715,
      "C": 0.42857142857142855,
      "D": 0.32142857142857145
    }
  },
  "method_runtime": {
    "official_mirix": true,
    "official_model_name": "gpt-4.1-nano",
    "ingested_turns": 120,
    "runtime_signature": "cfa53349f18b4d69",
    "runtime_dir": "/Users/qingyuejiao/Desktop/MemoryBench/Benchmark_Pipeline/runs/outdoor_navigation_route_memory_assistant/mirix/cfa53349f18b4d69",
    "runtime_home": "/Users/qingyuejiao/Desktop/MemoryBench/Benchmark_Pipeline/runs/outdoor_navigation_route_memory_assistant/mirix/cfa53349f18b4d69/runtime_home",
    "debug_dir": "/Users/qingyuejiao/Desktop/MemoryBench/Benchmark_Pipeline/output/outdoor_navigation_route_memory_assistant/mirix/cfa53349f18b4d69",
    "resumed": true,
    "completed_ingestion": true
  }
}
