{
  "task_name": "multi_scene_visual_case_archive_assistant",
  "model_name": "gemini_2_5_flash_lite",
  "model_path": "gemini-2.5-flash-lite",
  "method_name": "semantic_rag_text_only",
  "base_method_name": "semantic_rag_text_only",
  "method_modality": "",
  "mode": "mcq",
  "num_qas": 59,
  "num_qas_run": 59,
  "dialog_json": "/common/home/mg1998/MemoryBench/Benchmark_Pipeline/data/dialog/Multi-Scene_Visual_Case_Archive_Assistant.json",
  "image_root": "/common/home/mg1998/MemoryBench/Benchmark_Pipeline/data/image",
  "run_dir": "/common/home/mg1998/MemoryBench/Benchmark_Pipeline/runs/multi_scene_visual_case_archive_assistant/20260422_071559_gemini_2_5_flash_lite_semantic_rag_text_only",
  "git_commit": "265dcfb5db60d50bff9abf401df5dcdd59de51fa",
  "summary": {
    "open_count": 59,
    "overall": {
      "em": 0.3220338983050847,
      "contains_gt": 0.3220338983050847,
      "f1": 0.3220338983050847
    },
    "by_x": {
      "X4": {
        "em": 0.42857142857142855,
        "contains_gt": 0.42857142857142855,
        "f1": 0.42857142857142855
      },
      "X2": {
        "em": 0.4444444444444444,
        "contains_gt": 0.4444444444444444,
        "f1": 0.4444444444444444
      },
      "X3": {
        "em": 0.27906976744186046,
        "contains_gt": 0.27906976744186046,
        "f1": 0.27906976744186046
      }
    },
    "by_y": {
      "Y2": {
        "em": 0.4,
        "contains_gt": 0.4,
        "f1": 0.4
      },
      "Y3": {
        "em": 0.6153846153846154,
        "contains_gt": 0.6153846153846154,
        "f1": 0.6153846153846154
      },
      "Y1": {
        "em": 0.19444444444444445,
        "contains_gt": 0.19444444444444445,
        "f1": 0.19444444444444445
      }
    },
    "by_cell": {
      "X4_Y2": {
        "em": 0.6,
        "contains_gt": 0.6,
        "f1": 0.6
      },
      "X2_Y2": {
        "em": 0.0,
        "contains_gt": 0.0,
        "f1": 0.0
      },
      "X3_Y3": {
        "em": 0.8,
        "contains_gt": 0.8,
        "f1": 0.8
      },
      "X2_Y3": {
        "em": 0.6666666666666666,
        "contains_gt": 0.6666666666666666,
        "f1": 0.6666666666666666
      },
      "X3_Y1": {
        "em": 0.19444444444444445,
        "contains_gt": 0.19444444444444445,
        "f1": 0.19444444444444445
      },
      "X3_Y2": {
        "em": 0.5,
        "contains_gt": 0.5,
        "f1": 0.5
      },
      "X4_Y3": {
        "em": 0.0,
        "contains_gt": 0.0,
        "f1": 0.0
      }
    },
    "mcq_count": 59,
    "mcq_valid_rate": 1.0,
    "mcq_overall": {
      "em": 0.3220338983050847,
      "contains_gt": 0.3220338983050847,
      "f1": 0.3220338983050847
    }
  },
  "method_runtime": {
    "retrieval_backend": "dense_text",
    "retrieval_corpus": "round_text",
    "method_modality": "text_only",
    "top_k": 10,
    "neighbor_window": 0,
    "seed_round_ids": [
      "S2:R6",
      "S3:R4",
      "S2:R4",
      "S5:R6",
      "S8:R7",
      "S15:R1",
      "S12:R3",
      "S1:R4",
      "S8:R8",
      "S11:R4"
    ],
    "selected_round_ids": [
      "S2:R6",
      "S3:R4",
      "S2:R4",
      "S5:R6",
      "S8:R7",
      "S15:R1",
      "S12:R3",
      "S1:R4",
      "S8:R8",
      "S11:R4"
    ],
    "top_candidates": [
      {
        "round_id": "S2:R6",
        "score": 0.6643899853680835,
        "text_dense_score": 0.6643899853680835
      },
      {
        "round_id": "S3:R4",
        "score": 0.44357926869587067,
        "text_dense_score": 0.44357926869587067
      },
      {
        "round_id": "S2:R4",
        "score": 0.4390329257295979,
        "text_dense_score": 0.4390329257295979
      },
      {
        "round_id": "S5:R6",
        "score": 0.4099225828315982,
        "text_dense_score": 0.4099225828315982
      },
      {
        "round_id": "S8:R7",
        "score": 0.40481922134427467,
        "text_dense_score": 0.40481922134427467
      }
    ],
    "clue_hit_count": 3,
    "corpus_entry_count": 117,
    "text_embedding_model": "all-MiniLM-L6-v2",
    "caption_text_included": true,
    "image_embeddings_built": false,
    "history_source": "retrieval",
    "captions_loaded": true,
    "images_loaded": false,
    "history_turns_after_truncation": 20
  }
}