{
  "task_name": "multi_scene_visual_case_archive_assistant",
  "model_name": "gemini_2_5_flash_lite",
  "model_path": "gemini-2.5-flash-lite",
  "method_name": "full_context_multimodal",
  "base_method_name": "full_context_multimodal",
  "method_modality": "",
  "mode": "mcq",
  "num_qas": 59,
  "num_qas_run": 59,
  "dialog_json": "/common/home/mg1998/MemoryBench/Benchmark_Pipeline/data/dialog/Multi-Scene_Visual_Case_Archive_Assistant.json",
  "image_root": "/common/home/mg1998/MemoryBench/Benchmark_Pipeline/data/image",
  "run_dir": "/common/home/mg1998/MemoryBench/Benchmark_Pipeline/runs/multi_scene_visual_case_archive_assistant/20260422_064952_gemini_2_5_flash_lite_full_context_multimodal",
  "git_commit": "265dcfb5db60d50bff9abf401df5dcdd59de51fa",
  "summary": {
    "open_count": 59,
    "overall": {
      "em": 0.3220338983050847,
      "contains_gt": 0.3220338983050847,
      "f1": 0.3220338983050847
    },
    "by_x": {
      "X4": {
        "em": 0.8571428571428571,
        "contains_gt": 0.8571428571428571,
        "f1": 0.8571428571428571
      },
      "X2": {
        "em": 0.8888888888888888,
        "contains_gt": 0.8888888888888888,
        "f1": 0.8888888888888888
      },
      "X3": {
        "em": 0.11627906976744186,
        "contains_gt": 0.11627906976744186,
        "f1": 0.11627906976744186
      }
    },
    "by_y": {
      "Y2": {
        "em": 0.6,
        "contains_gt": 0.6,
        "f1": 0.6
      },
      "Y3": {
        "em": 0.8461538461538461,
        "contains_gt": 0.8461538461538461,
        "f1": 0.8461538461538461
      },
      "Y1": {
        "em": 0.05555555555555555,
        "contains_gt": 0.05555555555555555,
        "f1": 0.05555555555555555
      }
    },
    "by_cell": {
      "X4_Y2": {
        "em": 0.8,
        "contains_gt": 0.8,
        "f1": 0.8
      },
      "X2_Y2": {
        "em": 0.6666666666666666,
        "contains_gt": 0.6666666666666666,
        "f1": 0.6666666666666666
      },
      "X3_Y3": {
        "em": 0.6,
        "contains_gt": 0.6,
        "f1": 0.6
      },
      "X2_Y3": {
        "em": 1.0,
        "contains_gt": 1.0,
        "f1": 1.0
      },
      "X3_Y1": {
        "em": 0.05555555555555555,
        "contains_gt": 0.05555555555555555,
        "f1": 0.05555555555555555
      },
      "X3_Y2": {
        "em": 0.0,
        "contains_gt": 0.0,
        "f1": 0.0
      },
      "X4_Y3": {
        "em": 1.0,
        "contains_gt": 1.0,
        "f1": 1.0
      }
    },
    "mcq_count": 59,
    "mcq_valid_rate": 1.0,
    "mcq_overall": {
      "em": 0.3220338983050847,
      "contains_gt": 0.3220338983050847,
      "f1": 0.3220338983050847
    }
  },
  "method_runtime": {
    "method_modality": "multimodal",
    "history_source": "full_context",
    "captions_loaded": false,
    "images_loaded": true,
    "history_turns_after_truncation": 234,
    "history_turns_before_truncation": 234
  }
}