{
  "task_name": "personal_health_dashboard_assistant",
  "model_name": "gemini_2_5_flash_lite",
  "model_path": "gemini-2.5-flash-lite",
  "method_name": "full_context_text_only",
  "base_method_name": "full_context_text_only",
  "method_modality": "",
  "mode": "mcq",
  "num_qas": 63,
  "num_qas_run": 63,
  "dialog_json": "/common/home/mg1998/MemoryBench/Benchmark_Pipeline/data/dialog/Personal_Health_Dashboard_Assistant.json",
  "image_root": "/common/home/mg1998/MemoryBench/Benchmark_Pipeline/data/image",
  "run_dir": "/common/home/mg1998/MemoryBench/Benchmark_Pipeline/runs/personal_health_dashboard_assistant/20260422_091926_gemini_2_5_flash_lite_full_context_text_only",
  "git_commit": "265dcfb5db60d50bff9abf401df5dcdd59de51fa",
  "summary": {
    "open_count": 63,
    "overall": {
      "em": 0.2857142857142857,
      "contains_gt": 0.2857142857142857,
      "f1": 0.2857142857142857
    },
    "by_x": {
      "X4": {
        "em": 0.26785714285714285,
        "contains_gt": 0.26785714285714285,
        "f1": 0.26785714285714285
      },
      "X3": {
        "em": 0.25,
        "contains_gt": 0.25,
        "f1": 0.25
      },
      "X1": {
        "em": 0.6666666666666666,
        "contains_gt": 0.6666666666666666,
        "f1": 0.6666666666666666
      }
    },
    "by_y": {
      "Y2": {
        "em": 0.21568627450980393,
        "contains_gt": 0.21568627450980393,
        "f1": 0.21568627450980393
      },
      "Y3": {
        "em": 0.5454545454545454,
        "contains_gt": 0.5454545454545454,
        "f1": 0.5454545454545454
      },
      "Y1": {
        "em": 1.0,
        "contains_gt": 1.0,
        "f1": 1.0
      }
    },
    "by_cell": {
      "X4_Y2": {
        "em": 0.2127659574468085,
        "contains_gt": 0.2127659574468085,
        "f1": 0.2127659574468085
      },
      "X4_Y3": {
        "em": 0.5555555555555556,
        "contains_gt": 0.5555555555555556,
        "f1": 0.5555555555555556
      },
      "X3_Y2": {
        "em": 0.25,
        "contains_gt": 0.25,
        "f1": 0.25
      },
      "X1_Y3": {
        "em": 0.5,
        "contains_gt": 0.5,
        "f1": 0.5
      },
      "X1_Y1": {
        "em": 1.0,
        "contains_gt": 1.0,
        "f1": 1.0
      }
    },
    "mcq_count": 63,
    "mcq_valid_rate": 0.8888888888888888,
    "mcq_overall": {
      "em": 0.2857142857142857,
      "contains_gt": 0.2857142857142857,
      "f1": 0.2857142857142857
    }
  },
  "method_runtime": {
    "caption_validation_passed": true,
    "caption_validation_round_count": 62,
    "method_modality": "text_only",
    "history_source": "full_context",
    "captions_loaded": true,
    "images_loaded": false,
    "history_turns_after_truncation": 194,
    "history_turns_before_truncation": 194
  }
}