{
  "task_name": "personal_health_dashboard_assistant",
  "model_name": "gemini_2_5_flash_lite",
  "model_path": "gemini-2.5-flash-lite",
  "method_name": "target_session_context__text_only",
  "base_method_name": "target_session_context",
  "method_modality": "text_only",
  "mode": "mcq",
  "num_qas": 63,
  "num_qas_run": 63,
  "dialog_json": "/common/home/mg1998/MemoryBench/Benchmark_Pipeline/data/dialog/Personal_Health_Dashboard_Assistant.json",
  "image_root": "/common/home/mg1998/MemoryBench/Benchmark_Pipeline/data/image",
  "run_dir": "/common/home/mg1998/MemoryBench/Benchmark_Pipeline/runs/personal_health_dashboard_assistant/20260422_024348_gemini_2_5_flash_lite_target_session_context__text_only",
  "git_commit": "dc79f95979a1a2f0bdf89f7b6e6a98e8cab76606",
  "summary": {
    "open_count": 63,
    "overall": {
      "em": 0.2698412698412698,
      "contains_gt": 0.2698412698412698,
      "f1": 0.2698412698412698
    },
    "by_x": {
      "X4": {
        "em": 0.25,
        "contains_gt": 0.25,
        "f1": 0.25
      },
      "X3": {
        "em": 0.25,
        "contains_gt": 0.25,
        "f1": 0.25
      },
      "X1": {
        "em": 0.6666666666666666,
        "contains_gt": 0.6666666666666666,
        "f1": 0.6666666666666666
      }
    },
    "by_y": {
      "Y2": {
        "em": 0.21568627450980393,
        "contains_gt": 0.21568627450980393,
        "f1": 0.21568627450980393
      },
      "Y3": {
        "em": 0.45454545454545453,
        "contains_gt": 0.45454545454545453,
        "f1": 0.45454545454545453
      },
      "Y1": {
        "em": 1.0,
        "contains_gt": 1.0,
        "f1": 1.0
      }
    },
    "by_cell": {
      "X4_Y2": {
        "em": 0.2127659574468085,
        "contains_gt": 0.2127659574468085,
        "f1": 0.2127659574468085
      },
      "X4_Y3": {
        "em": 0.4444444444444444,
        "contains_gt": 0.4444444444444444,
        "f1": 0.4444444444444444
      },
      "X3_Y2": {
        "em": 0.25,
        "contains_gt": 0.25,
        "f1": 0.25
      },
      "X1_Y3": {
        "em": 0.5,
        "contains_gt": 0.5,
        "f1": 0.5
      },
      "X1_Y1": {
        "em": 1.0,
        "contains_gt": 1.0,
        "f1": 1.0
      }
    },
    "mcq_count": 63,
    "mcq_valid_rate": 0.9206349206349206,
    "mcq_overall": {
      "em": 0.2698412698412698,
      "contains_gt": 0.2698412698412698,
      "f1": 0.2698412698412698
    }
  },
  "method_runtime": {
    "caption_validation_passed": true,
    "caption_validation_round_count": 62,
    "method_modality": "text_only",
    "history_source": "target_session_context",
    "captions_loaded": true,
    "images_loaded": false,
    "history_turns_after_truncation": 14
  }
}