{
  "task_name": "multi_scene_visual_case_archive_assistant",
  "model_name": "gemini_2_5_flash_lite",
  "model_path": "gemini-2.5-flash-lite",
  "method_name": "simplemem",
  "base_method_name": "simplemem",
  "method_modality": "",
  "mode": "mcq",
  "num_qas": 59,
  "num_qas_run": 59,
  "dialog_json": "/common/home/mg1998/MemoryBench/Benchmark_Pipeline/data/dialog/Multi-Scene_Visual_Case_Archive_Assistant.json",
  "image_root": "/common/home/mg1998/MemoryBench/Benchmark_Pipeline/data/image",
  "run_dir": "/common/home/mg1998/MemoryBench/Benchmark_Pipeline/runs/multi_scene_visual_case_archive_assistant/20260422_071649_gemini_2_5_flash_lite_simplemem",
  "git_commit": "265dcfb5db60d50bff9abf401df5dcdd59de51fa",
  "summary": {
    "open_count": 59,
    "overall": {
      "em": 0.6779661016949152,
      "contains_gt": 0.6779661016949152,
      "f1": 0.6779661016949152
    },
    "by_x": {
      "X4": {
        "em": 0.2857142857142857,
        "contains_gt": 0.2857142857142857,
        "f1": 0.2857142857142857
      },
      "X2": {
        "em": 0.1111111111111111,
        "contains_gt": 0.1111111111111111,
        "f1": 0.1111111111111111
      },
      "X3": {
        "em": 0.8604651162790697,
        "contains_gt": 0.8604651162790697,
        "f1": 0.8604651162790697
      }
    },
    "by_y": {
      "Y2": {
        "em": 0.4,
        "contains_gt": 0.4,
        "f1": 0.4
      },
      "Y3": {
        "em": 0.07692307692307693,
        "contains_gt": 0.07692307692307693,
        "f1": 0.07692307692307693
      },
      "Y1": {
        "em": 0.9722222222222222,
        "contains_gt": 0.9722222222222222,
        "f1": 0.9722222222222222
      }
    },
    "by_cell": {
      "X4_Y2": {
        "em": 0.4,
        "contains_gt": 0.4,
        "f1": 0.4
      },
      "X2_Y2": {
        "em": 0.0,
        "contains_gt": 0.0,
        "f1": 0.0
      },
      "X3_Y3": {
        "em": 0.0,
        "contains_gt": 0.0,
        "f1": 0.0
      },
      "X2_Y3": {
        "em": 0.16666666666666666,
        "contains_gt": 0.16666666666666666,
        "f1": 0.16666666666666666
      },
      "X3_Y1": {
        "em": 0.9722222222222222,
        "contains_gt": 0.9722222222222222,
        "f1": 0.9722222222222222
      },
      "X3_Y2": {
        "em": 1.0,
        "contains_gt": 1.0,
        "f1": 1.0
      },
      "X4_Y3": {
        "em": 0.0,
        "contains_gt": 0.0,
        "f1": 0.0
      }
    },
    "mcq_count": 59,
    "mcq_valid_rate": 0.711864406779661,
    "mcq_overall": {
      "em": 0.6779661016949152,
      "contains_gt": 0.6779661016949152,
      "f1": 0.6779661016949152
    }
  },
  "method_runtime": {
    "num_memories": 117,
    "debug_dir": "/common/home/mg1998/MemoryBench/output/multi-scene_visual_case_archive_assistant/simplemem",
    "data_dir": "/common/home/mg1998/MemoryBench/runs/simplemem/multi-scene_visual_case_archive_assistant"
  }
}