{
  "task_name": "personal_health_dashboard_assistant",
  "model_name": "gemini_2_5_flash_lite",
  "model_path": "gemini-2.5-flash-lite",
  "method_name": "a_mem",
  "base_method_name": "a_mem",
  "method_modality": "",
  "mode": "mcq",
  "num_qas": 63,
  "num_qas_run": 63,
  "dialog_json": "/common/home/mg1998/MemoryBench/Benchmark_Pipeline/data/dialog/Personal_Health_Dashboard_Assistant.json",
  "image_root": "/common/home/mg1998/MemoryBench/Benchmark_Pipeline/data/image",
  "run_dir": "/common/home/mg1998/MemoryBench/Benchmark_Pipeline/runs/personal_health_dashboard_assistant/20260422_120008_gemini_2_5_flash_lite_a_mem",
  "git_commit": "d2f4f8977d4f5eed60bc84b41f08e49698c60c48",
  "summary": {
    "open_count": 63,
    "overall": {
      "em": 0.1746031746031746,
      "contains_gt": 0.1746031746031746,
      "f1": 0.1746031746031746
    },
    "by_x": {
      "X4": {
        "em": 0.14285714285714285,
        "contains_gt": 0.14285714285714285,
        "f1": 0.14285714285714285
      },
      "X3": {
        "em": 0.0,
        "contains_gt": 0.0,
        "f1": 0.0
      },
      "X1": {
        "em": 1.0,
        "contains_gt": 1.0,
        "f1": 1.0
      }
    },
    "by_y": {
      "Y2": {
        "em": 0.11764705882352941,
        "contains_gt": 0.11764705882352941,
        "f1": 0.11764705882352941
      },
      "Y3": {
        "em": 0.36363636363636365,
        "contains_gt": 0.36363636363636365,
        "f1": 0.36363636363636365
      },
      "Y1": {
        "em": 1.0,
        "contains_gt": 1.0,
        "f1": 1.0
      }
    },
    "by_cell": {
      "X4_Y2": {
        "em": 0.1276595744680851,
        "contains_gt": 0.1276595744680851,
        "f1": 0.1276595744680851
      },
      "X4_Y3": {
        "em": 0.2222222222222222,
        "contains_gt": 0.2222222222222222,
        "f1": 0.2222222222222222
      },
      "X3_Y2": {
        "em": 0.0,
        "contains_gt": 0.0,
        "f1": 0.0
      },
      "X1_Y3": {
        "em": 1.0,
        "contains_gt": 1.0,
        "f1": 1.0
      },
      "X1_Y1": {
        "em": 1.0,
        "contains_gt": 1.0,
        "f1": 1.0
      }
    },
    "mcq_count": 63,
    "mcq_valid_rate": 1.0,
    "mcq_overall": {
      "em": 0.1746031746031746,
      "contains_gt": 0.1746031746031746,
      "f1": 0.1746031746031746
    }
  },
  "method_runtime": {
    "num_memories": 97,
    "debug_dir": "/common/home/mg1998/MemoryBench/output/personal_health_dashboard_assistant/a_mem"
  }
}