{
  "task_name": "brand_memory_test",
  "model_name": "gemini_2_5_flash_lite",
  "model_path": "gemini-2.5-flash-lite",
  "method_name": "simplemem__multimodal",
  "base_method_name": "simplemem",
  "method_modality": "multimodal",
  "mode": "mcq",
  "num_qas": 33,
  "num_qas_run": 33,
  "dialog_json": "/common/home/mg1998/MemoryBench/Benchmark_Pipeline/data/dialog/Brand_Memory_Test.json",
  "image_root": "/common/home/mg1998/MemoryBench/Benchmark_Pipeline/data/image",
  "run_dir": "/common/home/mg1998/MemoryBench/Benchmark_Pipeline/runs/brand_memory_test/20260422_022525_gemini_2_5_flash_lite_simplemem__multimodal",
  "git_commit": "662f5209977d226875c4c7398d7f80e2c655606e",
  "summary": {
    "open_count": 33,
    "overall": {
      "em": 0.21212121212121213,
      "contains_gt": 0.21212121212121213,
      "f1": 0.21212121212121213
    },
    "by_x": {
      "X2": {
        "em": 0.4444444444444444,
        "contains_gt": 0.4444444444444444,
        "f1": 0.4444444444444444
      },
      "X4": {
        "em": 0.0,
        "contains_gt": 0.0,
        "f1": 0.0
      },
      "X1": {
        "em": 0.13636363636363635,
        "contains_gt": 0.13636363636363635,
        "f1": 0.13636363636363635
      }
    },
    "by_y": {
      "Y1": {
        "em": 0.3333333333333333,
        "contains_gt": 0.3333333333333333,
        "f1": 0.3333333333333333
      },
      "Y2": {
        "em": 0.2,
        "contains_gt": 0.2,
        "f1": 0.2
      }
    },
    "by_cell": {
      "X2_Y1": {
        "em": 0.0,
        "contains_gt": 0.0,
        "f1": 0.0
      },
      "X4_Y1": {
        "em": 0.0,
        "contains_gt": 0.0,
        "f1": 0.0
      },
      "X2_Y2": {
        "em": 0.5,
        "contains_gt": 0.5,
        "f1": 0.5
      },
      "X1_Y2": {
        "em": 0.09523809523809523,
        "contains_gt": 0.09523809523809523,
        "f1": 0.09523809523809523
      },
      "X4_Y2": {
        "em": 0.0,
        "contains_gt": 0.0,
        "f1": 0.0
      },
      "X1_Y1": {
        "em": 1.0,
        "contains_gt": 1.0,
        "f1": 1.0
      }
    },
    "mcq_count": 33,
    "mcq_valid_rate": 0.5454545454545454,
    "mcq_overall": {
      "em": 0.21212121212121213,
      "contains_gt": 0.21212121212121213,
      "f1": 0.21212121212121213
    }
  },
  "method_runtime": {
    "num_memories": 72,
    "debug_dir": "/common/home/mg1998/MemoryBench/output/brand_memory_test/simplemem",
    "data_dir": "/common/home/mg1998/MemoryBench/runs/simplemem/brand_memory_test"
  }
}