{
  "task_name": "card_playlog_test",
  "model_name": "gemini_2_5_flash_lite",
  "model_path": "gemini-2.5-flash-lite",
  "method_name": "clue_only_context__multimodal",
  "base_method_name": "clue_only_context",
  "method_modality": "multimodal",
  "mode": "mcq",
  "num_qas": 48,
  "num_qas_run": 48,
  "dialog_json": "/common/home/mg1998/MemoryBench/Benchmark_Pipeline/data/dialog/Card_Playlog_Test.json",
  "image_root": "/common/home/mg1998/MemoryBench/Benchmark_Pipeline/data/image",
  "run_dir": "/common/home/mg1998/MemoryBench/Benchmark_Pipeline/runs/card_playlog_test/20260422_123943_gemini_2_5_flash_lite_clue_only_context__multimodal",
  "git_commit": "d2f4f8977d4f5eed60bc84b41f08e49698c60c48",
  "summary": {
    "open_count": 48,
    "overall": {
      "em": 0.4166666666666667,
      "contains_gt": 0.4166666666666667,
      "f1": 0.4166666666666667
    },
    "by_x": {
      "X4": {
        "em": 0.4166666666666667,
        "contains_gt": 0.4166666666666667,
        "f1": 0.4166666666666667
      }
    },
    "by_y": {
      "Y3": {
        "em": 0.42105263157894735,
        "contains_gt": 0.42105263157894735,
        "f1": 0.42105263157894735
      },
      "Y2": {
        "em": 0.41379310344827586,
        "contains_gt": 0.41379310344827586,
        "f1": 0.41379310344827586
      }
    },
    "by_cell": {
      "X4_Y3": {
        "em": 0.42105263157894735,
        "contains_gt": 0.42105263157894735,
        "f1": 0.42105263157894735
      },
      "X4_Y2": {
        "em": 0.41379310344827586,
        "contains_gt": 0.41379310344827586,
        "f1": 0.41379310344827586
      }
    },
    "mcq_count": 48,
    "mcq_valid_rate": 1.0,
    "mcq_overall": {
      "em": 0.4166666666666667,
      "contains_gt": 0.4166666666666667,
      "f1": 0.4166666666666667
    }
  },
  "method_runtime": {
    "method_modality": "multimodal",
    "history_source": "clue_only",
    "captions_loaded": false,
    "images_loaded": true,
    "history_turns_after_truncation": 2
  }
}