{
  "task_name": "personal_health_dashboard_assistant",
  "model_name": "gemini_2_5_flash_lite",
  "model_path": "gemini-2.5-flash-lite",
  "method_name": "m2a",
  "base_method_name": "m2a",
  "method_modality": "",
  "mode": "mcq",
  "num_qas": 63,
  "num_qas_run": 63,
  "dialog_json": "/common/home/mg1998/MemoryBench/Benchmark_Pipeline/data/dialog/Personal_Health_Dashboard_Assistant.json",
  "image_root": "/common/home/mg1998/MemoryBench/Benchmark_Pipeline/data/image",
  "run_dir": "/common/home/mg1998/MemoryBench/Benchmark_Pipeline/runs/personal_health_dashboard_assistant/20260422_095715_gemini_2_5_flash_lite_m2a",
  "git_commit": "265dcfb5db60d50bff9abf401df5dcdd59de51fa",
  "summary": {
    "open_count": 63,
    "overall": {
      "em": 0.12698412698412698,
      "contains_gt": 0.12698412698412698,
      "f1": 0.12698412698412698
    },
    "by_x": {
      "X4": {
        "em": 0.14285714285714285,
        "contains_gt": 0.14285714285714285,
        "f1": 0.14285714285714285
      },
      "X3": {
        "em": 0.0,
        "contains_gt": 0.0,
        "f1": 0.0
      },
      "X1": {
        "em": 0.0,
        "contains_gt": 0.0,
        "f1": 0.0
      }
    },
    "by_y": {
      "Y2": {
        "em": 0.058823529411764705,
        "contains_gt": 0.058823529411764705,
        "f1": 0.058823529411764705
      },
      "Y3": {
        "em": 0.45454545454545453,
        "contains_gt": 0.45454545454545453,
        "f1": 0.45454545454545453
      },
      "Y1": {
        "em": 0.0,
        "contains_gt": 0.0,
        "f1": 0.0
      }
    },
    "by_cell": {
      "X4_Y2": {
        "em": 0.06382978723404255,
        "contains_gt": 0.06382978723404255,
        "f1": 0.06382978723404255
      },
      "X4_Y3": {
        "em": 0.5555555555555556,
        "contains_gt": 0.5555555555555556,
        "f1": 0.5555555555555556
      },
      "X3_Y2": {
        "em": 0.0,
        "contains_gt": 0.0,
        "f1": 0.0
      },
      "X1_Y3": {
        "em": 0.0,
        "contains_gt": 0.0,
        "f1": 0.0
      },
      "X1_Y1": {
        "em": 0.0,
        "contains_gt": 0.0,
        "f1": 0.0
      }
    },
    "mcq_count": 63,
    "mcq_valid_rate": 0.6031746031746031,
    "mcq_overall": {
      "em": 0.12698412698412698,
      "contains_gt": 0.12698412698412698,
      "f1": 0.12698412698412698
    }
  }
}