{
  "task_name": "brand_memory_test",
  "model_name": "gemini_2_5_flash_lite",
  "model_path": "gemini-2.5-flash-lite",
  "method_name": "m2a",
  "base_method_name": "m2a",
  "method_modality": "",
  "mode": "mcq",
  "num_qas": 33,
  "num_qas_run": 33,
  "dialog_json": "/common/home/mg1998/MemoryBench/Benchmark_Pipeline/data/dialog/Brand_Memory_Test.json",
  "image_root": "/common/home/mg1998/MemoryBench/Benchmark_Pipeline/data/image",
  "run_dir": "/common/home/mg1998/MemoryBench/Benchmark_Pipeline/runs/brand_memory_test/20260422_023402_gemini_2_5_flash_lite_m2a",
  "git_commit": "662f5209977d226875c4c7398d7f80e2c655606e",
  "summary": {
    "open_count": 33,
    "overall": {
      "em": 0.18181818181818182,
      "contains_gt": 0.18181818181818182,
      "f1": 0.18181818181818182
    },
    "by_x": {
      "X2": {
        "em": 0.2222222222222222,
        "contains_gt": 0.2222222222222222,
        "f1": 0.2222222222222222
      },
      "X4": {
        "em": 0.5,
        "contains_gt": 0.5,
        "f1": 0.5
      },
      "X1": {
        "em": 0.13636363636363635,
        "contains_gt": 0.13636363636363635,
        "f1": 0.13636363636363635
      }
    },
    "by_y": {
      "Y1": {
        "em": 0.3333333333333333,
        "contains_gt": 0.3333333333333333,
        "f1": 0.3333333333333333
      },
      "Y2": {
        "em": 0.16666666666666666,
        "contains_gt": 0.16666666666666666,
        "f1": 0.16666666666666666
      }
    },
    "by_cell": {
      "X2_Y1": {
        "em": 0.0,
        "contains_gt": 0.0,
        "f1": 0.0
      },
      "X4_Y1": {
        "em": 1.0,
        "contains_gt": 1.0,
        "f1": 1.0
      },
      "X2_Y2": {
        "em": 0.25,
        "contains_gt": 0.25,
        "f1": 0.25
      },
      "X1_Y2": {
        "em": 0.14285714285714285,
        "contains_gt": 0.14285714285714285,
        "f1": 0.14285714285714285
      },
      "X4_Y2": {
        "em": 0.0,
        "contains_gt": 0.0,
        "f1": 0.0
      },
      "X1_Y1": {
        "em": 0.0,
        "contains_gt": 0.0,
        "f1": 0.0
      }
    },
    "mcq_count": 33,
    "mcq_valid_rate": 0.5151515151515151,
    "mcq_overall": {
      "em": 0.18181818181818182,
      "contains_gt": 0.18181818181818182,
      "f1": 0.18181818181818182
    }
  }
}