{
  "task_name": "outdoor_navigation_route_memory_assistant",
  "model_name": "gemini_2_5_flash_lite",
  "model_path": "gemini-2.5-flash-lite",
  "method_name": "memoryos",
  "base_method_name": "memoryos",
  "method_modality": "",
  "mode": "mcq",
  "num_qas": 40,
  "num_qas_run": 40,
  "dialog_json": "/common/home/mg1998/MemoryBench/Benchmark_Pipeline/data/dialog/Outdoor_Navigation_Route_Memory_Assistant.json",
  "image_root": "/common/home/mg1998/MemoryBench/Benchmark_Pipeline/data/image",
  "run_dir": "/common/home/mg1998/MemoryBench/Benchmark_Pipeline/runs/outdoor_navigation_route_memory_assistant/20260422_143220_gemini_2_5_flash_lite_memoryos",
  "git_commit": "3e9d49e662235e46cdaf70d1561ea57dd2bf6d99",
  "summary": {
    "open_count": 40,
    "overall": {
      "em": 0.5,
      "contains_gt": 0.5,
      "f1": 0.5
    },
    "by_x": {
      "X3": {
        "em": 0.5925925925925926,
        "contains_gt": 0.5925925925925926,
        "f1": 0.5925925925925926
      },
      "X1": {
        "em": 0.0,
        "contains_gt": 0.0,
        "f1": 0.0
      },
      "X4": {
        "em": 0.2,
        "contains_gt": 0.2,
        "f1": 0.2
      },
      "X2": {
        "em": 0.6,
        "contains_gt": 0.6,
        "f1": 0.6
      }
    },
    "by_y": {
      "Y2": {
        "em": 0.5769230769230769,
        "contains_gt": 0.5769230769230769,
        "f1": 0.5769230769230769
      },
      "Y1": {
        "em": 0.0,
        "contains_gt": 0.0,
        "f1": 0.0
      },
      "Y3": {
        "em": 0.38461538461538464,
        "contains_gt": 0.38461538461538464,
        "f1": 0.38461538461538464
      }
    },
    "by_cell": {
      "X3_Y2": {
        "em": 0.5909090909090909,
        "contains_gt": 0.5909090909090909,
        "f1": 0.5909090909090909
      },
      "X1_Y1": {
        "em": 0.0,
        "contains_gt": 0.0,
        "f1": 0.0
      },
      "X4_Y2": {
        "em": 0.0,
        "contains_gt": 0.0,
        "f1": 0.0
      },
      "X2_Y2": {
        "em": 0.6666666666666666,
        "contains_gt": 0.6666666666666666,
        "f1": 0.6666666666666666
      },
      "X3_Y3": {
        "em": 0.6,
        "contains_gt": 0.6,
        "f1": 0.6
      },
      "X4_Y3": {
        "em": 0.25,
        "contains_gt": 0.25,
        "f1": 0.25
      },
      "X2_Y3": {
        "em": 0.5,
        "contains_gt": 0.5,
        "f1": 0.5
      },
      "X1_Y3": {
        "em": 0.0,
        "contains_gt": 0.0,
        "f1": 0.0
      }
    },
    "mcq_count": 40,
    "mcq_valid_rate": 1.0,
    "mcq_overall": {
      "em": 0.5,
      "contains_gt": 0.5,
      "f1": 0.5
    }
  },
  "method_runtime": {
    "caption_validation_passed": true,
    "caption_validation_round_count": 40,
    "num_memories": 60,
    "debug_dir": "/common/home/mg1998/MemoryBench/Benchmark_Pipeline/output/outdoor_navigation_route_memory_assistant/memoryos/af8371ffa204d440",
    "data_storage_path": "/common/home/mg1998/MemoryBench/Benchmark_Pipeline/runs/outdoor_navigation_route_memory_assistant/memoryos_data/af8371ffa204d440",
    "runtime_signature": "af8371ffa204d440"
  }
}