{
  "task_name": "multi_scene_visual_case_archive_assistant",
  "model_name": "qwen3_vl_8b_openrouter",
  "model_path": "qwen/qwen3-vl-8b-instruct",
  "method_name": "m2a",
  "base_method_name": "m2a",
  "method_modality": "",
  "mode": "open",
  "num_qas": 59,
  "num_qas_run": 59,
  "dialog_json": "/common/home/mg1998/MemoryBench/Benchmark_Pipeline/data/dialog/Multi-Scene_Visual_Case_Archive_Assistant.json",
  "image_root": "/common/home/mg1998/MemoryBench/Benchmark_Pipeline/data/image",
  "run_dir": "/common/home/mg1998/MemoryBench/Benchmark_Pipeline/runs/multi_scene_visual_case_archive_assistant/20260419_103315_qwen3_vl_8b_openrouter_m2a",
  "git_commit": "a6c7a640c7fe21b875882833d3c78b9e2b576409",
  "summary": {
    "open_count": 59,
    "overall": {
      "em": 0.4067796610169492,
      "contains_gt": 0.4067796610169492,
      "f1": 0.4067796610169492
    },
    "by_x": {
      "X4": {
        "em": 0.7142857142857143,
        "contains_gt": 0.7142857142857143,
        "f1": 0.7142857142857143
      },
      "X2": {
        "em": 0.3333333333333333,
        "contains_gt": 0.3333333333333333,
        "f1": 0.3333333333333333
      },
      "X3": {
        "em": 0.37209302325581395,
        "contains_gt": 0.37209302325581395,
        "f1": 0.37209302325581395
      }
    },
    "by_y": {
      "Y2": {
        "em": 0.7,
        "contains_gt": 0.7,
        "f1": 0.7
      },
      "Y3": {
        "em": 0.3076923076923077,
        "contains_gt": 0.3076923076923077,
        "f1": 0.3076923076923077
      },
      "Y1": {
        "em": 0.3611111111111111,
        "contains_gt": 0.3611111111111111,
        "f1": 0.3611111111111111
      }
    },
    "by_cell": {
      "X4_Y2": {
        "em": 1.0,
        "contains_gt": 1.0,
        "f1": 1.0
      },
      "X2_Y2": {
        "em": 0.0,
        "contains_gt": 0.0,
        "f1": 0.0
      },
      "X3_Y3": {
        "em": 0.2,
        "contains_gt": 0.2,
        "f1": 0.2
      },
      "X2_Y3": {
        "em": 0.5,
        "contains_gt": 0.5,
        "f1": 0.5
      },
      "X3_Y1": {
        "em": 0.3611111111111111,
        "contains_gt": 0.3611111111111111,
        "f1": 0.3611111111111111
      },
      "X3_Y2": {
        "em": 1.0,
        "contains_gt": 1.0,
        "f1": 1.0
      },
      "X4_Y3": {
        "em": 0.0,
        "contains_gt": 0.0,
        "f1": 0.0
      }
    },
    "mcq_count": 59,
    "mcq_valid_rate": 1.0,
    "mcq_overall": {
      "em": 0.4067796610169492,
      "contains_gt": 0.4067796610169492,
      "f1": 0.4067796610169492
    }
  }
}