{
  "task_name": "animation_viewing_companion",
  "model_name": "qwen3_vl_8b_openrouter",
  "model_path": "qwen/qwen3-vl-8b-instruct",
  "method_name": "simplemem__multimodal",
  "base_method_name": "simplemem",
  "method_modality": "multimodal",
  "mode": "open",
  "num_qas": 61,
  "num_qas_run": 61,
  "dialog_json": "/common/home/mg1998/MemoryBench/Benchmark_Pipeline/data/dialog/Animation_Viewing_Companion.json",
  "image_root": "/common/home/mg1998/MemoryBench/Benchmark_Pipeline/data/image",
  "run_dir": "/common/home/mg1998/MemoryBench/Benchmark_Pipeline/runs/animation_viewing_companion/20260418_030838_qwen3_vl_8b_openrouter_simplemem__multimodal",
  "git_commit": "098e1cd297db81f969cb6d0b30fdf861a1fe20aa",
  "summary": {
    "open_count": 61,
    "overall": {
      "em": 0.09836065573770492,
      "contains_gt": 0.45901639344262296,
      "f1": 0.21183225883448095,
      "bleu": 0.03813940301935197,
      "bleu_1": 0.1629038399871733,
      "bleu_2": 0.059447829610376764
    },
    "by_x": {
      "X3": {
        "em": 0.043478260869565216,
        "contains_gt": 0.34782608695652173,
        "f1": 0.16666666666666666,
        "bleu": 0.03555493509514723,
        "bleu_1": 0.13043478260869565,
        "bleu_2": 0.05003216070163207
      },
      "X4": {
        "em": 0.07142857142857142,
        "contains_gt": 0.4642857142857143,
        "f1": 0.1894678972227383,
        "bleu": 0.03643686478491026,
        "bleu_1": 0.15494442726585583,
        "bleu_2": 0.05847533843797915
      },
      "X2": {
        "em": 0.2857142857142857,
        "contains_gt": 0.7142857142857143,
        "f1": 0.36904761904761907,
        "bleu": 0.06091259474763105,
        "bleu_1": 0.3320964749536178,
        "bleu_2": 0.10593611494237934
      },
      "X1": {
        "em": 0.3333333333333333,
        "contains_gt": 0.6666666666666666,
        "f1": 0.4,
        "bleu": 0.011990148380913553,
        "bleu_1": 0.055555555555555546,
        "bleu_2": 0.018633899812498245
      }
    },
    "by_y": {
      "Y1": {
        "em": 0.0,
        "contains_gt": 0.36,
        "f1": 0.16799999999999998,
        "bleu": 0.036165077721677395,
        "bleu_1": 0.12141414141414142,
        "bleu_2": 0.052582094708249934
      },
      "Y2": {
        "em": 0.06666666666666667,
        "contains_gt": 0.43333333333333335,
        "f1": 0.15198100421885588,
        "bleu": 0.027821287667452513,
        "bleu_1": 0.12180735930735931,
        "bleu_2": 0.042542284265632564
      },
      "Y3": {
        "em": 0.6666666666666666,
        "contains_gt": 1.0,
        "f1": 0.6937229437229437,
        "bleu": 0.10991972161912154,
        "bleu_1": 0.6169312169312169,
        "bleu_2": 0.19520977618947608
      }
    },
    "by_cell": {
      "X3_Y1": {
        "em": 0.0,
        "contains_gt": 0.36363636363636365,
        "f1": 0.16666666666666666,
        "bleu": 0.03751742662645401,
        "bleu_1": 0.12121212121212122,
        "bleu_2": 0.052392094579412594
      },
      "X4_Y2": {
        "em": 0.07142857142857142,
        "contains_gt": 0.5,
        "f1": 0.15305453284992926,
        "bleu": 0.026977489537378416,
        "bleu_1": 0.12527056277056278,
        "bleu_2": 0.0444925524356982
      },
      "X2_Y2": {
        "em": 0.0,
        "contains_gt": 0.5,
        "f1": 0.10416666666666667,
        "bleu": 0.012970490550721355,
        "bleu_1": 0.05844155844155843,
        "bleu_2": 0.01973653452630076
      },
      "X3_Y2": {
        "em": 0.08333333333333333,
        "contains_gt": 0.3333333333333333,
        "f1": 0.16666666666666666,
        "bleu": 0.033755984524782685,
        "bleu_1": 0.1388888888888889,
        "bleu_2": 0.047868887980333265
      },
      "X2_Y1": {
        "em": 0.0,
        "contains_gt": 1.0,
        "f1": 0.16666666666666669,
        "bleu": 0.018850319022747353,
        "bleu_1": 0.0909090909090909,
        "bleu_2": 0.03015113445777637
      },
      "X4_Y1": {
        "em": 0.0,
        "contains_gt": 0.2727272727272727,
        "f1": 0.1818181818181818,
        "bleu": 0.04078223948785148,
        "bleu_1": 0.13636363636363635,
        "bleu_2": 0.060983672113630635
      },
      "X1_Y1": {
        "em": 0.0,
        "contains_gt": 0.5,
        "f1": 0.09999999999999999,
        "bleu": 0.011990148380913553,
        "bleu_1": 0.055555555555555546,
        "bleu_2": 0.018633899812498245
      },
      "X4_Y3": {
        "em": 0.3333333333333333,
        "contains_gt": 1.0,
        "f1": 0.3874458874458874,
        "bleu": 0.06464757536260772,
        "bleu_1": 0.36155202821869487,
        "bleu_2": 0.11453111630456814
      },
      "X2_Y3": {
        "em": 1.0,
        "contains_gt": 1.0,
        "f1": 1.0,
        "bleu": 0.1778279410038923,
        "bleu_1": 1.0,
        "bleu_2": 0.316227766016838
      },
      "X1_Y3": {
        "em": 1.0,
        "contains_gt": 1.0,
        "f1": 1.0
      }
    },
    "mcq_count": 1,
    "mcq_valid_rate": 1.0,
    "mcq_overall": {
      "em": 1.0,
      "contains_gt": 1.0,
      "f1": 1.0
    }
  },
  "method_runtime": {
    "num_memories": 190,
    "debug_dir": "/common/home/mg1998/MemoryBench/output/animation_viewing_companion/simplemem",
    "data_dir": "/common/home/mg1998/MemoryBench/runs/simplemem/animation_viewing_companion"
  }
}