{
  "task_name": "comic_reading_companion",
  "model_name": "qwen3_vl_8b_openrouter",
  "model_path": "qwen/qwen3-vl-8b-instruct",
  "method_name": "full_context_text_only",
  "base_method_name": "full_context_text_only",
  "method_modality": "",
  "mode": "open",
  "num_qas": 52,
  "num_qas_run": 52,
  "dialog_json": "/common/home/mg1998/MemoryBench/Benchmark_Pipeline/data/dialog/Comic_Reading_Companion.json",
  "image_root": "/common/home/mg1998/MemoryBench/Benchmark_Pipeline/data/image",
  "run_dir": "/common/home/mg1998/MemoryBench/Benchmark_Pipeline/runs/comic_reading_companion/20260418_011945_qwen3_vl_8b_openrouter_full_context_text_only",
  "git_commit": "098e1cd297db81f969cb6d0b30fdf861a1fe20aa",
  "summary": {
    "open_count": 52,
    "overall": {
      "em": 0.7307692307692307,
      "contains_gt": 0.7307692307692307,
      "f1": 0.7307692307692307
    },
    "by_x": {
      "X1": {
        "em": 0.7368421052631579,
        "contains_gt": 0.7368421052631579,
        "f1": 0.7368421052631579
      },
      "X4": {
        "em": 0.7058823529411765,
        "contains_gt": 0.7058823529411765,
        "f1": 0.7058823529411765
      },
      "X2": {
        "em": 0.8181818181818182,
        "contains_gt": 0.8181818181818182,
        "f1": 0.8181818181818182
      },
      "X3": {
        "em": 0.6,
        "contains_gt": 0.6,
        "f1": 0.6
      }
    },
    "by_y": {
      "Y2": {
        "em": 0.7777777777777778,
        "contains_gt": 0.7777777777777778,
        "f1": 0.7777777777777778
      },
      "Y1": {
        "em": 0.7368421052631579,
        "contains_gt": 0.7368421052631579,
        "f1": 0.7368421052631579
      },
      "Y3": {
        "em": 0.5,
        "contains_gt": 0.5,
        "f1": 0.5
      }
    },
    "by_cell": {
      "X1_Y2": {
        "em": 0.7692307692307693,
        "contains_gt": 0.7692307692307693,
        "f1": 0.7692307692307693
      },
      "X4_Y2": {
        "em": 0.7142857142857143,
        "contains_gt": 0.7142857142857143,
        "f1": 0.7142857142857143
      },
      "X4_Y1": {
        "em": 0.75,
        "contains_gt": 0.75,
        "f1": 0.75
      },
      "X2_Y1": {
        "em": 0.8,
        "contains_gt": 0.8,
        "f1": 0.8
      },
      "X1_Y1": {
        "em": 1.0,
        "contains_gt": 1.0,
        "f1": 1.0
      },
      "X1_Y3": {
        "em": 0.5,
        "contains_gt": 0.5,
        "f1": 0.5
      },
      "X4_Y3": {
        "em": 0.5,
        "contains_gt": 0.5,
        "f1": 0.5
      },
      "X2_Y2": {
        "em": 0.8333333333333334,
        "contains_gt": 0.8333333333333334,
        "f1": 0.8333333333333334
      },
      "X3_Y1": {
        "em": 0.5,
        "contains_gt": 0.5,
        "f1": 0.5
      },
      "X3_Y2": {
        "em": 1.0,
        "contains_gt": 1.0,
        "f1": 1.0
      }
    },
    "mcq_count": 52,
    "mcq_valid_rate": 1.0,
    "mcq_overall": {
      "em": 0.7307692307692307,
      "contains_gt": 0.7307692307692307,
      "f1": 0.7307692307692307
    }
  },
  "method_runtime": {
    "caption_validation_passed": true,
    "caption_validation_round_count": 43,
    "method_modality": "text_only",
    "history_source": "full_context",
    "captions_loaded": true,
    "images_loaded": false,
    "history_turns_after_truncation": 218,
    "history_turns_before_truncation": 218
  }
}