{
  "task_name": "card_playlog_test",
  "model_name": "qwen3_vl_8b_openrouter",
  "model_path": "qwen/qwen3-vl-8b-instruct",
  "method_name": "simplemem",
  "base_method_name": "simplemem",
  "method_modality": "",
  "mode": "open",
  "num_qas": 48,
  "num_qas_run": 48,
  "dialog_json": "/common/home/mg1998/.cache/memeye_hf/MemEye/data/dialog/Card_Playlog_Test.json",
  "image_root": "/common/home/mg1998/.cache/memeye_hf/MemEye/data/image",
  "run_dir": "/common/home/mg1998/MemoryBench/Benchmark_Pipeline/runs/card_playlog_test/20260418_012435_qwen3_vl_8b_openrouter_simplemem",
  "git_commit": "098e1cd297db81f969cb6d0b30fdf861a1fe20aa",
  "summary": {
    "open_count": 48,
    "overall": {
      "em": 0.16666666666666666,
      "contains_gt": 0.16666666666666666,
      "f1": 0.16666666666666666
    },
    "by_x": {
      "X4": {
        "em": 0.16666666666666666,
        "contains_gt": 0.16666666666666666,
        "f1": 0.16666666666666666
      }
    },
    "by_y": {
      "Y3": {
        "em": 0.05263157894736842,
        "contains_gt": 0.05263157894736842,
        "f1": 0.05263157894736842
      },
      "Y2": {
        "em": 0.2413793103448276,
        "contains_gt": 0.2413793103448276,
        "f1": 0.2413793103448276
      }
    },
    "by_cell": {
      "X4_Y3": {
        "em": 0.05263157894736842,
        "contains_gt": 0.05263157894736842,
        "f1": 0.05263157894736842
      },
      "X4_Y2": {
        "em": 0.2413793103448276,
        "contains_gt": 0.2413793103448276,
        "f1": 0.2413793103448276
      }
    },
    "mcq_count": 48,
    "mcq_valid_rate": 0.5833333333333334,
    "mcq_overall": {
      "em": 0.16666666666666666,
      "contains_gt": 0.16666666666666666,
      "f1": 0.16666666666666666
    }
  },
  "method_runtime": {
    "num_memories": 30,
    "debug_dir": "/common/home/mg1998/MemoryBench/output/card_playlog_test/simplemem",
    "data_dir": "/common/home/mg1998/MemoryBench/runs/simplemem/card_playlog_test"
  }
}