{
  "task_name": "personal_health_dashboard_assistant",
  "model_name": "qwen3_vl_8b_openrouter",
  "model_path": "qwen/qwen3-vl-8b-instruct",
  "method_name": "a_mem",
  "base_method_name": "a_mem",
  "method_modality": "",
  "mode": "open",
  "num_qas": 63,
  "num_qas_run": 63,
  "dialog_json": "/common/home/mg1998/MemoryBench/Benchmark_Pipeline/data/dialog/Personal_Health_Dashboard_Assistant.json",
  "image_root": "/common/home/mg1998/MemoryBench/Benchmark_Pipeline/data/image",
  "run_dir": "/common/home/mg1998/MemoryBench/Benchmark_Pipeline/runs/personal_health_dashboard_assistant/20260417_235221_qwen3_vl_8b_openrouter_a_mem",
  "git_commit": "3e72cfbb2ad7b1177a0375324a70c69555d35ec9",
  "summary": {
    "open_count": 63,
    "overall": {
      "em": 0.3333333333333333,
      "contains_gt": 0.3333333333333333,
      "f1": 0.3333333333333333
    },
    "by_x": {
      "X4": {
        "em": 0.3392857142857143,
        "contains_gt": 0.3392857142857143,
        "f1": 0.3392857142857143
      },
      "X3": {
        "em": 0.0,
        "contains_gt": 0.0,
        "f1": 0.0
      },
      "X1": {
        "em": 0.6666666666666666,
        "contains_gt": 0.6666666666666666,
        "f1": 0.6666666666666666
      }
    },
    "by_y": {
      "Y2": {
        "em": 0.2549019607843137,
        "contains_gt": 0.2549019607843137,
        "f1": 0.2549019607843137
      },
      "Y3": {
        "em": 0.6363636363636364,
        "contains_gt": 0.6363636363636364,
        "f1": 0.6363636363636364
      },
      "Y1": {
        "em": 1.0,
        "contains_gt": 1.0,
        "f1": 1.0
      }
    },
    "by_cell": {
      "X4_Y2": {
        "em": 0.2765957446808511,
        "contains_gt": 0.2765957446808511,
        "f1": 0.2765957446808511
      },
      "X4_Y3": {
        "em": 0.6666666666666666,
        "contains_gt": 0.6666666666666666,
        "f1": 0.6666666666666666
      },
      "X3_Y2": {
        "em": 0.0,
        "contains_gt": 0.0,
        "f1": 0.0
      },
      "X1_Y3": {
        "em": 0.5,
        "contains_gt": 0.5,
        "f1": 0.5
      },
      "X1_Y1": {
        "em": 1.0,
        "contains_gt": 1.0,
        "f1": 1.0
      }
    },
    "mcq_count": 63,
    "mcq_valid_rate": 1.0,
    "mcq_overall": {
      "em": 0.3333333333333333,
      "contains_gt": 0.3333333333333333,
      "f1": 0.3333333333333333
    }
  },
  "method_runtime": {
    "num_memories": 97,
    "debug_dir": "/common/home/mg1998/MemoryBench/output/personal_health_dashboard_assistant/a_mem"
  }
}