{
  "task_name": "brand_memory_test",
  "model_name": "qwen3_vl_8b_openrouter",
  "model_path": "qwen/qwen3-vl-8b-instruct",
  "method_name": "m2a",
  "base_method_name": "m2a",
  "method_modality": "",
  "mode": "open",
  "num_qas": 33,
  "num_qas_run": 33,
  "dialog_json": "/common/home/mg1998/MemoryBench/Benchmark_Pipeline/data/dialog/Brand_Memory_Test.json",
  "image_root": "/common/home/mg1998/MemoryBench/Benchmark_Pipeline/data/image",
  "run_dir": "/common/home/mg1998/MemoryBench/Benchmark_Pipeline/runs/brand_memory_test/20260419_050016_qwen3_vl_8b_openrouter_m2a",
  "git_commit": "a6c7a640c7fe21b875882833d3c78b9e2b576409",
  "summary": {
    "open_count": 33,
    "overall": {
      "em": 0.2727272727272727,
      "contains_gt": 0.2727272727272727,
      "f1": 0.2727272727272727
    },
    "by_x": {
      "X2": {
        "em": 0.1111111111111111,
        "contains_gt": 0.1111111111111111,
        "f1": 0.1111111111111111
      },
      "X4": {
        "em": 0.5,
        "contains_gt": 0.5,
        "f1": 0.5
      },
      "X1": {
        "em": 0.3181818181818182,
        "contains_gt": 0.3181818181818182,
        "f1": 0.3181818181818182
      }
    },
    "by_y": {
      "Y1": {
        "em": 0.3333333333333333,
        "contains_gt": 0.3333333333333333,
        "f1": 0.3333333333333333
      },
      "Y2": {
        "em": 0.26666666666666666,
        "contains_gt": 0.26666666666666666,
        "f1": 0.26666666666666666
      }
    },
    "by_cell": {
      "X2_Y1": {
        "em": 0.0,
        "contains_gt": 0.0,
        "f1": 0.0
      },
      "X4_Y1": {
        "em": 1.0,
        "contains_gt": 1.0,
        "f1": 1.0
      },
      "X2_Y2": {
        "em": 0.125,
        "contains_gt": 0.125,
        "f1": 0.125
      },
      "X1_Y2": {
        "em": 0.3333333333333333,
        "contains_gt": 0.3333333333333333,
        "f1": 0.3333333333333333
      },
      "X4_Y2": {
        "em": 0.0,
        "contains_gt": 0.0,
        "f1": 0.0
      },
      "X1_Y1": {
        "em": 0.0,
        "contains_gt": 0.0,
        "f1": 0.0
      }
    },
    "mcq_count": 33,
    "mcq_valid_rate": 1.0,
    "mcq_overall": {
      "em": 0.2727272727272727,
      "contains_gt": 0.2727272727272727,
      "f1": 0.2727272727272727
    }
  }
}