{
  "task_name": "home_renovation_interior_design",
  "model_name": "qwen3_vl_8b_openrouter",
  "model_path": "qwen/qwen3-vl-8b-instruct",
  "method_name": "mma",
  "base_method_name": "mma",
  "method_modality": "",
  "mode": "open",
  "num_qas": 65,
  "num_qas_run": 65,
  "dialog_json": "/common/home/mg1998/.cache/memeye_hf/MemEye/data/dialog/Home_Renovation_Interior_Design.json",
  "image_root": "/common/home/mg1998/.cache/memeye_hf/MemEye/data/image",
  "run_dir": "/common/home/mg1998/MemoryBench/Benchmark_Pipeline/runs/home_renovation_interior_design/20260418_001323_qwen3_vl_8b_openrouter_mma",
  "git_commit": "3e72cfbb2ad7b1177a0375324a70c69555d35ec9",
  "summary": {
    "open_count": 65,
    "overall": {
      "em": 0.5076923076923077,
      "contains_gt": 0.5076923076923077,
      "f1": 0.5076923076923077
    },
    "by_x": {
      "X4": {
        "em": 0.625,
        "contains_gt": 0.625,
        "f1": 0.625
      },
      "X3": {
        "em": 0.5348837209302325,
        "contains_gt": 0.5348837209302325,
        "f1": 0.5348837209302325
      },
      "X2": {
        "em": 0.38461538461538464,
        "contains_gt": 0.38461538461538464,
        "f1": 0.38461538461538464
      },
      "X1": {
        "em": 0.0,
        "contains_gt": 0.0,
        "f1": 0.0
      }
    },
    "by_y": {
      "Y2": {
        "em": 0.5625,
        "contains_gt": 0.5625,
        "f1": 0.5625
      },
      "Y1": {
        "em": 0.5111111111111111,
        "contains_gt": 0.5111111111111111,
        "f1": 0.5111111111111111
      },
      "Y3": {
        "em": 0.25,
        "contains_gt": 0.25,
        "f1": 0.25
      }
    },
    "by_cell": {
      "X4_Y2": {
        "em": 0.5,
        "contains_gt": 0.5,
        "f1": 0.5
      },
      "X3_Y2": {
        "em": 0.6666666666666666,
        "contains_gt": 0.6666666666666666,
        "f1": 0.6666666666666666
      },
      "X3_Y1": {
        "em": 0.5135135135135135,
        "contains_gt": 0.5135135135135135,
        "f1": 0.5135135135135135
      },
      "X2_Y3": {
        "em": 0.0,
        "contains_gt": 0.0,
        "f1": 0.0
      },
      "X2_Y1": {
        "em": 0.5,
        "contains_gt": 0.5,
        "f1": 0.5
      },
      "X2_Y2": {
        "em": 0.5,
        "contains_gt": 0.5,
        "f1": 0.5
      },
      "X4_Y1": {
        "em": 0.6,
        "contains_gt": 0.6,
        "f1": 0.6
      },
      "X4_Y3": {
        "em": 1.0,
        "contains_gt": 1.0,
        "f1": 1.0
      },
      "X1_Y1": {
        "em": 0.0,
        "contains_gt": 0.0,
        "f1": 0.0
      }
    },
    "mcq_count": 65,
    "mcq_valid_rate": 1.0,
    "mcq_overall": {
      "em": 0.5076923076923077,
      "contains_gt": 0.5076923076923077,
      "f1": 0.5076923076923077
    }
  }
}