{
  "task_name": "home_renovation_interior_design",
  "model_name": "qwen3_vl_8b_openrouter",
  "model_path": "qwen/qwen3-vl-8b-instruct",
  "method_name": "full_context_multimodal",
  "base_method_name": "full_context_multimodal",
  "method_modality": "",
  "mode": "open",
  "num_qas": 65,
  "num_qas_run": 65,
  "dialog_json": "/common/home/mg1998/MemoryBench/Benchmark_Pipeline/data/dialog/Home_Renovation_Interior_Design.json",
  "image_root": "/common/home/mg1998/MemoryBench/Benchmark_Pipeline/data/image",
  "run_dir": "/common/home/mg1998/MemoryBench/Benchmark_Pipeline/runs/home_renovation_interior_design/20260418_140249_qwen3_vl_8b_openrouter_full_context_multimodal",
  "git_commit": "cd2e56c2640bfd72d223220b9d57a2098b3a4f9d",
  "summary": {
    "open_count": 65,
    "overall": {
      "em": 0.6923076923076923,
      "contains_gt": 0.6923076923076923,
      "f1": 0.6923076923076923
    },
    "by_x": {
      "X4": {
        "em": 0.375,
        "contains_gt": 0.375,
        "f1": 0.375
      },
      "X3": {
        "em": 0.6976744186046512,
        "contains_gt": 0.6976744186046512,
        "f1": 0.6976744186046512
      },
      "X2": {
        "em": 0.8461538461538461,
        "contains_gt": 0.8461538461538461,
        "f1": 0.8461538461538461
      },
      "X1": {
        "em": 1.0,
        "contains_gt": 1.0,
        "f1": 1.0
      }
    },
    "by_y": {
      "Y2": {
        "em": 0.6875,
        "contains_gt": 0.6875,
        "f1": 0.6875
      },
      "Y1": {
        "em": 0.6666666666666666,
        "contains_gt": 0.6666666666666666,
        "f1": 0.6666666666666666
      },
      "Y3": {
        "em": 1.0,
        "contains_gt": 1.0,
        "f1": 1.0
      }
    },
    "by_cell": {
      "X4_Y2": {
        "em": 0.0,
        "contains_gt": 0.0,
        "f1": 0.0
      },
      "X3_Y2": {
        "em": 0.8333333333333334,
        "contains_gt": 0.8333333333333334,
        "f1": 0.8333333333333334
      },
      "X3_Y1": {
        "em": 0.6756756756756757,
        "contains_gt": 0.6756756756756757,
        "f1": 0.6756756756756757
      },
      "X2_Y3": {
        "em": 1.0,
        "contains_gt": 1.0,
        "f1": 1.0
      },
      "X2_Y1": {
        "em": 1.0,
        "contains_gt": 1.0,
        "f1": 1.0
      },
      "X2_Y2": {
        "em": 0.75,
        "contains_gt": 0.75,
        "f1": 0.75
      },
      "X4_Y1": {
        "em": 0.4,
        "contains_gt": 0.4,
        "f1": 0.4
      },
      "X4_Y3": {
        "em": 1.0,
        "contains_gt": 1.0,
        "f1": 1.0
      },
      "X1_Y1": {
        "em": 1.0,
        "contains_gt": 1.0,
        "f1": 1.0
      }
    },
    "mcq_count": 65,
    "mcq_valid_rate": 1.0,
    "mcq_overall": {
      "em": 0.6923076923076923,
      "contains_gt": 0.6923076923076923,
      "f1": 0.6923076923076923
    }
  },
  "method_runtime": {
    "method_modality": "multimodal",
    "history_source": "full_context",
    "captions_loaded": false,
    "images_loaded": true,
    "history_turns_after_truncation": 240,
    "history_turns_before_truncation": 240
  }
}