{
  "task_name": "brand_memory_test",
  "model_name": "qwen3_vl_8b_openrouter",
  "model_path": "qwen/qwen3-vl-8b-instruct",
  "method_name": "gen_agents__text_only",
  "base_method_name": "gen_agents",
  "method_modality": "text_only",
  "mode": "open",
  "num_qas": 33,
  "num_qas_run": 33,
  "dialog_json": "/common/home/mg1998/MemoryBench/Benchmark_Pipeline/data/dialog/Brand_Memory_Test.json",
  "image_root": "/common/home/mg1998/MemoryBench/Benchmark_Pipeline/data/image",
  "run_dir": "/common/home/mg1998/MemoryBench/Benchmark_Pipeline/runs/brand_memory_test/20260418_103615_qwen3_vl_8b_openrouter_gen_agents__text_only",
  "git_commit": "ab29078bb466a57d6f42c232453e41a9ebf0b118",
  "summary": {
    "open_count": 33,
    "overall": {
      "em": 0.3939393939393939,
      "contains_gt": 0.3939393939393939,
      "f1": 0.3939393939393939
    },
    "by_x": {
      "X2": {
        "em": 0.4444444444444444,
        "contains_gt": 0.4444444444444444,
        "f1": 0.4444444444444444
      },
      "X4": {
        "em": 0.0,
        "contains_gt": 0.0,
        "f1": 0.0
      },
      "X1": {
        "em": 0.4090909090909091,
        "contains_gt": 0.4090909090909091,
        "f1": 0.4090909090909091
      }
    },
    "by_y": {
      "Y1": {
        "em": 0.0,
        "contains_gt": 0.0,
        "f1": 0.0
      },
      "Y2": {
        "em": 0.43333333333333335,
        "contains_gt": 0.43333333333333335,
        "f1": 0.43333333333333335
      }
    },
    "by_cell": {
      "X2_Y1": {
        "em": 0.0,
        "contains_gt": 0.0,
        "f1": 0.0
      },
      "X4_Y1": {
        "em": 0.0,
        "contains_gt": 0.0,
        "f1": 0.0
      },
      "X2_Y2": {
        "em": 0.5,
        "contains_gt": 0.5,
        "f1": 0.5
      },
      "X1_Y2": {
        "em": 0.42857142857142855,
        "contains_gt": 0.42857142857142855,
        "f1": 0.42857142857142855
      },
      "X4_Y2": {
        "em": 0.0,
        "contains_gt": 0.0,
        "f1": 0.0
      },
      "X1_Y1": {
        "em": 0.0,
        "contains_gt": 0.0,
        "f1": 0.0
      }
    },
    "mcq_count": 33,
    "mcq_valid_rate": 1.0,
    "mcq_overall": {
      "em": 0.3939393939393939,
      "contains_gt": 0.3939393939393939,
      "f1": 0.3939393939393939
    }
  },
  "method_runtime": {
    "caption_validation_passed": true,
    "caption_validation_round_count": 30,
    "method_modality": "text_only",
    "history_source": "retrieval",
    "captions_loaded": true,
    "images_loaded": false,
    "num_memories": 72,
    "debug_dir": "/common/home/mg1998/MemoryBench/Benchmark_Pipeline/output/brand_memory_test/gen_agents",
    "history_turns_after_truncation": 1,
    "retrieved_round_ids": [
      "CX5:1",
      "CC5:1",
      "P5:1",
      "CC4:1",
      "CX2:1",
      "M5:1",
      "S4:1",
      "P2:1",
      "P4:1",
      "BK5:1"
    ]
  }
}