{
  "task_name": "card_playlog_test",
  "model_name": "qwen3_vl_8b_openrouter",
  "model_path": "qwen/qwen3-vl-8b-instruct",
  "method_name": "mma",
  "base_method_name": "mma",
  "method_modality": "",
  "mode": "open",
  "num_qas": 48,
  "num_qas_run": 48,
  "dialog_json": "/common/home/mg1998/.cache/memeye_hf/MemEye/data/dialog/Card_Playlog_Test.json",
  "image_root": "/common/home/mg1998/.cache/memeye_hf/MemEye/data/image",
  "run_dir": "/common/home/mg1998/MemoryBench/Benchmark_Pipeline/runs/card_playlog_test/20260418_000906_qwen3_vl_8b_openrouter_mma",
  "git_commit": "3e72cfbb2ad7b1177a0375324a70c69555d35ec9",
  "summary": {
    "open_count": 48,
    "overall": {
      "em": 0.3958333333333333,
      "contains_gt": 0.3958333333333333,
      "f1": 0.3958333333333333
    },
    "by_x": {
      "X4": {
        "em": 0.3958333333333333,
        "contains_gt": 0.3958333333333333,
        "f1": 0.3958333333333333
      }
    },
    "by_y": {
      "Y3": {
        "em": 0.05263157894736842,
        "contains_gt": 0.05263157894736842,
        "f1": 0.05263157894736842
      },
      "Y2": {
        "em": 0.6206896551724138,
        "contains_gt": 0.6206896551724138,
        "f1": 0.6206896551724138
      }
    },
    "by_cell": {
      "X4_Y3": {
        "em": 0.05263157894736842,
        "contains_gt": 0.05263157894736842,
        "f1": 0.05263157894736842
      },
      "X4_Y2": {
        "em": 0.6206896551724138,
        "contains_gt": 0.6206896551724138,
        "f1": 0.6206896551724138
      }
    },
    "mcq_count": 48,
    "mcq_valid_rate": 1.0,
    "mcq_overall": {
      "em": 0.3958333333333333,
      "contains_gt": 0.3958333333333333,
      "f1": 0.3958333333333333
    }
  }
}