{
  "task_name": "comic_reading_companion",
  "model_name": "qwen3_vl_8b_openrouter",
  "model_path": "qwen/qwen3-vl-8b-instruct",
  "method_name": "a_mem",
  "base_method_name": "a_mem",
  "method_modality": "",
  "mode": "open",
  "num_qas": 52,
  "num_qas_run": 52,
  "dialog_json": "/common/home/mg1998/MemoryBench/Benchmark_Pipeline/data/dialog/Comic_Reading_Companion.json",
  "image_root": "/common/home/mg1998/MemoryBench/Benchmark_Pipeline/data/image",
  "run_dir": "/common/home/mg1998/MemoryBench/Benchmark_Pipeline/runs/comic_reading_companion/20260417_224407_qwen3_vl_8b_openrouter_a_mem",
  "git_commit": "4b9aa08bb46682d4bb688bff02582038bacae9d9",
  "summary": {
    "open_count": 52,
    "overall": {
      "em": 0.7307692307692307,
      "contains_gt": 0.7307692307692307,
      "f1": 0.7307692307692307
    },
    "by_x": {
      "X1": {
        "em": 0.7368421052631579,
        "contains_gt": 0.7368421052631579,
        "f1": 0.7368421052631579
      },
      "X4": {
        "em": 0.5882352941176471,
        "contains_gt": 0.5882352941176471,
        "f1": 0.5882352941176471
      },
      "X2": {
        "em": 1.0,
        "contains_gt": 1.0,
        "f1": 1.0
      },
      "X3": {
        "em": 0.6,
        "contains_gt": 0.6,
        "f1": 0.6
      }
    },
    "by_y": {
      "Y2": {
        "em": 0.7777777777777778,
        "contains_gt": 0.7777777777777778,
        "f1": 0.7777777777777778
      },
      "Y1": {
        "em": 0.7894736842105263,
        "contains_gt": 0.7894736842105263,
        "f1": 0.7894736842105263
      },
      "Y3": {
        "em": 0.3333333333333333,
        "contains_gt": 0.3333333333333333,
        "f1": 0.3333333333333333
      }
    },
    "by_cell": {
      "X1_Y2": {
        "em": 0.7692307692307693,
        "contains_gt": 0.7692307692307693,
        "f1": 0.7692307692307693
      },
      "X4_Y2": {
        "em": 0.5714285714285714,
        "contains_gt": 0.5714285714285714,
        "f1": 0.5714285714285714
      },
      "X4_Y1": {
        "em": 0.75,
        "contains_gt": 0.75,
        "f1": 0.75
      },
      "X2_Y1": {
        "em": 1.0,
        "contains_gt": 1.0,
        "f1": 1.0
      },
      "X1_Y1": {
        "em": 1.0,
        "contains_gt": 1.0,
        "f1": 1.0
      },
      "X1_Y3": {
        "em": 0.5,
        "contains_gt": 0.5,
        "f1": 0.5
      },
      "X4_Y3": {
        "em": 0.0,
        "contains_gt": 0.0,
        "f1": 0.0
      },
      "X2_Y2": {
        "em": 1.0,
        "contains_gt": 1.0,
        "f1": 1.0
      },
      "X3_Y1": {
        "em": 0.5,
        "contains_gt": 0.5,
        "f1": 0.5
      },
      "X3_Y2": {
        "em": 1.0,
        "contains_gt": 1.0,
        "f1": 1.0
      }
    },
    "mcq_count": 52,
    "mcq_valid_rate": 1.0,
    "mcq_overall": {
      "em": 0.7307692307692307,
      "contains_gt": 0.7307692307692307,
      "f1": 0.7307692307692307
    }
  },
  "method_runtime": {
    "num_memories": 109,
    "debug_dir": "/common/home/mg1998/MemoryBench/output/comic_reading_companion/a_mem"
  }
}