{
  "task_name": "animation_viewing_companion",
  "model_name": "gemini_2_5_flash_lite",
  "model_path": "gemini-2.5-flash-lite",
  "method_name": "full_context_multimodal",
  "base_method_name": "full_context_multimodal",
  "method_modality": "",
  "mode": "open",
  "num_qas": 61,
  "num_qas_run": 61,
  "dialog_json": "/common/home/mg1998/MemoryBench/Benchmark_Pipeline/data/dialog/Animation_Viewing_Companion.json",
  "image_root": "/common/home/mg1998/MemoryBench/Benchmark_Pipeline/data/image",
  "run_dir": "/common/home/mg1998/MemoryBench/Benchmark_Pipeline/runs/animation_viewing_companion/20260416_235542_gemini_2_5_flash_lite_full_context_multimodal",
  "git_commit": "19262b5fb5d5a815990401ec3935bf95c666c9d4",
  "summary": {
    "open_count": 61,
    "overall": {
      "em": 0.7213114754098361,
      "contains_gt": 0.7213114754098361,
      "f1": 0.7213114754098361,
      "bleu": 0.12744335771945614,
      "bleu_1": 0.7166666666666667,
      "bleu_2": 0.2266298989787339
    },
    "by_x": {
      "X3": {
        "em": 0.5652173913043478,
        "contains_gt": 0.5652173913043478,
        "f1": 0.5652173913043478,
        "bleu": 0.10051144491524347,
        "bleu_1": 0.5652173913043478,
        "bleu_2": 0.17873743296603886
      },
      "X4": {
        "em": 0.8214285714285714,
        "contains_gt": 0.8214285714285714,
        "f1": 0.8214285714285714,
        "bleu": 0.14607295153891153,
        "bleu_1": 0.8214285714285714,
        "bleu_2": 0.2597585220852598
      },
      "X2": {
        "em": 0.7142857142857143,
        "contains_gt": 0.7142857142857143,
        "f1": 0.7142857142857143,
        "bleu": 0.12701995785992307,
        "bleu_1": 0.7142857142857143,
        "bleu_2": 0.22587697572631285
      },
      "X1": {
        "em": 1.0,
        "contains_gt": 1.0,
        "f1": 1.0,
        "bleu": 0.1778279410038923,
        "bleu_1": 1.0,
        "bleu_2": 0.316227766016838
      }
    },
    "by_y": {
      "Y1": {
        "em": 0.72,
        "contains_gt": 0.72,
        "f1": 0.72,
        "bleu": 0.12803611752280245,
        "bleu_1": 0.72,
        "bleu_2": 0.22768399153212335
      },
      "Y2": {
        "em": 0.6666666666666666,
        "contains_gt": 0.6666666666666666,
        "f1": 0.6666666666666666,
        "bleu": 0.11855196066926153,
        "bleu_1": 0.6666666666666666,
        "bleu_2": 0.210818510677892
      },
      "Y3": {
        "em": 1.0,
        "contains_gt": 1.0,
        "f1": 1.0,
        "bleu": 0.1778279410038923,
        "bleu_1": 1.0,
        "bleu_2": 0.316227766016838
      }
    },
    "by_cell": {
      "X3_Y1": {
        "em": 0.6363636363636364,
        "contains_gt": 0.6363636363636364,
        "f1": 0.6363636363636364,
        "bleu": 0.1131632351842951,
        "bleu_1": 0.6363636363636364,
        "bleu_2": 0.20123585110162417
      },
      "X4_Y2": {
        "em": 0.7857142857142857,
        "contains_gt": 0.7857142857142857,
        "f1": 0.7857142857142857,
        "bleu": 0.1397219536459154,
        "bleu_1": 0.7857142857142857,
        "bleu_2": 0.24846467329894414
      },
      "X2_Y2": {
        "em": 0.75,
        "contains_gt": 0.75,
        "f1": 0.75,
        "bleu": 0.1333709557529192,
        "bleu_1": 0.75,
        "bleu_2": 0.2371708245126285
      },
      "X3_Y2": {
        "em": 0.5,
        "contains_gt": 0.5,
        "f1": 0.5,
        "bleu": 0.08891397050194615,
        "bleu_1": 0.5,
        "bleu_2": 0.158113883008419
      },
      "X2_Y1": {
        "em": 0.0,
        "contains_gt": 0.0,
        "f1": 0.0,
        "bleu": 0.0,
        "bleu_1": 0.0,
        "bleu_2": 0.0
      },
      "X4_Y1": {
        "em": 0.8181818181818182,
        "contains_gt": 0.8181818181818182,
        "f1": 0.8181818181818182,
        "bleu": 0.1454955880940937,
        "bleu_1": 0.8181818181818182,
        "bleu_2": 0.2587318085592311
      },
      "X1_Y1": {
        "em": 1.0,
        "contains_gt": 1.0,
        "f1": 1.0,
        "bleu": 0.1778279410038923,
        "bleu_1": 1.0,
        "bleu_2": 0.316227766016838
      },
      "X4_Y3": {
        "em": 1.0,
        "contains_gt": 1.0,
        "f1": 1.0,
        "bleu": 0.1778279410038923,
        "bleu_1": 1.0,
        "bleu_2": 0.316227766016838
      },
      "X2_Y3": {
        "em": 1.0,
        "contains_gt": 1.0,
        "f1": 1.0,
        "bleu": 0.1778279410038923,
        "bleu_1": 1.0,
        "bleu_2": 0.316227766016838
      },
      "X1_Y3": {
        "em": 1.0,
        "contains_gt": 1.0,
        "f1": 1.0
      }
    },
    "mcq_count": 1,
    "mcq_valid_rate": 1.0,
    "mcq_overall": {
      "em": 1.0,
      "contains_gt": 1.0,
      "f1": 1.0
    }
  },
  "method_runtime": {
    "method_modality": "multimodal",
    "history_source": "full_context",
    "captions_loaded": false,
    "images_loaded": true,
    "history_turns_after_truncation": 380,
    "history_turns_before_truncation": 380
  }
}