{
  "task_name": "animation_viewing_companion",
  "model_name": "gemini_2_5_flash_lite",
  "model_path": "gemini-2.5-flash-lite",
  "method_name": "semantic_rag_multimodal",
  "base_method_name": "semantic_rag_multimodal",
  "method_modality": "multimodal",
  "mode": "open",
  "num_qas": 61,
  "num_qas_run": 61,
  "dialog_json": "/common/home/mg1998/MemoryBench/Benchmark_Pipeline/data/dialog/Animation_Viewing_Companion.json",
  "image_root": "/common/home/mg1998/MemoryBench/Benchmark_Pipeline/data/image",
  "run_dir": "/common/home/mg1998/MemoryBench/Benchmark_Pipeline/runs/animation_viewing_companion/20260416_235941_gemini_2_5_flash_lite_semantic_rag_multimodal",
  "git_commit": "19262b5fb5d5a815990401ec3935bf95c666c9d4",
  "summary": {
    "open_count": 61,
    "overall": {
      "em": 0.6229508196721312,
      "contains_gt": 0.7049180327868853,
      "f1": 0.6229508196721312,
      "bleu": 0.10966056361906691,
      "bleu_1": 0.6166666666666667,
      "bleu_2": 0.1950071223770501
    },
    "by_x": {
      "X3": {
        "em": 0.43478260869565216,
        "contains_gt": 0.6086956521739131,
        "f1": 0.43478260869565216,
        "bleu": 0.07731649608864882,
        "bleu_1": 0.43478260869565216,
        "bleu_2": 0.13749033305079914
      },
      "X4": {
        "em": 0.7857142857142857,
        "contains_gt": 0.7857142857142857,
        "f1": 0.7857142857142857,
        "bleu": 0.1397219536459154,
        "bleu_1": 0.7857142857142857,
        "bleu_2": 0.24846467329894414
      },
      "X2": {
        "em": 0.5714285714285714,
        "contains_gt": 0.5714285714285714,
        "f1": 0.5714285714285714,
        "bleu": 0.10161596628793845,
        "bleu_1": 0.5714285714285714,
        "bleu_2": 0.1807015805810503
      },
      "X1": {
        "em": 0.6666666666666666,
        "contains_gt": 1.0,
        "f1": 0.6666666666666666,
        "bleu": 0.08891397050194615,
        "bleu_1": 0.5,
        "bleu_2": 0.158113883008419
      }
    },
    "by_y": {
      "Y1": {
        "em": 0.52,
        "contains_gt": 0.68,
        "f1": 0.52,
        "bleu": 0.09247052932202399,
        "bleu_1": 0.52,
        "bleu_2": 0.16443843832875576
      },
      "Y2": {
        "em": 0.6333333333333333,
        "contains_gt": 0.6666666666666666,
        "f1": 0.6333333333333333,
        "bleu": 0.11262436263579845,
        "bleu_1": 0.6333333333333333,
        "bleu_2": 0.2002775851439974
      },
      "Y3": {
        "em": 1.0,
        "contains_gt": 1.0,
        "f1": 1.0,
        "bleu": 0.1778279410038923,
        "bleu_1": 1.0,
        "bleu_2": 0.316227766016838
      }
    },
    "by_cell": {
      "X3_Y1": {
        "em": 0.36363636363636365,
        "contains_gt": 0.6363636363636364,
        "f1": 0.36363636363636365,
        "bleu": 0.0646647058195972,
        "bleu_1": 0.36363636363636365,
        "bleu_2": 0.11499191491521382
      },
      "X4_Y2": {
        "em": 0.7857142857142857,
        "contains_gt": 0.7857142857142857,
        "f1": 0.7857142857142857,
        "bleu": 0.1397219536459154,
        "bleu_1": 0.7857142857142857,
        "bleu_2": 0.24846467329894414
      },
      "X2_Y2": {
        "em": 0.5,
        "contains_gt": 0.5,
        "f1": 0.5,
        "bleu": 0.08891397050194615,
        "bleu_1": 0.5,
        "bleu_2": 0.158113883008419
      },
      "X3_Y2": {
        "em": 0.5,
        "contains_gt": 0.5833333333333334,
        "f1": 0.5,
        "bleu": 0.08891397050194615,
        "bleu_1": 0.5,
        "bleu_2": 0.158113883008419
      },
      "X2_Y1": {
        "em": 0.0,
        "contains_gt": 0.0,
        "f1": 0.0,
        "bleu": 0.0,
        "bleu_1": 0.0,
        "bleu_2": 0.0
      },
      "X4_Y1": {
        "em": 0.7272727272727273,
        "contains_gt": 0.7272727272727273,
        "f1": 0.7272727272727273,
        "bleu": 0.1293294116391944,
        "bleu_1": 0.7272727272727273,
        "bleu_2": 0.22998382983042764
      },
      "X1_Y1": {
        "em": 0.5,
        "contains_gt": 1.0,
        "f1": 0.5,
        "bleu": 0.08891397050194615,
        "bleu_1": 0.5,
        "bleu_2": 0.158113883008419
      },
      "X4_Y3": {
        "em": 1.0,
        "contains_gt": 1.0,
        "f1": 1.0,
        "bleu": 0.1778279410038923,
        "bleu_1": 1.0,
        "bleu_2": 0.316227766016838
      },
      "X2_Y3": {
        "em": 1.0,
        "contains_gt": 1.0,
        "f1": 1.0,
        "bleu": 0.1778279410038923,
        "bleu_1": 1.0,
        "bleu_2": 0.316227766016838
      },
      "X1_Y3": {
        "em": 1.0,
        "contains_gt": 1.0,
        "f1": 1.0
      }
    },
    "mcq_count": 1,
    "mcq_valid_rate": 1.0,
    "mcq_overall": {
      "em": 1.0,
      "contains_gt": 1.0,
      "f1": 1.0
    }
  },
  "method_runtime": {
    "retrieval_backend": "dense_multimodal",
    "retrieval_corpus": "round_text",
    "method_modality": "multimodal",
    "top_k": 10,
    "neighbor_window": 0,
    "seed_round_ids": [
      "S8:6",
      "S7:3",
      "S5:7",
      "S9:5",
      "S1:7",
      "S11:2",
      "S8:8",
      "S8:2",
      "S12:4",
      "S6:5"
    ],
    "selected_round_ids": [
      "S8:6",
      "S7:3",
      "S5:7",
      "S9:5",
      "S1:7",
      "S11:2",
      "S8:8",
      "S8:2",
      "S12:4",
      "S6:5"
    ],
    "top_candidates": [
      {
        "round_id": "S8:6",
        "score": 0.33050071553855925,
        "text_dense_score": 0.4449044363427386,
        "image_dense_score": 0.21609699473437996,
        "indexed_image_count": 1,
        "best_image_path": "/common/home/mg1998/MemoryBench/Benchmark_Pipeline/data/image/Animation_Viewing_Companion/S8-IMG3.jpg"
      },
      {
        "round_id": "S7:3",
        "score": 0.32455556525507273,
        "text_dense_score": 0.4226048210025463,
        "image_dense_score": 0.22650630950759915,
        "indexed_image_count": 1,
        "best_image_path": "/common/home/mg1998/MemoryBench/Benchmark_Pipeline/data/image/Animation_Viewing_Companion/S7-IMG1.jpg"
      },
      {
        "round_id": "S5:7",
        "score": 0.32411150313934406,
        "text_dense_score": 0.4236878699268281,
        "image_dense_score": 0.22453513635186004,
        "indexed_image_count": 1,
        "best_image_path": "/common/home/mg1998/MemoryBench/Benchmark_Pipeline/data/image/Animation_Viewing_Companion/S5-IMG4.jpg"
      },
      {
        "round_id": "S9:5",
        "score": 0.3170054016497379,
        "text_dense_score": 0.39819667626806515,
        "image_dense_score": 0.23581412703141064,
        "indexed_image_count": 1,
        "best_image_path": "/common/home/mg1998/MemoryBench/Benchmark_Pipeline/data/image/Animation_Viewing_Companion/S9-IMG2.jpg"
      },
      {
        "round_id": "S1:7",
        "score": 0.3112340745530414,
        "text_dense_score": 0.4117381264860842,
        "image_dense_score": 0.21073002261999862,
        "indexed_image_count": 1,
        "best_image_path": "/common/home/mg1998/MemoryBench/Benchmark_Pipeline/data/image/Animation_Viewing_Companion/S1-IMG3.jpg"
      }
    ],
    "clue_hit_count": 0,
    "corpus_entry_count": 190,
    "text_embedding_model": "all-MiniLM-L6-v2",
    "multimodal_embedding_model": "siglip2-base-patch16-384",
    "text_dense_weight": 0.5,
    "image_dense_weight": 0.5,
    "caption_text_included": false,
    "image_embeddings_built": true,
    "multi_image_indexing_enabled": true,
    "indexed_image_count": 44,
    "history_source": "retrieval",
    "captions_loaded": false,
    "images_loaded": true,
    "history_turns_after_truncation": 20
  }
}