{
  "task_name": "multi_scene_visual_case_archive_assistant",
  "model_name": "gemini_2_5_flash_lite",
  "model_path": "gemini-2.5-flash-lite",
  "method_name": "semantic_rag_text_only",
  "base_method_name": "semantic_rag_text_only",
  "method_modality": "",
  "mode": "open",
  "num_qas": 59,
  "num_qas_run": 59,
  "dialog_json": "/common/home/mg1998/MemoryBench/Benchmark_Pipeline/data/dialog/Multi-Scene_Visual_Case_Archive_Assistant.json",
  "image_root": "/common/home/mg1998/MemoryBench/Benchmark_Pipeline/data/image",
  "run_dir": "/common/home/mg1998/MemoryBench/Benchmark_Pipeline/runs/multi_scene_visual_case_archive_assistant/20260417_000505_gemini_2_5_flash_lite_semantic_rag_text_only",
  "git_commit": "19262b5fb5d5a815990401ec3935bf95c666c9d4",
  "summary": {
    "open_count": 59,
    "overall": {
      "em": 0.3050847457627119,
      "contains_gt": 0.3050847457627119,
      "f1": 0.3050847457627119
    },
    "by_x": {
      "X4": {
        "em": 0.42857142857142855,
        "contains_gt": 0.42857142857142855,
        "f1": 0.42857142857142855
      },
      "X2": {
        "em": 0.4444444444444444,
        "contains_gt": 0.4444444444444444,
        "f1": 0.4444444444444444
      },
      "X3": {
        "em": 0.2558139534883721,
        "contains_gt": 0.2558139534883721,
        "f1": 0.2558139534883721
      }
    },
    "by_y": {
      "Y2": {
        "em": 0.4,
        "contains_gt": 0.4,
        "f1": 0.4
      },
      "Y3": {
        "em": 0.5384615384615384,
        "contains_gt": 0.5384615384615384,
        "f1": 0.5384615384615384
      },
      "Y1": {
        "em": 0.19444444444444445,
        "contains_gt": 0.19444444444444445,
        "f1": 0.19444444444444445
      }
    },
    "by_cell": {
      "X4_Y2": {
        "em": 0.6,
        "contains_gt": 0.6,
        "f1": 0.6
      },
      "X2_Y2": {
        "em": 0.0,
        "contains_gt": 0.0,
        "f1": 0.0
      },
      "X3_Y3": {
        "em": 0.6,
        "contains_gt": 0.6,
        "f1": 0.6
      },
      "X2_Y3": {
        "em": 0.6666666666666666,
        "contains_gt": 0.6666666666666666,
        "f1": 0.6666666666666666
      },
      "X3_Y1": {
        "em": 0.19444444444444445,
        "contains_gt": 0.19444444444444445,
        "f1": 0.19444444444444445
      },
      "X3_Y2": {
        "em": 0.5,
        "contains_gt": 0.5,
        "f1": 0.5
      },
      "X4_Y3": {
        "em": 0.0,
        "contains_gt": 0.0,
        "f1": 0.0
      }
    },
    "mcq_count": 59,
    "mcq_valid_rate": 1.0,
    "mcq_overall": {
      "em": 0.3050847457627119,
      "contains_gt": 0.3050847457627119,
      "f1": 0.3050847457627119
    }
  },
  "method_runtime": {
    "retrieval_backend": "dense_text",
    "retrieval_corpus": "round_text",
    "method_modality": "text_only",
    "top_k": 10,
    "neighbor_window": 0,
    "seed_round_ids": [
      "S2:R6",
      "S3:R4",
      "S2:R4",
      "S5:R6",
      "S8:R7",
      "S15:R1",
      "S12:R3",
      "S1:R4",
      "S8:R8",
      "S11:R4"
    ],
    "selected_round_ids": [
      "S2:R6",
      "S3:R4",
      "S2:R4",
      "S5:R6",
      "S8:R7",
      "S15:R1",
      "S12:R3",
      "S1:R4",
      "S8:R8",
      "S11:R4"
    ],
    "top_candidates": [
      {
        "round_id": "S2:R6",
        "score": 0.6643899628299137,
        "text_dense_score": 0.6643899628299137
      },
      {
        "round_id": "S3:R4",
        "score": 0.44357903390827846,
        "text_dense_score": 0.44357903390827846
      },
      {
        "round_id": "S2:R4",
        "score": 0.43903296712461193,
        "text_dense_score": 0.43903296712461193
      },
      {
        "round_id": "S5:R6",
        "score": 0.40992261025134696,
        "text_dense_score": 0.40992261025134696
      },
      {
        "round_id": "S8:R7",
        "score": 0.4048193062102352,
        "text_dense_score": 0.4048193062102352
      }
    ],
    "clue_hit_count": 3,
    "corpus_entry_count": 117,
    "text_embedding_model": "all-MiniLM-L6-v2",
    "caption_text_included": true,
    "image_embeddings_built": false,
    "history_source": "retrieval",
    "captions_loaded": true,
    "images_loaded": false,
    "history_turns_after_truncation": 20
  }
}