{
  "task_name": "social_chat_memory_test",
  "model_name": "gpt_5_4_mini",
  "model_path": "gpt-5.4-mini",
  "method_name": "m2a",
  "base_method_name": "m2a",
  "method_modality": "",
  "mode": "mcq",
  "num_qas": 37,
  "num_qas_run": 37,
  "dialog_json": "/common/home/mg1998/MemoryBench/Benchmark_Pipeline/data/dialog/Social_Chat_Memory_Test.json",
  "image_root": "/common/home/mg1998/MemoryBench/Benchmark_Pipeline/data/image",
  "run_dir": "/common/home/mg1998/MemoryBench/Benchmark_Pipeline/runs/social_chat_memory_test/20260425_234914_gpt_5_4_mini_m2a",
  "git_commit": "7eb4b31f1f56487e02ecff48e751fe66ab6c6c5f",
  "summary": {
    "open_count": 37,
    "overall": {
      "em": 0.34459459459459457,
      "contains_gt": 0.32432432432432434,
      "f1": 0.34459459459459457
    },
    "by_x": {
      "X2": {
        "em": 0.3448275862068966,
        "contains_gt": 0.3103448275862069,
        "f1": 0.3448275862068966
      },
      "X1": {
        "em": 0.4,
        "contains_gt": 0.2,
        "f1": 0.4
      },
      "X3": {
        "em": 0.25,
        "contains_gt": 0.5,
        "f1": 0.25
      },
      "X4": {
        "em": 0.25,
        "contains_gt": 1.0,
        "f1": 0.25
      }
    },
    "by_y": {
      "Y2": {
        "em": 0.34,
        "contains_gt": 0.4,
        "f1": 0.34
      },
      "Y3": {
        "em": 0.375,
        "contains_gt": 0.16666666666666666,
        "f1": 0.375
      },
      "Y1": {
        "em": 0.3333333333333333,
        "contains_gt": 0.16666666666666666,
        "f1": 0.3333333333333333
      }
    },
    "by_cell": {
      "X2_Y2": {
        "em": 0.3409090909090909,
        "contains_gt": 0.3181818181818182,
        "f1": 0.3409090909090909
      },
      "X2_Y3": {
        "em": 0.375,
        "contains_gt": 0.25,
        "f1": 0.375
      },
      "X2_Y1": {
        "em": 0.3333333333333333,
        "contains_gt": 0.3333333333333333,
        "f1": 0.3333333333333333
      },
      "X1_Y1": {
        "em": 0.375,
        "contains_gt": 0.0,
        "f1": 0.375
      },
      "X1_Y2": {
        "em": 0.5,
        "contains_gt": 1.0,
        "f1": 0.5
      },
      "X3_Y1": {
        "em": 0.25,
        "contains_gt": 0.0,
        "f1": 0.25
      },
      "X3_Y2": {
        "em": 0.25,
        "contains_gt": 1.0,
        "f1": 0.25
      },
      "X4_Y2": {
        "em": 0.25,
        "contains_gt": 1.0,
        "f1": 0.25
      },
      "X1_Y3": {
        "em": 0.375,
        "contains_gt": 0.0,
        "f1": 0.375
      }
    },
    "mcq_count": 37,
    "mcq_valid_rate": 1.0,
    "mcq_overall": {
      "em": 0.34459459459459457,
      "contains_gt": 0.32432432432432434,
      "f1": 0.34459459459459457
    },
    "mcq_per_position_accuracy": {
      "A": 0.3783783783783784,
      "B": 0.4594594594594595,
      "C": 0.21621621621621623,
      "D": 0.32432432432432434
    }
  }
}