{
  "task_name": "brand_memory_test",
  "model_name": "gemini_2_5_flash_lite",
  "model_path": "gemini-2.5-flash-lite",
  "method_name": "semantic_rag_multimodal",
  "base_method_name": "semantic_rag_multimodal",
  "method_modality": "multimodal",
  "mode": "mcq",
  "num_qas": 29,
  "num_qas_run": 29,
  "dialog_json": "/common/home/mg1998/MemoryBench/Benchmark_Pipeline/data/dialog/Brand_Memory_Test.json",
  "image_root": "/common/home/mg1998/MemoryBench/Benchmark_Pipeline/data/image",
  "run_dir": "/common/home/mg1998/MemoryBench/Benchmark_Pipeline/runs/brand_memory_test/20260425_014740_gemini_2_5_flash_lite_semantic_rag_multimodal",
  "git_commit": "a81e2988384f97f63d6c0cd8f362f9eb3f42752a",
  "summary": {
    "open_count": 29,
    "overall": {
      "em": 0.45689655172413796,
      "contains_gt": 0.41379310344827586,
      "f1": 0.45689655172413796
    },
    "by_x": {
      "X4": {
        "em": 0.5,
        "contains_gt": 0.5,
        "f1": 0.5
      },
      "X2": {
        "em": 0.4583333333333333,
        "contains_gt": 0.3333333333333333,
        "f1": 0.4583333333333333
      },
      "X1": {
        "em": 0.4523809523809524,
        "contains_gt": 0.42857142857142855,
        "f1": 0.4523809523809524
      }
    },
    "by_y": {
      "Y1": {
        "em": 1.0,
        "contains_gt": 1.0,
        "f1": 1.0
      },
      "Y2": {
        "em": 0.4166666666666667,
        "contains_gt": 0.37037037037037035,
        "f1": 0.4166666666666667
      }
    },
    "by_cell": {
      "X4_Y1": {
        "em": 1.0,
        "contains_gt": 1.0,
        "f1": 1.0
      },
      "X2_Y2": {
        "em": 0.4583333333333333,
        "contains_gt": 0.3333333333333333,
        "f1": 0.4583333333333333
      },
      "X1_Y2": {
        "em": 0.425,
        "contains_gt": 0.4,
        "f1": 0.425
      },
      "X4_Y2": {
        "em": 0.0,
        "contains_gt": 0.0,
        "f1": 0.0
      },
      "X1_Y1": {
        "em": 1.0,
        "contains_gt": 1.0,
        "f1": 1.0
      }
    },
    "mcq_count": 29,
    "mcq_valid_rate": 1.0,
    "mcq_overall": {
      "em": 0.45689655172413796,
      "contains_gt": 0.41379310344827586,
      "f1": 0.45689655172413796
    },
    "mcq_per_position_accuracy": {
      "A": 0.5172413793103449,
      "B": 0.27586206896551724,
      "C": 0.6206896551724138,
      "D": 0.41379310344827586
    }
  },
  "method_runtime": {
    "retrieval_backend": "dense_multimodal",
    "retrieval_corpus": "round_text",
    "method_modality": "multimodal",
    "top_k": 10,
    "neighbor_window": 0,
    "seed_round_ids": [
      "BRAND_S3:R1",
      "BRAND_S40:R1",
      "BRAND_S14:R1",
      "BRAND_S6:R2",
      "BRAND_S1:R1",
      "BRAND_S17:R1",
      "BRAND_S9:R1",
      "BRAND_S27:R1",
      "BRAND_S6:R1",
      "BRAND_S10:R1"
    ],
    "selected_round_ids": [
      "BRAND_S3:R1",
      "BRAND_S40:R1",
      "BRAND_S14:R1",
      "BRAND_S6:R2",
      "BRAND_S1:R1",
      "BRAND_S17:R1",
      "BRAND_S9:R1",
      "BRAND_S27:R1",
      "BRAND_S6:R1",
      "BRAND_S10:R1"
    ],
    "top_candidates": [
      {
        "round_id": "BRAND_S3:R1",
        "score": 0.3459404808685902,
        "text_dense_score": 0.561110258761352,
        "image_dense_score": 0.13077070297582832,
        "indexed_image_count": 1,
        "best_image_path": "/common/home/mg1998/MemoryBench/Benchmark_Pipeline/data/image/Brand_Memory_Test/Dunkin_1.png"
      },
      {
        "round_id": "BRAND_S40:R1",
        "score": 0.30658030417724585,
        "text_dense_score": 0.5392866881447309,
        "image_dense_score": 0.07387392020976079,
        "indexed_image_count": 1,
        "best_image_path": "/common/home/mg1998/MemoryBench/Benchmark_Pipeline/data/image/Brand_Memory_Test/Starbucks_5.png"
      },
      {
        "round_id": "BRAND_S14:R1",
        "score": 0.3043937167623479,
        "text_dense_score": 0.4713718743614751,
        "image_dense_score": 0.1374155591632207,
        "indexed_image_count": 1,
        "best_image_path": "/common/home/mg1998/MemoryBench/Benchmark_Pipeline/data/image/Brand_Memory_Test/Pepsi_2.png"
      },
      {
        "round_id": "BRAND_S6:R2",
        "score": 0.29755167885704475,
        "text_dense_score": 0.5951033577140895,
        "image_dense_score": 0.0,
        "indexed_image_count": 0,
        "best_image_path": ""
      },
      {
        "round_id": "BRAND_S1:R1",
        "score": 0.29595636949432136,
        "text_dense_score": 0.46976903261706704,
        "image_dense_score": 0.12214370637157562,
        "indexed_image_count": 1,
        "best_image_path": "/common/home/mg1998/MemoryBench/Benchmark_Pipeline/data/image/Brand_Memory_Test/CocaCola_1.png"
      }
    ],
    "clue_hit_count": 1,
    "corpus_entry_count": 72,
    "text_embedding_model": "all-MiniLM-L6-v2",
    "multimodal_embedding_model": "siglip2-base-patch16-384",
    "text_dense_weight": 0.5,
    "image_dense_weight": 0.5,
    "caption_text_included": false,
    "image_embeddings_built": true,
    "multi_image_indexing_enabled": true,
    "indexed_image_count": 30,
    "history_source": "retrieval",
    "captions_loaded": false,
    "images_loaded": true,
    "history_turns_after_truncation": 20
  }
}