{
  "task_name": "brand_memory_test_open",
  "model_name": "gpt_5_4_mini",
  "model_path": "gpt-5.4-mini",
  "method_name": "mirix",
  "base_method_name": "mirix",
  "method_modality": "",
  "mode": "open",
  "num_qas": 29,
  "num_qas_run": 29,
  "dialog_json": "/common/home/mg1998/.cache/memeye_hf/MemEye/data/dialog/Brand_Memory_Test_Open.json",
  "image_root": "/common/home/mg1998/.cache/memeye_hf/MemEye/data/image",
  "run_dir": "/common/home/mg1998/MemoryBench/Benchmark_Pipeline/runs/brand_memory_test_open/20260426_173332_gpt_5_4_mini_mirix",
  "git_commit": "054322ce5a2f8d0e731520e829f334c056239afd",
  "summary": {
    "open_count": 29,
    "overall": {
      "em": 0.3103448275862069,
      "contains_gt": 0.3103448275862069,
      "f1": 0.3366174055829228,
      "bleu": 0.09093947970676455,
      "bleu_1": 0.3249460343698965,
      "bleu_2": 0.14993122738326167,
      "judge": 0.3448275862068966
    },
    "by_x": {
      "X4": {
        "em": 0.0,
        "contains_gt": 0.0,
        "f1": 0.3333333333333333,
        "bleu": 0.03270962178059006,
        "bleu_1": 0.18393972058572117,
        "bleu_2": 0.05816684692258399,
        "judge": 0.5
      },
      "X2": {
        "em": 0.3333333333333333,
        "contains_gt": 0.3333333333333333,
        "f1": 0.3492063492063492,
        "bleu": 0.08414300365193973,
        "bleu_1": 0.3425925925925926,
        "bleu_2": 0.22238421736139877,
        "judge": 0.3333333333333333
      },
      "X1": {
        "em": 0.3333333333333333,
        "contains_gt": 0.3333333333333333,
        "f1": 0.3333333333333333,
        "bleu": 0.09842703076301684,
        "bleu_1": 0.3333333333333333,
        "bleu_2": 0.13796983790957276,
        "judge": 0.3333333333333333
      }
    },
    "by_y": {
      "Y1": {
        "em": 0.0,
        "contains_gt": 0.0,
        "f1": 0.3333333333333333,
        "bleu": 0.03270962178059006,
        "bleu_1": 0.18393972058572117,
        "bleu_2": 0.05816684692258399,
        "judge": 0.5
      },
      "Y2": {
        "em": 0.3333333333333333,
        "contains_gt": 0.3333333333333333,
        "f1": 0.3368606701940035,
        "bleu": 0.09525280251611082,
        "bleu_1": 0.3353909465020576,
        "bleu_2": 0.15672858889886743,
        "judge": 0.3333333333333333
      }
    },
    "by_cell": {
      "X4_Y1": {
        "em": 0.0,
        "contains_gt": 0.0,
        "f1": 0.6666666666666666,
        "bleu": 0.06541924356118012,
        "bleu_1": 0.36787944117144233,
        "bleu_2": 0.11633369384516798,
        "judge": 1.0
      },
      "X2_Y2": {
        "em": 0.3333333333333333,
        "contains_gt": 0.3333333333333333,
        "f1": 0.3492063492063492,
        "bleu": 0.08414300365193973,
        "bleu_1": 0.3425925925925926,
        "bleu_2": 0.22238421736139877,
        "judge": 0.3333333333333333
      },
      "X1_Y2": {
        "em": 0.35,
        "contains_gt": 0.35,
        "f1": 0.35,
        "bleu": 0.10334838230116769,
        "bleu_1": 0.35,
        "bleu_2": 0.1448683298050514,
        "judge": 0.35
      },
      "X4_Y2": {
        "em": 0.0,
        "contains_gt": 0.0,
        "f1": 0.0,
        "bleu": 0.0,
        "bleu_1": 0.0,
        "bleu_2": 0.0,
        "judge": 0.0
      },
      "X1_Y1": {
        "em": 0.0,
        "contains_gt": 0.0,
        "f1": 0.0,
        "bleu": 0.0,
        "bleu_1": 0.0,
        "bleu_2": 0.0,
        "judge": 0.0
      }
    }
  },
  "method_runtime": {
    "official_mirix": true,
    "official_model_name": "gpt-5.4-mini",
    "ingested_turns": 144,
    "runtime_signature": "69f5be515fcee4d7",
    "runtime_dir": "/common/home/mg1998/MemoryBench/Benchmark_Pipeline/runs/brand_memory_test_open/mirix/69f5be515fcee4d7",
    "runtime_home": "/common/home/mg1998/MemoryBench/Benchmark_Pipeline/runs/brand_memory_test_open/mirix/69f5be515fcee4d7/runtime_home",
    "debug_dir": "/common/home/mg1998/MemoryBench/Benchmark_Pipeline/output/brand_memory_test_open/mirix/69f5be515fcee4d7",
    "resumed": false,
    "completed_ingestion": true
  },
  "judge": {
    "enabled": true,
    "model": "gpt-5.2",
    "scored_open_rows": 29
  }
}