{
  "task_name": "outdoor_navigation_route_memory_assistant",
  "model_name": "gpt_4_1_nano",
  "model_path": "gpt-4.1-nano",
  "method_name": "simplemem",
  "base_method_name": "simplemem",
  "method_modality": "",
  "mode": "mcq",
  "num_qas": 28,
  "num_qas_run": 28,
  "dialog_json": "/Users/qingyuejiao/Desktop/MemoryBench/Benchmark_Pipeline/data/dialog/Outdoor_Navigation_Route_Memory_Assistant.json",
  "image_root": "/Users/qingyuejiao/Desktop/MemoryBench/Benchmark_Pipeline/data/image",
  "run_dir": "/Users/qingyuejiao/Desktop/MemoryBench/Benchmark_Pipeline/runs/outdoor_navigation_route_memory_assistant/20260426_055512_gpt_4_1_nano_simplemem",
  "git_commit": "f50478ca8d87824ef1e9bc48c2b9e0d49e54305a",
  "summary": {
    "open_count": 28,
    "overall": {
      "em": 0.32142857142857145,
      "contains_gt": 0.39285714285714285,
      "f1": 0.32142857142857145
    },
    "by_x": {
      "X3": {
        "em": 0.4027777777777778,
        "contains_gt": 0.3888888888888889,
        "f1": 0.4027777777777778
      },
      "X1": {
        "em": 0.16666666666666666,
        "contains_gt": 0.3333333333333333,
        "f1": 0.16666666666666666
      },
      "X4": {
        "em": 0.2,
        "contains_gt": 0.4,
        "f1": 0.2
      },
      "X2": {
        "em": 0.125,
        "contains_gt": 0.5,
        "f1": 0.125
      }
    },
    "by_y": {
      "Y2": {
        "em": 0.3333333333333333,
        "contains_gt": 0.4,
        "f1": 0.3333333333333333
      },
      "Y1": {
        "em": 0.0,
        "contains_gt": 0.0,
        "f1": 0.0
      },
      "Y3": {
        "em": 0.3333333333333333,
        "contains_gt": 0.4166666666666667,
        "f1": 0.3333333333333333
      }
    },
    "by_cell": {
      "X3_Y2": {
        "em": 0.36538461538461536,
        "contains_gt": 0.38461538461538464,
        "f1": 0.36538461538461536
      },
      "X1_Y1": {
        "em": 0.0,
        "contains_gt": 0.0,
        "f1": 0.0
      },
      "X4_Y2": {
        "em": 0.0,
        "contains_gt": 0.0,
        "f1": 0.0
      },
      "X2_Y2": {
        "em": 0.25,
        "contains_gt": 1.0,
        "f1": 0.25
      },
      "X3_Y3": {
        "em": 0.5,
        "contains_gt": 0.4,
        "f1": 0.5
      },
      "X4_Y3": {
        "em": 0.25,
        "contains_gt": 0.5,
        "f1": 0.25
      },
      "X1_Y3": {
        "em": 0.25,
        "contains_gt": 0.5,
        "f1": 0.25
      },
      "X2_Y3": {
        "em": 0.0,
        "contains_gt": 0.0,
        "f1": 0.0
      }
    },
    "mcq_count": 28,
    "mcq_valid_rate": 0.9642857142857143,
    "mcq_overall": {
      "em": 0.32142857142857145,
      "contains_gt": 0.39285714285714285,
      "f1": 0.32142857142857145
    },
    "mcq_per_position_accuracy": {
      "A": 0.17857142857142858,
      "B": 0.35714285714285715,
      "C": 0.35714285714285715,
      "D": 0.39285714285714285
    }
  },
  "method_runtime": {
    "num_memories": 60,
    "debug_dir": "/Users/qingyuejiao/Desktop/MemoryBench/output/outdoor_navigation_route_memory_assistant/simplemem",
    "data_dir": "/Users/qingyuejiao/Desktop/MemoryBench/runs/simplemem/outdoor_navigation_route_memory_assistant"
  }
}