{
  "task_name": "card_playlog_test",
  "model_name": "gpt_5_4_mini",
  "model_path": "gpt-5.4-mini",
  "method_name": "m2a",
  "base_method_name": "m2a",
  "method_modality": "",
  "mode": "mcq",
  "num_qas": 48,
  "num_qas_run": 48,
  "dialog_json": "/common/home/mg1998/MemoryBench/Benchmark_Pipeline/data/dialog/Card_Playlog_Test.json",
  "image_root": "/common/home/mg1998/MemoryBench/Benchmark_Pipeline/data/image",
  "run_dir": "/common/home/mg1998/MemoryBench/Benchmark_Pipeline/runs/card_playlog_test/20260425_154935_gpt_5_4_mini_m2a",
  "git_commit": "7eb4b31f1f56487e02ecff48e751fe66ab6c6c5f",
  "summary": {
    "open_count": 48,
    "overall": {
      "em": 0.265625,
      "contains_gt": 0.3125,
      "f1": 0.265625
    },
    "by_x": {
      "X4": {
        "em": 0.265625,
        "contains_gt": 0.3125,
        "f1": 0.265625
      }
    },
    "by_y": {
      "Y3": {
        "em": 0.35526315789473684,
        "contains_gt": 0.42105263157894735,
        "f1": 0.35526315789473684
      },
      "Y2": {
        "em": 0.20689655172413793,
        "contains_gt": 0.2413793103448276,
        "f1": 0.20689655172413793
      }
    },
    "by_cell": {
      "X4_Y3": {
        "em": 0.35526315789473684,
        "contains_gt": 0.42105263157894735,
        "f1": 0.35526315789473684
      },
      "X4_Y2": {
        "em": 0.20689655172413793,
        "contains_gt": 0.2413793103448276,
        "f1": 0.20689655172413793
      }
    },
    "mcq_count": 48,
    "mcq_valid_rate": 1.0,
    "mcq_overall": {
      "em": 0.265625,
      "contains_gt": 0.3125,
      "f1": 0.265625
    },
    "mcq_per_position_accuracy": {
      "A": 0.22916666666666666,
      "B": 0.3333333333333333,
      "C": 0.1875,
      "D": 0.3125
    }
  }
}