{
  "task_name": "social_chat_memory_test_open",
  "model_name": "gpt_5_4_mini",
  "model_path": "gpt-5.4-mini",
  "method_name": "mma",
  "base_method_name": "mma",
  "method_modality": "",
  "mode": "open",
  "num_qas": 37,
  "num_qas_run": 37,
  "dialog_json": "/common/home/mg1998/.cache/memeye_hf/MemEye/data/dialog/Social_Chat_Memory_Test_Open.json",
  "image_root": "/common/home/mg1998/.cache/memeye_hf/MemEye/data/image",
  "run_dir": "/common/home/mg1998/MemoryBench/Benchmark_Pipeline/runs/social_chat_memory_test_open/20260426_110952_gpt_5_4_mini_mma",
  "git_commit": "054322ce5a2f8d0e731520e829f334c056239afd",
  "summary": {
    "open_count": 37,
    "overall": {
      "em": 0.02702702702702703,
      "contains_gt": 0.02702702702702703,
      "f1": 0.2438876677079944,
      "bleu": 0.053261568576292044,
      "bleu_1": 0.17069391215223276,
      "bleu_2": 0.09815968945748922,
      "judge": 0.35135135135135137
    },
    "by_x": {
      "X2": {
        "em": 0.034482758620689655,
        "contains_gt": 0.034482758620689655,
        "f1": 0.20466729798978375,
        "bleu": 0.03610385867091772,
        "bleu_1": 0.1391853584656272,
        "bleu_2": 0.07565873077723992,
        "judge": 0.29310344827586204
      },
      "X1": {
        "em": 0.0,
        "contains_gt": 0.0,
        "f1": 0.32436507936507936,
        "bleu": 0.05034324651847562,
        "bleu_1": 0.2609778506490695,
        "bleu_2": 0.14298819276586847,
        "judge": 0.5
      },
      "X3": {
        "em": 0.0,
        "contains_gt": 0.0,
        "f1": 0.3333333333333333,
        "bleu": 0.03270962178059006,
        "bleu_1": 0.18393972058572117,
        "bleu_2": 0.05816684692258399,
        "judge": 0.5
      },
      "X4": {
        "em": 0.0,
        "contains_gt": 0.0,
        "f1": 0.8,
        "bleu": 0.6065306597126334,
        "bleu_1": 0.6065306597126334,
        "bleu_2": 0.6065306597126334,
        "judge": 1.0
      }
    },
    "by_y": {
      "Y2": {
        "em": 0.04,
        "contains_gt": 0.04,
        "f1": 0.16685714285714287,
        "bleu": 0.04985386951569311,
        "bleu_1": 0.12418185529160598,
        "bleu_2": 0.07303924604230735,
        "judge": 0.22
      },
      "Y3": {
        "em": 0.0,
        "contains_gt": 0.0,
        "f1": 0.4740305025014644,
        "bleu": 0.04582380290416015,
        "bleu_1": 0.3194936327195754,
        "bleu_2": 0.18606048533644884,
        "judge": 1.0
      },
      "Y1": {
        "em": 0.0,
        "contains_gt": 0.0,
        "f1": 0.33470535312640576,
        "bleu": 0.07489808033425283,
        "bleu_1": 0.2156944285041684,
        "bleu_2": 0.11492740780845405,
        "judge": 0.25
      }
    },
    "by_cell": {
      "X2_Y2": {
        "em": 0.045454545454545456,
        "contains_gt": 0.045454545454545456,
        "f1": 0.14025974025974025,
        "bleu": 0.025381927409284837,
        "bleu_1": 0.10268963419937513,
        "bleu_2": 0.051224849859792504,
        "judge": 0.18181818181818182
      },
      "X2_Y3": {
        "em": 0.0,
        "contains_gt": 0.0,
        "f1": 0.4436846426410855,
        "bleu": 0.0346731234910961,
        "bleu_1": 0.2746489282979979,
        "bleu_2": 0.13843650022405737,
        "judge": 1.0
      },
      "X2_Y1": {
        "em": 0.0,
        "contains_gt": 0.0,
        "f1": 0.3582995951417004,
        "bleu": 0.11663900149598769,
        "bleu_1": 0.22620257664164822,
        "bleu_2": 0.17113683157609763,
        "judge": 0.16666666666666666
      },
      "X1_Y1": {
        "em": 0.0,
        "contains_gt": 0.0,
        "f1": 0.13333333333333333,
        "bleu": 0.017026116978186883,
        "bleu_1": 0.12383969996431167,
        "bleu_2": 0.02991012913863172,
        "judge": 0.0
      },
      "X1_Y2": {
        "em": 0.0,
        "contains_gt": 0.0,
        "f1": 0.28571428571428575,
        "bleu": 0.0814136751754278,
        "bleu_1": 0.23884377019126307,
        "bleu_2": 0.09250379442961536,
        "judge": 0.5
      },
      "X3_Y1": {
        "em": 0.0,
        "contains_gt": 0.0,
        "f1": 0.6666666666666666,
        "bleu": 0.06541924356118012,
        "bleu_1": 0.36787944117144233,
        "bleu_2": 0.11633369384516798,
        "judge": 1.0
      },
      "X3_Y2": {
        "em": 0.0,
        "contains_gt": 0.0,
        "f1": 0.0,
        "bleu": 0.0,
        "bleu_1": 0.0,
        "bleu_2": 0.0,
        "judge": 0.0
      },
      "X4_Y2": {
        "em": 0.0,
        "contains_gt": 0.0,
        "f1": 0.8,
        "bleu": 0.6065306597126334,
        "bleu_1": 0.6065306597126334,
        "bleu_2": 0.6065306597126334,
        "judge": 1.0
      },
      "X1_Y3": {
        "em": 0.0,
        "contains_gt": 0.0,
        "f1": 0.5347222222222222,
        "bleu": 0.06812516173028826,
        "bleu_1": 0.4091830415627305,
        "bleu_2": 0.2813084555612318,
        "judge": 1.0
      }
    }
  },
  "judge": {
    "enabled": true,
    "model": "gpt-5.2",
    "scored_open_rows": 37
  }
}