{
  "task_name": "concat_brand_social",
  "model_name": "gpt_5_4_mini",
  "model_path": "gpt-5.4-mini",
  "method_name": "gen_agents__text_only",
  "base_method_name": "gen_agents",
  "method_modality": "text_only",
  "mode": "mcq",
  "num_qas": 66,
  "num_qas_run": 66,
  "dialog_json": "/Users/qingyuejiao/Desktop/MemoryBench/Benchmark_Pipeline/data/dialog/concat_brand_social.json",
  "image_root": "/Users/qingyuejiao/Desktop/MemoryBench/Benchmark_Pipeline/data/image",
  "run_dir": "/Users/qingyuejiao/Desktop/MemoryBench/Benchmark_Pipeline/runs/concat_brand_social/20260427_141212_gpt_5_4_mini_gen_agents__text_only",
  "git_commit": "d8ac0cb71367c6f0314274b4a514968eab3f678b",
  "summary": {
    "open_count": 66,
    "overall": {
      "em": 0.23484848484848486,
      "contains_gt": 0.42424242424242425,
      "f1": 0.23484848484848486
    },
    "by_x": {
      "X4": {
        "em": 0.16666666666666666,
        "contains_gt": 0.3333333333333333,
        "f1": 0.16666666666666666
      },
      "X3": {
        "em": 0.23529411764705882,
        "contains_gt": 0.29411764705882354,
        "f1": 0.23529411764705882
      },
      "X1": {
        "em": 0.23076923076923078,
        "contains_gt": 0.5769230769230769,
        "f1": 0.23076923076923078
      },
      "X2": {
        "em": 0.3333333333333333,
        "contains_gt": 0.6666666666666666,
        "f1": 0.3333333333333333
      }
    },
    "by_y": {
      "Y1": {
        "em": 0.25,
        "contains_gt": 0.375,
        "f1": 0.25
      },
      "Y2": {
        "em": 0.22596153846153846,
        "contains_gt": 0.40384615384615385,
        "f1": 0.22596153846153846
      },
      "Y3": {
        "em": 0.2916666666666667,
        "contains_gt": 0.6666666666666666,
        "f1": 0.2916666666666667
      }
    },
    "by_cell": {
      "X4_Y1": {
        "em": 0.25,
        "contains_gt": 1.0,
        "f1": 0.25
      },
      "X3_Y2": {
        "em": 0.2222222222222222,
        "contains_gt": 0.2962962962962963,
        "f1": 0.2222222222222222
      },
      "X1_Y2": {
        "em": 0.2261904761904762,
        "contains_gt": 0.5714285714285714,
        "f1": 0.2261904761904762
      },
      "X2_Y2": {
        "em": 0.375,
        "contains_gt": 0.5,
        "f1": 0.375
      },
      "X4_Y2": {
        "em": 0.125,
        "contains_gt": 0.0,
        "f1": 0.125
      },
      "X1_Y1": {
        "em": 0.25,
        "contains_gt": 0.3333333333333333,
        "f1": 0.25
      },
      "X3_Y3": {
        "em": 0.3125,
        "contains_gt": 0.5,
        "f1": 0.3125
      },
      "X3_Y1": {
        "em": 0.25,
        "contains_gt": 0.0,
        "f1": 0.25
      },
      "X2_Y1": {
        "em": 0.25,
        "contains_gt": 1.0,
        "f1": 0.25
      },
      "X1_Y3": {
        "em": 0.25,
        "contains_gt": 1.0,
        "f1": 0.25
      }
    },
    "mcq_count": 66,
    "mcq_valid_rate": 1.0,
    "mcq_overall": {
      "em": 0.23484848484848486,
      "contains_gt": 0.42424242424242425,
      "f1": 0.23484848484848486
    },
    "mcq_per_position_accuracy": {
      "A": 0.18181818181818182,
      "B": 0.15151515151515152,
      "C": 0.18181818181818182,
      "D": 0.42424242424242425
    }
  },
  "method_runtime": {
    "caption_validation_passed": true,
    "caption_validation_round_count": 73,
    "method_modality": "text_only",
    "history_source": "retrieval",
    "captions_loaded": true,
    "images_loaded": false,
    "num_memories": 125,
    "debug_dir": "/Users/qingyuejiao/Desktop/MemoryBench/Benchmark_Pipeline/output/concat_brand_social/gen_agents",
    "history_turns_after_truncation": 1,
    "retrieved_round_ids": [
      "CHAT_S38:R1",
      "CHAT_S27:R1",
      "CHAT_S2:R1",
      "CHAT_S21:R1",
      "CHAT_S31:R1",
      "CHAT_S34:R1",
      "BRAND_S27:R1",
      "CHAT_S30:R1",
      "BRAND_S34:R1"
    ]
  }
}
