{
  "task_name": "card_playlog_test",
  "model_name": "gpt_4_1_nano",
  "model_path": "gpt-4.1-nano",
  "method_name": "clue_only_context__multimodal",
  "base_method_name": "clue_only_context",
  "method_modality": "multimodal",
  "mode": "mcq",
  "num_qas": 48,
  "num_qas_run": 48,
  "dialog_json": "/Users/qingyuejiao/Desktop/MemoryBench/Benchmark_Pipeline/data/dialog/Card_Playlog_Test.json",
  "image_root": "/Users/qingyuejiao/Desktop/MemoryBench/Benchmark_Pipeline/data/image",
  "run_dir": "/Users/qingyuejiao/Desktop/MemoryBench/Benchmark_Pipeline/Benchmark_Pipeline/runs_clue_only_mcq_ablation/card_playlog_test/20260425_000018_gpt_4_1_nano_clue_only_context__multimodal",
  "git_commit": "35aa30ab7205e464bf92b809f6f3a6932c7f7aef",
  "summary": {
    "open_count": 48,
    "overall": {
      "em": 0.2916666666666667,
      "contains_gt": 0.14583333333333334,
      "f1": 0.2916666666666667
    },
    "by_x": {
      "X4": {
        "em": 0.2916666666666667,
        "contains_gt": 0.14583333333333334,
        "f1": 0.2916666666666667
      }
    },
    "by_y": {
      "Y3": {
        "em": 0.14473684210526316,
        "contains_gt": 0.05263157894736842,
        "f1": 0.14473684210526316
      },
      "Y2": {
        "em": 0.3879310344827586,
        "contains_gt": 0.20689655172413793,
        "f1": 0.3879310344827586
      }
    },
    "by_cell": {
      "X4_Y3": {
        "em": 0.14473684210526316,
        "contains_gt": 0.05263157894736842,
        "f1": 0.14473684210526316
      },
      "X4_Y2": {
        "em": 0.3879310344827586,
        "contains_gt": 0.20689655172413793,
        "f1": 0.3879310344827586
      }
    },
    "mcq_count": 48,
    "mcq_valid_rate": 1.0,
    "mcq_overall": {
      "em": 0.2916666666666667,
      "contains_gt": 0.14583333333333334,
      "f1": 0.2916666666666667
    },
    "mcq_per_position_accuracy": {
      "A": 0.4375,
      "B": 0.1875,
      "C": 0.3958333333333333,
      "D": 0.14583333333333334
    }
  },
  "method_runtime": {
    "method_modality": "multimodal",
    "history_source": "clue_only",
    "captions_loaded": false,
    "images_loaded": true,
    "history_turns_after_truncation": 2
  }
}