{
  "task_name": "personal_health_dashboard_assistant",
  "model_name": "gpt_4_1_nano",
  "model_path": "gpt-4.1-nano",
  "method_name": "clue_only_context__multimodal",
  "base_method_name": "clue_only_context",
  "method_modality": "multimodal",
  "mode": "mcq",
  "num_qas": 63,
  "num_qas_run": 63,
  "dialog_json": "/common/home/mg1998/MemoryBench/Benchmark_Pipeline/data/dialog/Personal_Health_Dashboard_Assistant.json",
  "image_root": "/common/home/mg1998/MemoryBench/Benchmark_Pipeline/data/image",
  "run_dir": "/common/home/mg1998/MemoryBench/Benchmark_Pipeline/runs/personal_health_dashboard_assistant/20260422_013234_gpt_4_1_nano_clue_only_context__multimodal",
  "git_commit": "ade7dbe9a9e8626e08575af59791ee619bedb592",
  "summary": {
    "open_count": 63,
    "overall": {
      "em": 0.4126984126984127,
      "contains_gt": 0.4126984126984127,
      "f1": 0.4126984126984127
    },
    "by_x": {
      "X4": {
        "em": 0.4107142857142857,
        "contains_gt": 0.4107142857142857,
        "f1": 0.4107142857142857
      },
      "X3": {
        "em": 0.0,
        "contains_gt": 0.0,
        "f1": 0.0
      },
      "X1": {
        "em": 1.0,
        "contains_gt": 1.0,
        "f1": 1.0
      }
    },
    "by_y": {
      "Y2": {
        "em": 0.3137254901960784,
        "contains_gt": 0.3137254901960784,
        "f1": 0.3137254901960784
      },
      "Y3": {
        "em": 0.8181818181818182,
        "contains_gt": 0.8181818181818182,
        "f1": 0.8181818181818182
      },
      "Y1": {
        "em": 1.0,
        "contains_gt": 1.0,
        "f1": 1.0
      }
    },
    "by_cell": {
      "X4_Y2": {
        "em": 0.3404255319148936,
        "contains_gt": 0.3404255319148936,
        "f1": 0.3404255319148936
      },
      "X4_Y3": {
        "em": 0.7777777777777778,
        "contains_gt": 0.7777777777777778,
        "f1": 0.7777777777777778
      },
      "X3_Y2": {
        "em": 0.0,
        "contains_gt": 0.0,
        "f1": 0.0
      },
      "X1_Y3": {
        "em": 1.0,
        "contains_gt": 1.0,
        "f1": 1.0
      },
      "X1_Y1": {
        "em": 1.0,
        "contains_gt": 1.0,
        "f1": 1.0
      }
    },
    "mcq_count": 63,
    "mcq_valid_rate": 1.0,
    "mcq_overall": {
      "em": 0.4126984126984127,
      "contains_gt": 0.4126984126984127,
      "f1": 0.4126984126984127
    }
  },
  "method_runtime": {
    "method_modality": "multimodal",
    "history_source": "clue_only",
    "captions_loaded": false,
    "images_loaded": true,
    "history_turns_after_truncation": 6
  }
}