{
  "task_name": "outdoor_navigation_route_memory_assistant",
  "model_name": "gpt_4_1_nano",
  "model_path": "gpt-4.1-nano",
  "method_name": "memoryos",
  "base_method_name": "memoryos",
  "method_modality": "",
  "mode": "mcq",
  "num_qas": 40,
  "num_qas_run": 40,
  "dialog_json": "/Users/qingyuejiao/Desktop/MemoryBench/Benchmark_Pipeline/data/dialog/Outdoor_Navigation_Route_Memory_Assistant.json",
  "image_root": "/Users/qingyuejiao/Desktop/MemoryBench/Benchmark_Pipeline/data/image",
  "run_dir": "/Users/qingyuejiao/Desktop/MemoryBench/Benchmark_Pipeline/runs/outdoor_navigation_route_memory_assistant/20260419_212122_gpt_4_1_nano_memoryos",
  "git_commit": "2ede73a357fc683261e8335004aafee97dabd948",
  "summary": {
    "open_count": 40,
    "overall": {
      "em": 0.575,
      "contains_gt": 0.575,
      "f1": 0.575
    },
    "by_x": {
      "X3": {
        "em": 0.7407407407407407,
        "contains_gt": 0.7407407407407407,
        "f1": 0.7407407407407407
      },
      "X1": {
        "em": 0.0,
        "contains_gt": 0.0,
        "f1": 0.0
      },
      "X4": {
        "em": 0.0,
        "contains_gt": 0.0,
        "f1": 0.0
      },
      "X2": {
        "em": 0.6,
        "contains_gt": 0.6,
        "f1": 0.6
      }
    },
    "by_y": {
      "Y2": {
        "em": 0.6538461538461539,
        "contains_gt": 0.6538461538461539,
        "f1": 0.6538461538461539
      },
      "Y1": {
        "em": 0.0,
        "contains_gt": 0.0,
        "f1": 0.0
      },
      "Y3": {
        "em": 0.46153846153846156,
        "contains_gt": 0.46153846153846156,
        "f1": 0.46153846153846156
      }
    },
    "by_cell": {
      "X3_Y2": {
        "em": 0.6818181818181818,
        "contains_gt": 0.6818181818181818,
        "f1": 0.6818181818181818
      },
      "X1_Y1": {
        "em": 0.0,
        "contains_gt": 0.0,
        "f1": 0.0
      },
      "X4_Y2": {
        "em": 0.0,
        "contains_gt": 0.0,
        "f1": 0.0
      },
      "X2_Y2": {
        "em": 0.6666666666666666,
        "contains_gt": 0.6666666666666666,
        "f1": 0.6666666666666666
      },
      "X3_Y3": {
        "em": 1.0,
        "contains_gt": 1.0,
        "f1": 1.0
      },
      "X4_Y3": {
        "em": 0.0,
        "contains_gt": 0.0,
        "f1": 0.0
      },
      "X2_Y3": {
        "em": 0.5,
        "contains_gt": 0.5,
        "f1": 0.5
      },
      "X1_Y3": {
        "em": 0.0,
        "contains_gt": 0.0,
        "f1": 0.0
      }
    },
    "mcq_count": 40,
    "mcq_valid_rate": 1.0,
    "mcq_overall": {
      "em": 0.575,
      "contains_gt": 0.575,
      "f1": 0.575
    }
  },
  "method_runtime": {
    "caption_validation_passed": true,
    "caption_validation_round_count": 40,
    "num_memories": 60,
    "debug_dir": "/Users/qingyuejiao/Desktop/MemoryBench/Benchmark_Pipeline/output/outdoor_navigation_route_memory_assistant/memoryos/9164331f5f86f2a9",
    "data_storage_path": "/Users/qingyuejiao/Desktop/MemoryBench/Benchmark_Pipeline/runs/outdoor_navigation_route_memory_assistant/memoryos_data/9164331f5f86f2a9",
    "runtime_signature": "9164331f5f86f2a9"
  }
}