{
  "task_name": "card_playlog_test",
  "model_name": "gpt_4_1_nano",
  "model_path": "gpt-4.1-nano",
  "method_name": "full_context_multimodal",
  "base_method_name": "full_context_multimodal",
  "method_modality": "",
  "mode": "open",
  "num_qas": 48,
  "num_qas_run": 48,
  "dialog_json": "/Users/qingyuejiao/Desktop/MemoryBench/Benchmark_Pipeline/data/dialog/Card_Playlog_Test.json",
  "image_root": "/Users/qingyuejiao/Desktop/MemoryBench/Benchmark_Pipeline/data/image",
  "run_dir": "/Users/qingyuejiao/Desktop/MemoryBench/Benchmark_Pipeline/runs/card_playlog_test/20260419_201041_gpt_4_1_nano_full_context_multimodal",
  "git_commit": "2ede73a357fc683261e8335004aafee97dabd948",
  "summary": {
    "open_count": 48,
    "overall": {
      "em": 0.2708333333333333,
      "contains_gt": 0.2708333333333333,
      "f1": 0.2708333333333333
    },
    "by_x": {
      "X4": {
        "em": 0.2708333333333333,
        "contains_gt": 0.2708333333333333,
        "f1": 0.2708333333333333
      }
    },
    "by_y": {
      "Y3": {
        "em": 0.10526315789473684,
        "contains_gt": 0.10526315789473684,
        "f1": 0.10526315789473684
      },
      "Y2": {
        "em": 0.3793103448275862,
        "contains_gt": 0.3793103448275862,
        "f1": 0.3793103448275862
      }
    },
    "by_cell": {
      "X4_Y3": {
        "em": 0.10526315789473684,
        "contains_gt": 0.10526315789473684,
        "f1": 0.10526315789473684
      },
      "X4_Y2": {
        "em": 0.3793103448275862,
        "contains_gt": 0.3793103448275862,
        "f1": 0.3793103448275862
      }
    },
    "mcq_count": 48,
    "mcq_valid_rate": 1.0,
    "mcq_overall": {
      "em": 0.2708333333333333,
      "contains_gt": 0.2708333333333333,
      "f1": 0.2708333333333333
    }
  },
  "method_runtime": {
    "method_modality": "multimodal",
    "history_source": "full_context",
    "captions_loaded": false,
    "images_loaded": true,
    "history_turns_after_truncation": 60,
    "history_turns_before_truncation": 60
  }
}