{
  "task_name": "personal_health_dashboard_assistant",
  "model_name": "gpt_4_1_nano",
  "model_path": "gpt-4.1-nano",
  "method_name": "m2a",
  "base_method_name": "m2a",
  "method_modality": "",
  "mode": "mcq",
  "num_qas": 63,
  "num_qas_run": 63,
  "dialog_json": "/common/home/mg1998/MemoryBench/Benchmark_Pipeline/data/dialog/Personal_Health_Dashboard_Assistant.json",
  "image_root": "/common/home/mg1998/MemoryBench/Benchmark_Pipeline/data/image",
  "run_dir": "/common/home/mg1998/MemoryBench/Benchmark_Pipeline/runs/personal_health_dashboard_assistant/20260421_193949_gpt_4_1_nano_m2a",
  "git_commit": "95d14acae2f43ed61ef7e0c915c2eb678f4fe218",
  "summary": {
    "open_count": 63,
    "overall": {
      "em": 0.25396825396825395,
      "contains_gt": 0.25396825396825395,
      "f1": 0.25396825396825395
    },
    "by_x": {
      "X4": {
        "em": 0.26785714285714285,
        "contains_gt": 0.26785714285714285,
        "f1": 0.26785714285714285
      },
      "X3": {
        "em": 0.25,
        "contains_gt": 0.25,
        "f1": 0.25
      },
      "X1": {
        "em": 0.0,
        "contains_gt": 0.0,
        "f1": 0.0
      }
    },
    "by_y": {
      "Y2": {
        "em": 0.21568627450980393,
        "contains_gt": 0.21568627450980393,
        "f1": 0.21568627450980393
      },
      "Y3": {
        "em": 0.45454545454545453,
        "contains_gt": 0.45454545454545453,
        "f1": 0.45454545454545453
      },
      "Y1": {
        "em": 0.0,
        "contains_gt": 0.0,
        "f1": 0.0
      }
    },
    "by_cell": {
      "X4_Y2": {
        "em": 0.2127659574468085,
        "contains_gt": 0.2127659574468085,
        "f1": 0.2127659574468085
      },
      "X4_Y3": {
        "em": 0.5555555555555556,
        "contains_gt": 0.5555555555555556,
        "f1": 0.5555555555555556
      },
      "X3_Y2": {
        "em": 0.25,
        "contains_gt": 0.25,
        "f1": 0.25
      },
      "X1_Y3": {
        "em": 0.0,
        "contains_gt": 0.0,
        "f1": 0.0
      },
      "X1_Y1": {
        "em": 0.0,
        "contains_gt": 0.0,
        "f1": 0.0
      }
    },
    "mcq_count": 63,
    "mcq_valid_rate": 1.0,
    "mcq_overall": {
      "em": 0.25396825396825395,
      "contains_gt": 0.25396825396825395,
      "f1": 0.25396825396825395
    }
  }
}