{
  "task_name": "multi_scene_visual_case_archive_assistant",
  "model_name": "gpt_4_1_nano",
  "model_path": "gpt-4.1-nano",
  "method_name": "full_context_text_only",
  "base_method_name": "full_context_text_only",
  "method_modality": "",
  "mode": "mcq",
  "num_qas": 59,
  "num_qas_run": 59,
  "dialog_json": "/Users/qingyuejiao/Desktop/MemoryBench/Benchmark_Pipeline/data/dialog/Multi-Scene_Visual_Case_Archive_Assistant.json",
  "image_root": "/Users/qingyuejiao/Desktop/MemoryBench/Benchmark_Pipeline/data/image",
  "run_dir": "/Users/qingyuejiao/Desktop/MemoryBench/Benchmark_Pipeline/runs/multi_scene_visual_case_archive_assistant/20260419_200337_gpt_4_1_nano_full_context_text_only",
  "git_commit": "2ede73a357fc683261e8335004aafee97dabd948",
  "summary": {
    "open_count": 59,
    "overall": {
      "em": 0.15254237288135594,
      "contains_gt": 0.15254237288135594,
      "f1": 0.15254237288135594
    },
    "by_x": {
      "X4": {
        "em": 0.42857142857142855,
        "contains_gt": 0.42857142857142855,
        "f1": 0.42857142857142855
      },
      "X2": {
        "em": 0.3333333333333333,
        "contains_gt": 0.3333333333333333,
        "f1": 0.3333333333333333
      },
      "X3": {
        "em": 0.06976744186046512,
        "contains_gt": 0.06976744186046512,
        "f1": 0.06976744186046512
      }
    },
    "by_y": {
      "Y2": {
        "em": 0.4,
        "contains_gt": 0.4,
        "f1": 0.4
      },
      "Y3": {
        "em": 0.3076923076923077,
        "contains_gt": 0.3076923076923077,
        "f1": 0.3076923076923077
      },
      "Y1": {
        "em": 0.027777777777777776,
        "contains_gt": 0.027777777777777776,
        "f1": 0.027777777777777776
      }
    },
    "by_cell": {
      "X4_Y2": {
        "em": 0.6,
        "contains_gt": 0.6,
        "f1": 0.6
      },
      "X2_Y2": {
        "em": 0.0,
        "contains_gt": 0.0,
        "f1": 0.0
      },
      "X3_Y3": {
        "em": 0.2,
        "contains_gt": 0.2,
        "f1": 0.2
      },
      "X2_Y3": {
        "em": 0.5,
        "contains_gt": 0.5,
        "f1": 0.5
      },
      "X3_Y1": {
        "em": 0.027777777777777776,
        "contains_gt": 0.027777777777777776,
        "f1": 0.027777777777777776
      },
      "X3_Y2": {
        "em": 0.5,
        "contains_gt": 0.5,
        "f1": 0.5
      },
      "X4_Y3": {
        "em": 0.0,
        "contains_gt": 0.0,
        "f1": 0.0
      }
    },
    "mcq_count": 59,
    "mcq_valid_rate": 1.0,
    "mcq_overall": {
      "em": 0.15254237288135594,
      "contains_gt": 0.15254237288135594,
      "f1": 0.15254237288135594
    }
  },
  "method_runtime": {
    "caption_validation_passed": true,
    "caption_validation_round_count": 57,
    "method_modality": "text_only",
    "history_source": "full_context",
    "captions_loaded": true,
    "images_loaded": false,
    "history_turns_after_truncation": 234,
    "history_turns_before_truncation": 234
  }
}