{
  "task_name": "outdoor_navigation_route_memory_assistant",
  "model_name": "gpt_4_1_nano",
  "model_path": "gpt-4.1-nano",
  "method_name": "m2a",
  "base_method_name": "m2a",
  "method_modality": "",
  "mode": "mcq",
  "num_qas": 40,
  "num_qas_run": 40,
  "dialog_json": "/common/home/mg1998/MemoryBench/Benchmark_Pipeline/data/dialog/Outdoor_Navigation_Route_Memory_Assistant.json",
  "image_root": "/common/home/mg1998/MemoryBench/Benchmark_Pipeline/data/image",
  "run_dir": "/common/home/mg1998/MemoryBench/Benchmark_Pipeline/runs/outdoor_navigation_route_memory_assistant/20260421_192205_gpt_4_1_nano_m2a",
  "git_commit": "95d14acae2f43ed61ef7e0c915c2eb678f4fe218",
  "summary": {
    "open_count": 40,
    "overall": {
      "em": 0.675,
      "contains_gt": 0.675,
      "f1": 0.675
    },
    "by_x": {
      "X3": {
        "em": 0.7037037037037037,
        "contains_gt": 0.7037037037037037,
        "f1": 0.7037037037037037
      },
      "X1": {
        "em": 0.3333333333333333,
        "contains_gt": 0.3333333333333333,
        "f1": 0.3333333333333333
      },
      "X4": {
        "em": 0.6,
        "contains_gt": 0.6,
        "f1": 0.6
      },
      "X2": {
        "em": 0.8,
        "contains_gt": 0.8,
        "f1": 0.8
      }
    },
    "by_y": {
      "Y2": {
        "em": 0.7307692307692307,
        "contains_gt": 0.7307692307692307,
        "f1": 0.7307692307692307
      },
      "Y1": {
        "em": 1.0,
        "contains_gt": 1.0,
        "f1": 1.0
      },
      "Y3": {
        "em": 0.5384615384615384,
        "contains_gt": 0.5384615384615384,
        "f1": 0.5384615384615384
      }
    },
    "by_cell": {
      "X3_Y2": {
        "em": 0.6818181818181818,
        "contains_gt": 0.6818181818181818,
        "f1": 0.6818181818181818
      },
      "X1_Y1": {
        "em": 1.0,
        "contains_gt": 1.0,
        "f1": 1.0
      },
      "X4_Y2": {
        "em": 1.0,
        "contains_gt": 1.0,
        "f1": 1.0
      },
      "X2_Y2": {
        "em": 1.0,
        "contains_gt": 1.0,
        "f1": 1.0
      },
      "X3_Y3": {
        "em": 0.8,
        "contains_gt": 0.8,
        "f1": 0.8
      },
      "X4_Y3": {
        "em": 0.5,
        "contains_gt": 0.5,
        "f1": 0.5
      },
      "X2_Y3": {
        "em": 0.5,
        "contains_gt": 0.5,
        "f1": 0.5
      },
      "X1_Y3": {
        "em": 0.0,
        "contains_gt": 0.0,
        "f1": 0.0
      }
    },
    "mcq_count": 40,
    "mcq_valid_rate": 1.0,
    "mcq_overall": {
      "em": 0.675,
      "contains_gt": 0.675,
      "f1": 0.675
    }
  }
}