{
  "task_name": "home_renovation_interior_design",
  "model_name": "gpt_4_1_nano",
  "model_path": "gpt-4.1-nano",
  "method_name": "a_mem",
  "base_method_name": "a_mem",
  "method_modality": "",
  "mode": "mcq",
  "num_qas": 65,
  "num_qas_run": 65,
  "dialog_json": "/Users/qingyuejiao/Desktop/MemoryBench/Benchmark_Pipeline/data/dialog/Home_Renovation_Interior_Design.json",
  "image_root": "/Users/qingyuejiao/Desktop/MemoryBench/Benchmark_Pipeline/data/image",
  "run_dir": "/Users/qingyuejiao/Desktop/MemoryBench/Benchmark_Pipeline/runs/home_renovation_interior_design/20260420_005950_gpt_4_1_nano_a_mem",
  "git_commit": "2ede73a357fc683261e8335004aafee97dabd948",
  "summary": {
    "open_count": 65,
    "overall": {
      "em": 0.2923076923076923,
      "contains_gt": 0.2923076923076923,
      "f1": 0.2923076923076923
    },
    "by_x": {
      "X4": {
        "em": 0.5,
        "contains_gt": 0.5,
        "f1": 0.5
      },
      "X3": {
        "em": 0.18604651162790697,
        "contains_gt": 0.18604651162790697,
        "f1": 0.18604651162790697
      },
      "X2": {
        "em": 0.46153846153846156,
        "contains_gt": 0.46153846153846156,
        "f1": 0.46153846153846156
      },
      "X1": {
        "em": 1.0,
        "contains_gt": 1.0,
        "f1": 1.0
      }
    },
    "by_y": {
      "Y2": {
        "em": 0.375,
        "contains_gt": 0.375,
        "f1": 0.375
      },
      "Y1": {
        "em": 0.26666666666666666,
        "contains_gt": 0.26666666666666666,
        "f1": 0.26666666666666666
      },
      "Y3": {
        "em": 0.25,
        "contains_gt": 0.25,
        "f1": 0.25
      }
    },
    "by_cell": {
      "X4_Y2": {
        "em": 0.5,
        "contains_gt": 0.5,
        "f1": 0.5
      },
      "X3_Y2": {
        "em": 0.16666666666666666,
        "contains_gt": 0.16666666666666666,
        "f1": 0.16666666666666666
      },
      "X3_Y1": {
        "em": 0.1891891891891892,
        "contains_gt": 0.1891891891891892,
        "f1": 0.1891891891891892
      },
      "X2_Y3": {
        "em": 0.3333333333333333,
        "contains_gt": 0.3333333333333333,
        "f1": 0.3333333333333333
      },
      "X2_Y1": {
        "em": 0.5,
        "contains_gt": 0.5,
        "f1": 0.5
      },
      "X2_Y2": {
        "em": 0.5,
        "contains_gt": 0.5,
        "f1": 0.5
      },
      "X4_Y1": {
        "em": 0.6,
        "contains_gt": 0.6,
        "f1": 0.6
      },
      "X4_Y3": {
        "em": 0.0,
        "contains_gt": 0.0,
        "f1": 0.0
      },
      "X1_Y1": {
        "em": 1.0,
        "contains_gt": 1.0,
        "f1": 1.0
      }
    },
    "mcq_count": 65,
    "mcq_valid_rate": 1.0,
    "mcq_overall": {
      "em": 0.2923076923076923,
      "contains_gt": 0.2923076923076923,
      "f1": 0.2923076923076923
    }
  },
  "method_runtime": {
    "num_memories": 120,
    "debug_dir": "/Users/qingyuejiao/Desktop/MemoryBench/output/home_renovation_interior_design/a_mem"
  }
}