{
  "task_name": "home_renovation_interior_design",
  "model_name": "gpt_4_1_nano",
  "model_path": "gpt-4.1-nano",
  "method_name": "clue_only_context__multimodal",
  "base_method_name": "clue_only_context",
  "method_modality": "multimodal",
  "mode": "mcq",
  "num_qas": 65,
  "num_qas_run": 65,
  "dialog_json": "/common/home/mg1998/MemoryBench/Benchmark_Pipeline/data/dialog/Home_Renovation_Interior_Design.json",
  "image_root": "/common/home/mg1998/MemoryBench/Benchmark_Pipeline/data/image",
  "run_dir": "/common/home/mg1998/MemoryBench/Benchmark_Pipeline/runs/home_renovation_interior_design/20260422_012917_gpt_4_1_nano_clue_only_context__multimodal",
  "git_commit": "ade7dbe9a9e8626e08575af59791ee619bedb592",
  "summary": {
    "open_count": 65,
    "overall": {
      "em": 0.8,
      "contains_gt": 0.8,
      "f1": 0.8
    },
    "by_x": {
      "X4": {
        "em": 0.375,
        "contains_gt": 0.375,
        "f1": 0.375
      },
      "X3": {
        "em": 0.8837209302325582,
        "contains_gt": 0.8837209302325582,
        "f1": 0.8837209302325582
      },
      "X2": {
        "em": 0.7692307692307693,
        "contains_gt": 0.7692307692307693,
        "f1": 0.7692307692307693
      },
      "X1": {
        "em": 1.0,
        "contains_gt": 1.0,
        "f1": 1.0
      }
    },
    "by_y": {
      "Y2": {
        "em": 0.6875,
        "contains_gt": 0.6875,
        "f1": 0.6875
      },
      "Y1": {
        "em": 0.8444444444444444,
        "contains_gt": 0.8444444444444444,
        "f1": 0.8444444444444444
      },
      "Y3": {
        "em": 0.75,
        "contains_gt": 0.75,
        "f1": 0.75
      }
    },
    "by_cell": {
      "X4_Y2": {
        "em": 0.0,
        "contains_gt": 0.0,
        "f1": 0.0
      },
      "X3_Y2": {
        "em": 0.8333333333333334,
        "contains_gt": 0.8333333333333334,
        "f1": 0.8333333333333334
      },
      "X3_Y1": {
        "em": 0.8918918918918919,
        "contains_gt": 0.8918918918918919,
        "f1": 0.8918918918918919
      },
      "X2_Y3": {
        "em": 1.0,
        "contains_gt": 1.0,
        "f1": 1.0
      },
      "X2_Y1": {
        "em": 0.5,
        "contains_gt": 0.5,
        "f1": 0.5
      },
      "X2_Y2": {
        "em": 0.75,
        "contains_gt": 0.75,
        "f1": 0.75
      },
      "X4_Y1": {
        "em": 0.6,
        "contains_gt": 0.6,
        "f1": 0.6
      },
      "X4_Y3": {
        "em": 0.0,
        "contains_gt": 0.0,
        "f1": 0.0
      },
      "X1_Y1": {
        "em": 1.0,
        "contains_gt": 1.0,
        "f1": 1.0
      }
    },
    "mcq_count": 65,
    "mcq_valid_rate": 1.0,
    "mcq_overall": {
      "em": 0.8,
      "contains_gt": 0.8,
      "f1": 0.8
    }
  },
  "method_runtime": {
    "method_modality": "multimodal",
    "history_source": "clue_only",
    "captions_loaded": false,
    "images_loaded": true,
    "history_turns_after_truncation": 2
  }
}