{
  "task_name": "personal_health_dashboard_assistant_open",
  "model_name": "gpt_4_1_nano",
  "model_path": "gpt-4.1-nano",
  "method_name": "mirix",
  "base_method_name": "mirix",
  "method_modality": "",
  "mode": "open",
  "num_qas": 51,
  "num_qas_run": 51,
  "dialog_json": "/Users/qingyuejiao/Desktop/MemoryBench/Benchmark_Pipeline/data/dialog/Personal_Health_Dashboard_Assistant_Open.json",
  "image_root": "/Users/qingyuejiao/Desktop/MemoryBench/Benchmark_Pipeline/data/image",
  "run_dir": "/Users/qingyuejiao/Desktop/MemoryBench/Benchmark_Pipeline/runs/personal_health_dashboard_assistant_open/20260428_034511_gpt_4_1_nano_mirix",
  "git_commit": "19208b4d7805b574b0ac0a5b3894a8403f734e9b",
  "summary": {
    "open_count": 51,
    "overall": {
      "em": 0.0,
      "contains_gt": 0.21568627450980393,
      "f1": 0.05040491667965147,
      "bleu": 0.00869578322797729,
      "bleu_1": 0.02703070677596186,
      "bleu_2": 0.017231530921473576,
      "judge": 0.08823529411764706
    },
    "by_x": {
      "X4": {
        "em": 0.0,
        "contains_gt": 0.20454545454545456,
        "f1": 0.04951862557678864,
        "bleu": 0.009296674066550098,
        "bleu_1": 0.02722330238257532,
        "bleu_2": 0.017948792212519105,
        "judge": 0.10227272727272728
      },
      "X2": {
        "em": 0.0,
        "contains_gt": 0.5,
        "f1": 0.03785714285714285,
        "bleu": 0.003813584036720474,
        "bleu_1": 0.019675925925925923,
        "bleu_2": 0.014052404891510535,
        "judge": 0.0
      },
      "X1": {
        "em": 0.0,
        "contains_gt": 0.0,
        "f1": 0.08013421795165103,
        "bleu": 0.006392316517251856,
        "bleu_1": 0.034012345679012346,
        "bleu_2": 0.010950533359423214,
        "judge": 0.0
      }
    },
    "by_y": {
      "Y2": {
        "em": 0.0,
        "contains_gt": 0.22727272727272727,
        "f1": 0.04411046231148252,
        "bleu": 0.006903821523681849,
        "bleu_1": 0.023833615470161135,
        "bleu_2": 0.015113429316594087,
        "judge": 0.09090909090909091
      },
      "Y3": {
        "em": 0.0,
        "contains_gt": 0.16666666666666666,
        "f1": 0.08274284593727677,
        "bleu": 0.022023511059946918,
        "bleu_1": 0.04831449414782748,
        "bleu_2": 0.0334845404296091,
        "judge": 0.08333333333333333
      },
      "Y1": {
        "em": 0.0,
        "contains_gt": 0.0,
        "f1": 0.13333333333333333,
        "bleu": 0.007575731225158965,
        "bleu_1": 0.04000000000000001,
        "bleu_2": 0.012909944487358061,
        "judge": 0.0
      }
    },
    "by_cell": {
      "X4_Y2": {
        "em": 0.0,
        "contains_gt": 0.2,
        "f1": 0.04473579425691649,
        "bleu": 0.007212845272377986,
        "bleu_1": 0.024249384424584654,
        "bleu_2": 0.015219531759102442,
        "judge": 0.1
      },
      "X4_Y3": {
        "em": 0.0,
        "contains_gt": 0.25,
        "f1": 0.0973469387755102,
        "bleu": 0.030134962008271225,
        "bleu_1": 0.056962481962481964,
        "bleu_2": 0.04524139674668575,
        "judge": 0.125
      },
      "X2_Y2": {
        "em": 0.0,
        "contains_gt": 0.5,
        "f1": 0.03785714285714285,
        "bleu": 0.003813584036720474,
        "bleu_1": 0.019675925925925923,
        "bleu_2": 0.014052404891510535,
        "judge": 0.0
      },
      "X1_Y3": {
        "em": 0.0,
        "contains_gt": 0.0,
        "f1": 0.053534660260809885,
        "bleu": 0.005800609163298302,
        "bleu_1": 0.031018518518518518,
        "bleu_2": 0.00997082779545579,
        "judge": 0.0
      },
      "X1_Y1": {
        "em": 0.0,
        "contains_gt": 0.0,
        "f1": 0.13333333333333333,
        "bleu": 0.007575731225158965,
        "bleu_1": 0.04000000000000001,
        "bleu_2": 0.012909944487358061,
        "judge": 0.0
      }
    }
  },
  "method_runtime": {
    "official_mirix": true,
    "official_model_name": "gpt-4.1-nano",
    "ingested_turns": 194,
    "runtime_signature": "761b574bdd0a4c63",
    "runtime_dir": "/Users/qingyuejiao/Desktop/MemoryBench/Benchmark_Pipeline/runs/personal_health_dashboard_assistant/mirix/761b574bdd0a4c63",
    "runtime_home": "/Users/qingyuejiao/Desktop/MemoryBench/Benchmark_Pipeline/runs/personal_health_dashboard_assistant/mirix/761b574bdd0a4c63/runtime_home",
    "debug_dir": "/Users/qingyuejiao/Desktop/MemoryBench/Benchmark_Pipeline/output/personal_health_dashboard_assistant/mirix/761b574bdd0a4c63",
    "resumed": true,
    "completed_ingestion": true
  },
  "judge_model": "gpt-5.2",
  "judge_rescored_from_predictions": true
}
