{
  "task_name": "comic_reading_companion",
  "model_name": "qwen3_vl_8b_openrouter",
  "model_path": "qwen/qwen3-vl-8b-instruct",
  "method_name": "reflexion",
  "base_method_name": "reflexion",
  "method_modality": "",
  "mode": "mcq",
  "num_qas": 52,
  "num_qas_run": 52,
  "dialog_json": "/common/home/mg1998/MemoryBench/Benchmark_Pipeline/data/dialog/Comic_Reading_Companion.json",
  "image_root": "/common/home/mg1998/MemoryBench/Benchmark_Pipeline/data/image",
  "run_dir": "/common/home/mg1998/MemoryBench/Benchmark_Pipeline/runs/comic_reading_companion/20260418_045601_qwen3_vl_8b_openrouter_reflexion",
  "git_commit": "098e1cd297db81f969cb6d0b30fdf861a1fe20aa",
  "summary": {
    "open_count": 52,
    "overall": {
      "em": 0.7115384615384616,
      "contains_gt": 0.7115384615384616,
      "f1": 0.7115384615384616
    },
    "by_x": {
      "X1": {
        "em": 0.7368421052631579,
        "contains_gt": 0.7368421052631579,
        "f1": 0.7368421052631579
      },
      "X4": {
        "em": 0.6470588235294118,
        "contains_gt": 0.6470588235294118,
        "f1": 0.6470588235294118
      },
      "X2": {
        "em": 0.7272727272727273,
        "contains_gt": 0.7272727272727273,
        "f1": 0.7272727272727273
      },
      "X3": {
        "em": 0.8,
        "contains_gt": 0.8,
        "f1": 0.8
      }
    },
    "by_y": {
      "Y2": {
        "em": 0.7037037037037037,
        "contains_gt": 0.7037037037037037,
        "f1": 0.7037037037037037
      },
      "Y1": {
        "em": 0.6842105263157895,
        "contains_gt": 0.6842105263157895,
        "f1": 0.6842105263157895
      },
      "Y3": {
        "em": 0.8333333333333334,
        "contains_gt": 0.8333333333333334,
        "f1": 0.8333333333333334
      }
    },
    "by_cell": {
      "X1_Y2": {
        "em": 0.6923076923076923,
        "contains_gt": 0.6923076923076923,
        "f1": 0.6923076923076923
      },
      "X4_Y2": {
        "em": 0.5714285714285714,
        "contains_gt": 0.5714285714285714,
        "f1": 0.5714285714285714
      },
      "X4_Y1": {
        "em": 0.625,
        "contains_gt": 0.625,
        "f1": 0.625
      },
      "X2_Y1": {
        "em": 0.6,
        "contains_gt": 0.6,
        "f1": 0.6
      },
      "X1_Y1": {
        "em": 1.0,
        "contains_gt": 1.0,
        "f1": 1.0
      },
      "X1_Y3": {
        "em": 0.75,
        "contains_gt": 0.75,
        "f1": 0.75
      },
      "X4_Y3": {
        "em": 1.0,
        "contains_gt": 1.0,
        "f1": 1.0
      },
      "X2_Y2": {
        "em": 0.8333333333333334,
        "contains_gt": 0.8333333333333334,
        "f1": 0.8333333333333334
      },
      "X3_Y1": {
        "em": 0.75,
        "contains_gt": 0.75,
        "f1": 0.75
      },
      "X3_Y2": {
        "em": 1.0,
        "contains_gt": 1.0,
        "f1": 1.0
      }
    },
    "mcq_count": 52,
    "mcq_valid_rate": 1.0,
    "mcq_overall": {
      "em": 0.7115384615384616,
      "contains_gt": 0.7115384615384616,
      "f1": 0.7115384615384616
    }
  },
  "method_runtime": {
    "num_memories": 109,
    "debug_dir": "/common/home/mg1998/MemoryBench/output/comic_reading_companion/reflexion"
  }
}