{
  "task_name": "card_playlog_test",
  "model_name": "qwen3_vl_8b_openrouter",
  "model_path": "qwen/qwen3-vl-8b-instruct",
  "method_name": "m2a",
  "base_method_name": "m2a",
  "method_modality": "",
  "mode": "mcq",
  "num_qas": 48,
  "num_qas_run": 48,
  "dialog_json": "/common/home/mg1998/MemoryBench/Benchmark_Pipeline/data/dialog/Card_Playlog_Test.json",
  "image_root": "/common/home/mg1998/MemoryBench/Benchmark_Pipeline/data/image",
  "run_dir": "/common/home/mg1998/MemoryBench/Benchmark_Pipeline/runs/card_playlog_test/20260420_201016_qwen3_vl_8b_openrouter_m2a",
  "git_commit": "e3df13f29ca74b06578be06696cb2ed6310a339b",
  "summary": {
    "open_count": 48,
    "overall": {
      "em": 0.3333333333333333,
      "contains_gt": 0.3333333333333333,
      "f1": 0.3333333333333333
    },
    "by_x": {
      "X4": {
        "em": 0.3333333333333333,
        "contains_gt": 0.3333333333333333,
        "f1": 0.3333333333333333
      }
    },
    "by_y": {
      "Y3": {
        "em": 0.2631578947368421,
        "contains_gt": 0.2631578947368421,
        "f1": 0.2631578947368421
      },
      "Y2": {
        "em": 0.3793103448275862,
        "contains_gt": 0.3793103448275862,
        "f1": 0.3793103448275862
      }
    },
    "by_cell": {
      "X4_Y3": {
        "em": 0.2631578947368421,
        "contains_gt": 0.2631578947368421,
        "f1": 0.2631578947368421
      },
      "X4_Y2": {
        "em": 0.3793103448275862,
        "contains_gt": 0.3793103448275862,
        "f1": 0.3793103448275862
      }
    },
    "mcq_count": 48,
    "mcq_valid_rate": 1.0,
    "mcq_overall": {
      "em": 0.3333333333333333,
      "contains_gt": 0.3333333333333333,
      "f1": 0.3333333333333333
    }
  }
}