{
  "task_name": "brand_memory_test",
  "model_name": "qwen3_vl_8b_openrouter",
  "model_path": "qwen/qwen3-vl-8b-instruct",
  "method_name": "clue_only_context__text_only",
  "base_method_name": "clue_only_context",
  "method_modality": "text_only",
  "mode": "mcq",
  "num_qas": 33,
  "num_qas_run": 33,
  "dialog_json": "/common/home/mg1998/MemoryBench/Benchmark_Pipeline/data/dialog/Brand_Memory_Test.json",
  "image_root": "/common/home/mg1998/MemoryBench/Benchmark_Pipeline/data/image",
  "run_dir": "/common/home/mg1998/MemoryBench/Benchmark_Pipeline/runs/brand_memory_test/20260422_013842_qwen3_vl_8b_openrouter_clue_only_context__text_only",
  "git_commit": "ade7dbe9a9e8626e08575af59791ee619bedb592",
  "summary": {
    "open_count": 33,
    "overall": {
      "em": 0.5757575757575758,
      "contains_gt": 0.5757575757575758,
      "f1": 0.5757575757575758
    },
    "by_x": {
      "X2": {
        "em": 0.7777777777777778,
        "contains_gt": 0.7777777777777778,
        "f1": 0.7777777777777778
      },
      "X4": {
        "em": 1.0,
        "contains_gt": 1.0,
        "f1": 1.0
      },
      "X1": {
        "em": 0.45454545454545453,
        "contains_gt": 0.45454545454545453,
        "f1": 0.45454545454545453
      }
    },
    "by_y": {
      "Y1": {
        "em": 0.6666666666666666,
        "contains_gt": 0.6666666666666666,
        "f1": 0.6666666666666666
      },
      "Y2": {
        "em": 0.5666666666666667,
        "contains_gt": 0.5666666666666667,
        "f1": 0.5666666666666667
      }
    },
    "by_cell": {
      "X2_Y1": {
        "em": 0.0,
        "contains_gt": 0.0,
        "f1": 0.0
      },
      "X4_Y1": {
        "em": 1.0,
        "contains_gt": 1.0,
        "f1": 1.0
      },
      "X2_Y2": {
        "em": 0.875,
        "contains_gt": 0.875,
        "f1": 0.875
      },
      "X1_Y2": {
        "em": 0.42857142857142855,
        "contains_gt": 0.42857142857142855,
        "f1": 0.42857142857142855
      },
      "X4_Y2": {
        "em": 1.0,
        "contains_gt": 1.0,
        "f1": 1.0
      },
      "X1_Y1": {
        "em": 1.0,
        "contains_gt": 1.0,
        "f1": 1.0
      }
    },
    "mcq_count": 33,
    "mcq_valid_rate": 1.0,
    "mcq_overall": {
      "em": 0.5757575757575758,
      "contains_gt": 0.5757575757575758,
      "f1": 0.5757575757575758
    }
  },
  "method_runtime": {
    "caption_validation_passed": true,
    "caption_validation_round_count": 30,
    "method_modality": "text_only",
    "history_source": "clue_only",
    "captions_loaded": true,
    "images_loaded": false,
    "history_turns_after_truncation": 2
  }
}