{
  "task_name": "visual_entertainment_companion_open_cross",
  "model_name": "qwen3_vl_8b_openrouter",
  "model_path": "qwen/qwen3-vl-8b-instruct",
  "method_name": "mma",
  "base_method_name": "mma",
  "method_modality": "",
  "mode": "open",
  "num_qas": 8,
  "num_qas_run": 8,
  "dialog_json": "/common/home/mg1998/MemoryBench/Benchmark_Pipeline/data/dialog/Visual_Entertainment_Companion_Open_Cross.json",
  "image_root": "/common/home/mg1998/.cache/memeye_hf/MemEye/data/image",
  "run_dir": "/common/home/mg1998/MemoryBench/Benchmark_Pipeline/runs/visual_entertainment_companion_open_cross/20260419_223323_qwen3_vl_8b_openrouter_mma",
  "git_commit": "2ede73a357fc683261e8335004aafee97dabd948",
  "summary": {
    "open_count": 8,
    "overall": {
      "em": 0.0,
      "contains_gt": 0.0,
      "f1": 0.31319454565317667,
      "bleu": 0.04173463677257703,
      "bleu_1": 0.2165455146877843,
      "bleu_2": 0.11933128622861708
    },
    "by_x": {
      "X4": {
        "em": 0.0,
        "contains_gt": 0.0,
        "f1": 0.37600288933622267,
        "bleu": 0.05891820590443138,
        "bleu_1": 0.24777798460028072,
        "bleu_2": 0.14488016901177814
      },
      "X3": {
        "em": 0.0,
        "contains_gt": 0.0,
        "f1": 0.1901294498381877,
        "bleu": 0.012624198613961503,
        "bleu_1": 0.18192116991889823,
        "bleu_2": 0.08828837889602463
      },
      "X2": {
        "em": 0.0,
        "contains_gt": 0.0,
        "f1": 0.2452830188679245,
        "bleu": 0.014037667430536322,
        "bleu_1": 0.1296318546630743,
        "bleu_2": 0.053672686977996674
      }
    },
    "by_y": {
      "Y2": {
        "em": 0.0,
        "contains_gt": 0.0,
        "f1": 0.31319454565317667,
        "bleu": 0.04173463677257703,
        "bleu_1": 0.2165455146877843,
        "bleu_2": 0.11933128622861708
      }
    },
    "by_cell": {
      "X4_Y2": {
        "em": 0.0,
        "contains_gt": 0.0,
        "f1": 0.37600288933622267,
        "bleu": 0.05891820590443138,
        "bleu_1": 0.24777798460028072,
        "bleu_2": 0.14488016901177814
      },
      "X3_Y2": {
        "em": 0.0,
        "contains_gt": 0.0,
        "f1": 0.1901294498381877,
        "bleu": 0.012624198613961503,
        "bleu_1": 0.18192116991889823,
        "bleu_2": 0.08828837889602463
      },
      "X2_Y2": {
        "em": 0.0,
        "contains_gt": 0.0,
        "f1": 0.2452830188679245,
        "bleu": 0.014037667430536322,
        "bleu_1": 0.1296318546630743,
        "bleu_2": 0.053672686977996674
      }
    }
  }
}