{
  "task_name": "cartoon_entertainment_companion",
  "model_name": "qwen3_vl_8b_openrouter",
  "model_path": "qwen/qwen3-vl-8b-instruct",
  "method_name": "full_context_text_only",
  "base_method_name": "full_context_text_only",
  "method_modality": "",
  "mode": "mcq",
  "num_qas": 112,
  "num_qas_run": 112,
  "dialog_json": "/common/home/mg1998/MemoryBench/Benchmark_Pipeline/data/dialog/Cartoon_Entertainment_Companion.json",
  "image_root": "/common/home/mg1998/.cache/memeye_hf/MemEye/data/image",
  "run_dir": "/common/home/mg1998/MemoryBench/Benchmark_Pipeline/runs/cartoon_entertainment_companion/20260420_095220_qwen3_vl_8b_openrouter_full_context_text_only",
  "git_commit": "5764ee38af5eec9e17baf120735c17bef8c995b5",
  "summary": {
    "open_count": 112,
    "overall": {
      "em": 0.6875,
      "contains_gt": 0.6875,
      "f1": 0.6875
    },
    "by_x": {
      "X3": {
        "em": 0.5555555555555556,
        "contains_gt": 0.5555555555555556,
        "f1": 0.5555555555555556
      },
      "X4": {
        "em": 0.7222222222222222,
        "contains_gt": 0.7222222222222222,
        "f1": 0.7222222222222222
      },
      "X2": {
        "em": 0.7142857142857143,
        "contains_gt": 0.7142857142857143,
        "f1": 0.7142857142857143
      },
      "X1": {
        "em": 0.7619047619047619,
        "contains_gt": 0.7619047619047619,
        "f1": 0.7619047619047619
      }
    },
    "by_y": {
      "Y1": {
        "em": 0.7441860465116279,
        "contains_gt": 0.7441860465116279,
        "f1": 0.7441860465116279
      },
      "Y2": {
        "em": 0.6379310344827587,
        "contains_gt": 0.6379310344827587,
        "f1": 0.6379310344827587
      },
      "Y3": {
        "em": 0.7272727272727273,
        "contains_gt": 0.7272727272727273,
        "f1": 0.7272727272727273
      }
    },
    "by_cell": {
      "X3_Y1": {
        "em": 0.6428571428571429,
        "contains_gt": 0.6428571428571429,
        "f1": 0.6428571428571429
      },
      "X4_Y2": {
        "em": 0.6153846153846154,
        "contains_gt": 0.6153846153846154,
        "f1": 0.6153846153846154
      },
      "X2_Y2": {
        "em": 0.6842105263157895,
        "contains_gt": 0.6842105263157895,
        "f1": 0.6842105263157895
      },
      "X3_Y2": {
        "em": 0.46153846153846156,
        "contains_gt": 0.46153846153846156,
        "f1": 0.46153846153846156
      },
      "X2_Y1": {
        "em": 0.7142857142857143,
        "contains_gt": 0.7142857142857143,
        "f1": 0.7142857142857143
      },
      "X4_Y1": {
        "em": 0.7777777777777778,
        "contains_gt": 0.7777777777777778,
        "f1": 0.7777777777777778
      },
      "X1_Y1": {
        "em": 1.0,
        "contains_gt": 1.0,
        "f1": 1.0
      },
      "X4_Y3": {
        "em": 0.8,
        "contains_gt": 0.8,
        "f1": 0.8
      },
      "X2_Y3": {
        "em": 1.0,
        "contains_gt": 1.0,
        "f1": 1.0
      },
      "X1_Y2": {
        "em": 0.7692307692307693,
        "contains_gt": 0.7692307692307693,
        "f1": 0.7692307692307693
      },
      "X1_Y3": {
        "em": 0.5,
        "contains_gt": 0.5,
        "f1": 0.5
      }
    },
    "mcq_count": 112,
    "mcq_valid_rate": 1.0,
    "mcq_overall": {
      "em": 0.6875,
      "contains_gt": 0.6875,
      "f1": 0.6875
    }
  },
  "method_runtime": {
    "caption_validation_passed": true,
    "caption_validation_round_count": 87,
    "method_modality": "text_only",
    "history_source": "full_context",
    "captions_loaded": true,
    "images_loaded": false,
    "history_turns_after_truncation": 598,
    "history_turns_before_truncation": 598
  }
}