{
  "task_name": "home_renovation_interior_design",
  "model_name": "qwen3_vl_8b_openrouter",
  "model_path": "qwen/qwen3-vl-8b-instruct",
  "method_name": "clue_only_context__text_only",
  "base_method_name": "clue_only_context",
  "method_modality": "text_only",
  "mode": "mcq",
  "num_qas": 65,
  "num_qas_run": 65,
  "dialog_json": "/common/home/mg1998/MemoryBench/Benchmark_Pipeline/data/dialog/Home_Renovation_Interior_Design.json",
  "image_root": "/common/home/mg1998/MemoryBench/Benchmark_Pipeline/data/image",
  "run_dir": "/common/home/mg1998/MemoryBench/Benchmark_Pipeline/runs/home_renovation_interior_design/20260422_121150_qwen3_vl_8b_openrouter_clue_only_context__text_only",
  "git_commit": "d2f4f8977d4f5eed60bc84b41f08e49698c60c48",
  "summary": {
    "open_count": 65,
    "overall": {
      "em": 0.36923076923076925,
      "contains_gt": 0.36923076923076925,
      "f1": 0.36923076923076925
    },
    "by_x": {
      "X4": {
        "em": 0.375,
        "contains_gt": 0.375,
        "f1": 0.375
      },
      "X3": {
        "em": 0.3023255813953488,
        "contains_gt": 0.3023255813953488,
        "f1": 0.3023255813953488
      },
      "X2": {
        "em": 0.5384615384615384,
        "contains_gt": 0.5384615384615384,
        "f1": 0.5384615384615384
      },
      "X1": {
        "em": 1.0,
        "contains_gt": 1.0,
        "f1": 1.0
      }
    },
    "by_y": {
      "Y2": {
        "em": 0.4375,
        "contains_gt": 0.4375,
        "f1": 0.4375
      },
      "Y1": {
        "em": 0.3111111111111111,
        "contains_gt": 0.3111111111111111,
        "f1": 0.3111111111111111
      },
      "Y3": {
        "em": 0.75,
        "contains_gt": 0.75,
        "f1": 0.75
      }
    },
    "by_cell": {
      "X4_Y2": {
        "em": 0.0,
        "contains_gt": 0.0,
        "f1": 0.0
      },
      "X3_Y2": {
        "em": 0.5,
        "contains_gt": 0.5,
        "f1": 0.5
      },
      "X3_Y1": {
        "em": 0.2702702702702703,
        "contains_gt": 0.2702702702702703,
        "f1": 0.2702702702702703
      },
      "X2_Y3": {
        "em": 0.6666666666666666,
        "contains_gt": 0.6666666666666666,
        "f1": 0.6666666666666666
      },
      "X2_Y1": {
        "em": 0.5,
        "contains_gt": 0.5,
        "f1": 0.5
      },
      "X2_Y2": {
        "em": 0.5,
        "contains_gt": 0.5,
        "f1": 0.5
      },
      "X4_Y1": {
        "em": 0.4,
        "contains_gt": 0.4,
        "f1": 0.4
      },
      "X4_Y3": {
        "em": 1.0,
        "contains_gt": 1.0,
        "f1": 1.0
      },
      "X1_Y1": {
        "em": 1.0,
        "contains_gt": 1.0,
        "f1": 1.0
      }
    },
    "mcq_count": 65,
    "mcq_valid_rate": 1.0,
    "mcq_overall": {
      "em": 0.36923076923076925,
      "contains_gt": 0.36923076923076925,
      "f1": 0.36923076923076925
    }
  },
  "method_runtime": {
    "caption_validation_passed": true,
    "caption_validation_round_count": 89,
    "method_modality": "text_only",
    "history_source": "clue_only",
    "captions_loaded": true,
    "images_loaded": false,
    "history_turns_after_truncation": 2
  }
}