{
  "task_name": "card_playlog_test",
  "model_name": "qwen3_vl_8b_openrouter",
  "model_path": "qwen/qwen3-vl-8b-instruct",
  "method_name": "reflexion",
  "base_method_name": "reflexion",
  "method_modality": "",
  "mode": "mcq",
  "num_qas": 48,
  "num_qas_run": 48,
  "dialog_json": "/common/home/mg1998/.cache/memeye_hf/MemEye/data/dialog/Card_Playlog_Test.json",
  "image_root": "/common/home/mg1998/.cache/memeye_hf/MemEye/data/image",
  "run_dir": "/common/home/mg1998/MemoryBench/Benchmark_Pipeline/runs/card_playlog_test/20260418_045312_qwen3_vl_8b_openrouter_reflexion",
  "git_commit": "098e1cd297db81f969cb6d0b30fdf861a1fe20aa",
  "summary": {
    "open_count": 48,
    "overall": {
      "em": 0.3125,
      "contains_gt": 0.3125,
      "f1": 0.3125
    },
    "by_x": {
      "X4": {
        "em": 0.3125,
        "contains_gt": 0.3125,
        "f1": 0.3125
      }
    },
    "by_y": {
      "Y3": {
        "em": 0.2631578947368421,
        "contains_gt": 0.2631578947368421,
        "f1": 0.2631578947368421
      },
      "Y2": {
        "em": 0.3448275862068966,
        "contains_gt": 0.3448275862068966,
        "f1": 0.3448275862068966
      }
    },
    "by_cell": {
      "X4_Y3": {
        "em": 0.2631578947368421,
        "contains_gt": 0.2631578947368421,
        "f1": 0.2631578947368421
      },
      "X4_Y2": {
        "em": 0.3448275862068966,
        "contains_gt": 0.3448275862068966,
        "f1": 0.3448275862068966
      }
    },
    "mcq_count": 48,
    "mcq_valid_rate": 1.0,
    "mcq_overall": {
      "em": 0.3125,
      "contains_gt": 0.3125,
      "f1": 0.3125
    }
  },
  "method_runtime": {
    "num_memories": 30,
    "debug_dir": "/common/home/mg1998/MemoryBench/output/card_playlog_test/reflexion"
  }
}