{
  "task_name": "home_renovation_interior_design",
  "model_name": "qwen3_vl_8b_openrouter",
  "model_path": "qwen/qwen3-vl-8b-instruct",
  "method_name": "clue_only_context__multimodal",
  "base_method_name": "clue_only_context",
  "method_modality": "multimodal",
  "mode": "mcq",
  "num_qas": 65,
  "num_qas_run": 65,
  "dialog_json": "/common/home/mg1998/MemoryBench/Benchmark_Pipeline/data/dialog/Home_Renovation_Interior_Design.json",
  "image_root": "/common/home/mg1998/MemoryBench/Benchmark_Pipeline/data/image",
  "run_dir": "/common/home/mg1998/MemoryBench/Benchmark_Pipeline/runs/home_renovation_interior_design/20260422_014951_qwen3_vl_8b_openrouter_clue_only_context__multimodal",
  "git_commit": "ade7dbe9a9e8626e08575af59791ee619bedb592",
  "summary": {
    "open_count": 65,
    "overall": {
      "em": 0.8923076923076924,
      "contains_gt": 0.8923076923076924,
      "f1": 0.8923076923076924
    },
    "by_x": {
      "X4": {
        "em": 0.625,
        "contains_gt": 0.625,
        "f1": 0.625
      },
      "X3": {
        "em": 0.9302325581395349,
        "contains_gt": 0.9302325581395349,
        "f1": 0.9302325581395349
      },
      "X2": {
        "em": 0.9230769230769231,
        "contains_gt": 0.9230769230769231,
        "f1": 0.9230769230769231
      },
      "X1": {
        "em": 1.0,
        "contains_gt": 1.0,
        "f1": 1.0
      }
    },
    "by_y": {
      "Y2": {
        "em": 0.8125,
        "contains_gt": 0.8125,
        "f1": 0.8125
      },
      "Y1": {
        "em": 0.9111111111111111,
        "contains_gt": 0.9111111111111111,
        "f1": 0.9111111111111111
      },
      "Y3": {
        "em": 1.0,
        "contains_gt": 1.0,
        "f1": 1.0
      }
    },
    "by_cell": {
      "X4_Y2": {
        "em": 0.0,
        "contains_gt": 0.0,
        "f1": 0.0
      },
      "X3_Y2": {
        "em": 1.0,
        "contains_gt": 1.0,
        "f1": 1.0
      },
      "X3_Y1": {
        "em": 0.918918918918919,
        "contains_gt": 0.918918918918919,
        "f1": 0.918918918918919
      },
      "X2_Y3": {
        "em": 1.0,
        "contains_gt": 1.0,
        "f1": 1.0
      },
      "X2_Y1": {
        "em": 1.0,
        "contains_gt": 1.0,
        "f1": 1.0
      },
      "X2_Y2": {
        "em": 0.875,
        "contains_gt": 0.875,
        "f1": 0.875
      },
      "X4_Y1": {
        "em": 0.8,
        "contains_gt": 0.8,
        "f1": 0.8
      },
      "X4_Y3": {
        "em": 1.0,
        "contains_gt": 1.0,
        "f1": 1.0
      },
      "X1_Y1": {
        "em": 1.0,
        "contains_gt": 1.0,
        "f1": 1.0
      }
    },
    "mcq_count": 65,
    "mcq_valid_rate": 1.0,
    "mcq_overall": {
      "em": 0.8923076923076924,
      "contains_gt": 0.8923076923076924,
      "f1": 0.8923076923076924
    }
  },
  "method_runtime": {
    "method_modality": "multimodal",
    "history_source": "clue_only",
    "captions_loaded": false,
    "images_loaded": true,
    "history_turns_after_truncation": 2
  }
}