{
  "task_name": "social_chat_memory_test",
  "model_name": "qwen3_vl_8b_openrouter",
  "model_path": "qwen/qwen3-vl-8b-instruct",
  "method_name": "m2a",
  "base_method_name": "m2a",
  "method_modality": "",
  "mode": "mcq",
  "num_qas": 44,
  "num_qas_run": 44,
  "dialog_json": "/common/home/mg1998/MemoryBench/Benchmark_Pipeline/data/dialog/Social_Chat_Memory_Test.json",
  "image_root": "/common/home/mg1998/MemoryBench/Benchmark_Pipeline/data/image",
  "run_dir": "/common/home/mg1998/MemoryBench/Benchmark_Pipeline/runs/social_chat_memory_test/20260418_054103_qwen3_vl_8b_openrouter_m2a",
  "git_commit": "098e1cd297db81f969cb6d0b30fdf861a1fe20aa",
  "summary": {
    "open_count": 44,
    "overall": {
      "em": 0.5681818181818182,
      "contains_gt": 0.5681818181818182,
      "f1": 0.5681818181818182
    },
    "by_x": {
      "X2": {
        "em": 0.6111111111111112,
        "contains_gt": 0.6111111111111112,
        "f1": 0.6111111111111112
      },
      "X1": {
        "em": 0.4,
        "contains_gt": 0.4,
        "f1": 0.4
      },
      "X3": {
        "em": 0.5,
        "contains_gt": 0.5,
        "f1": 0.5
      },
      "X4": {
        "em": 0.0,
        "contains_gt": 0.0,
        "f1": 0.0
      }
    },
    "by_y": {
      "Y2": {
        "em": 0.5333333333333333,
        "contains_gt": 0.5333333333333333,
        "f1": 0.5333333333333333
      },
      "Y3": {
        "em": 0.625,
        "contains_gt": 0.625,
        "f1": 0.625
      },
      "Y1": {
        "em": 0.6666666666666666,
        "contains_gt": 0.6666666666666666,
        "f1": 0.6666666666666666
      }
    },
    "by_cell": {
      "X2_Y2": {
        "em": 0.5925925925925926,
        "contains_gt": 0.5925925925925926,
        "f1": 0.5925925925925926
      },
      "X2_Y3": {
        "em": 0.6666666666666666,
        "contains_gt": 0.6666666666666666,
        "f1": 0.6666666666666666
      },
      "X2_Y1": {
        "em": 0.6666666666666666,
        "contains_gt": 0.6666666666666666,
        "f1": 0.6666666666666666
      },
      "X1_Y1": {
        "em": 0.5,
        "contains_gt": 0.5,
        "f1": 0.5
      },
      "X1_Y2": {
        "em": 0.0,
        "contains_gt": 0.0,
        "f1": 0.0
      },
      "X3_Y1": {
        "em": 1.0,
        "contains_gt": 1.0,
        "f1": 1.0
      },
      "X3_Y2": {
        "em": 0.0,
        "contains_gt": 0.0,
        "f1": 0.0
      },
      "X4_Y2": {
        "em": 0.0,
        "contains_gt": 0.0,
        "f1": 0.0
      },
      "X1_Y3": {
        "em": 0.5,
        "contains_gt": 0.5,
        "f1": 0.5
      }
    },
    "mcq_count": 44,
    "mcq_valid_rate": 1.0,
    "mcq_overall": {
      "em": 0.5681818181818182,
      "contains_gt": 0.5681818181818182,
      "f1": 0.5681818181818182
    }
  }
}