{
  "task_name": "cartoon_entertainment_companion",
  "model_name": "qwen3_vl_8b_openrouter",
  "model_path": "qwen/qwen3-vl-8b-instruct",
  "method_name": "semantic_rag_text_only",
  "base_method_name": "semantic_rag_text_only",
  "method_modality": "",
  "mode": "mcq",
  "num_qas": 112,
  "num_qas_run": 112,
  "dialog_json": "/common/home/mg1998/MemoryBench/Benchmark_Pipeline/data/dialog/Cartoon_Entertainment_Companion.json",
  "image_root": "/common/home/mg1998/.cache/memeye_hf/MemEye/data/image",
  "run_dir": "/common/home/mg1998/MemoryBench/Benchmark_Pipeline/runs/cartoon_entertainment_companion/20260420_095418_qwen3_vl_8b_openrouter_semantic_rag_text_only",
  "git_commit": "5764ee38af5eec9e17baf120735c17bef8c995b5",
  "summary": {
    "open_count": 112,
    "overall": {
      "em": 0.625,
      "contains_gt": 0.625,
      "f1": 0.625
    },
    "by_x": {
      "X3": {
        "em": 0.48148148148148145,
        "contains_gt": 0.48148148148148145,
        "f1": 0.48148148148148145
      },
      "X4": {
        "em": 0.6388888888888888,
        "contains_gt": 0.6388888888888888,
        "f1": 0.6388888888888888
      },
      "X2": {
        "em": 0.6785714285714286,
        "contains_gt": 0.6785714285714286,
        "f1": 0.6785714285714286
      },
      "X1": {
        "em": 0.7142857142857143,
        "contains_gt": 0.7142857142857143,
        "f1": 0.7142857142857143
      }
    },
    "by_y": {
      "Y1": {
        "em": 0.7209302325581395,
        "contains_gt": 0.7209302325581395,
        "f1": 0.7209302325581395
      },
      "Y2": {
        "em": 0.5344827586206896,
        "contains_gt": 0.5344827586206896,
        "f1": 0.5344827586206896
      },
      "Y3": {
        "em": 0.7272727272727273,
        "contains_gt": 0.7272727272727273,
        "f1": 0.7272727272727273
      }
    },
    "by_cell": {
      "X3_Y1": {
        "em": 0.6428571428571429,
        "contains_gt": 0.6428571428571429,
        "f1": 0.6428571428571429
      },
      "X4_Y2": {
        "em": 0.46153846153846156,
        "contains_gt": 0.46153846153846156,
        "f1": 0.46153846153846156
      },
      "X2_Y2": {
        "em": 0.631578947368421,
        "contains_gt": 0.631578947368421,
        "f1": 0.631578947368421
      },
      "X3_Y2": {
        "em": 0.3076923076923077,
        "contains_gt": 0.3076923076923077,
        "f1": 0.3076923076923077
      },
      "X2_Y1": {
        "em": 0.7142857142857143,
        "contains_gt": 0.7142857142857143,
        "f1": 0.7142857142857143
      },
      "X4_Y1": {
        "em": 0.7222222222222222,
        "contains_gt": 0.7222222222222222,
        "f1": 0.7222222222222222
      },
      "X1_Y1": {
        "em": 1.0,
        "contains_gt": 1.0,
        "f1": 1.0
      },
      "X4_Y3": {
        "em": 0.8,
        "contains_gt": 0.8,
        "f1": 0.8
      },
      "X2_Y3": {
        "em": 1.0,
        "contains_gt": 1.0,
        "f1": 1.0
      },
      "X1_Y2": {
        "em": 0.6923076923076923,
        "contains_gt": 0.6923076923076923,
        "f1": 0.6923076923076923
      },
      "X1_Y3": {
        "em": 0.5,
        "contains_gt": 0.5,
        "f1": 0.5
      }
    },
    "mcq_count": 112,
    "mcq_valid_rate": 1.0,
    "mcq_overall": {
      "em": 0.625,
      "contains_gt": 0.625,
      "f1": 0.625
    }
  },
  "method_runtime": {
    "retrieval_backend": "dense_text",
    "retrieval_corpus": "round_text",
    "method_modality": "text_only",
    "top_k": 10,
    "neighbor_window": 0,
    "seed_round_ids": [
      "CX10:1",
      "TC3:1",
      "TC6:1",
      "TC1:1",
      "TC8:1",
      "TC2:1",
      "CX6:1",
      "TC4:1",
      "CX4:1",
      "CX15:1"
    ],
    "selected_round_ids": [
      "CX10:1",
      "TC3:1",
      "TC6:1",
      "TC1:1",
      "TC8:1",
      "TC2:1",
      "CX6:1",
      "TC4:1",
      "CX4:1",
      "CX15:1"
    ],
    "top_candidates": [
      {
        "round_id": "CX10:1",
        "score": 0.6603045411801963,
        "text_dense_score": 0.6603045411801963
      },
      {
        "round_id": "TC3:1",
        "score": 0.5241153975658559,
        "text_dense_score": 0.5241153975658559
      },
      {
        "round_id": "TC6:1",
        "score": 0.5226382800000132,
        "text_dense_score": 0.5226382800000132
      },
      {
        "round_id": "TC1:1",
        "score": 0.4941323636659788,
        "text_dense_score": 0.4941323636659788
      },
      {
        "round_id": "TC8:1",
        "score": 0.486093386722056,
        "text_dense_score": 0.486093386722056
      }
    ],
    "clue_hit_count": 2,
    "corpus_entry_count": 299,
    "text_embedding_model": "all-MiniLM-L6-v2",
    "caption_text_included": true,
    "image_embeddings_built": false,
    "history_source": "retrieval",
    "captions_loaded": true,
    "images_loaded": false,
    "history_turns_after_truncation": 20
  }
}