{
  "task_name": "comic_reading_companion",
  "model_name": "qwen3_vl_8b_openrouter",
  "model_path": "qwen/qwen3-vl-8b-instruct",
  "method_name": "semantic_rag_multimodal",
  "base_method_name": "semantic_rag_multimodal",
  "method_modality": "multimodal",
  "mode": "open",
  "num_qas": 52,
  "num_qas_run": 52,
  "dialog_json": "/common/home/mg1998/MemoryBench/Benchmark_Pipeline/data/dialog/Comic_Reading_Companion.json",
  "image_root": "/common/home/mg1998/MemoryBench/Benchmark_Pipeline/data/image",
  "run_dir": "/common/home/mg1998/MemoryBench/Benchmark_Pipeline/runs/comic_reading_companion/20260419_115347_qwen3_vl_8b_openrouter_semantic_rag_multimodal",
  "git_commit": "4c82f93455d1401b3a5d0dc60990f978eb0ff055",
  "summary": {
    "open_count": 52,
    "overall": {
      "em": 0.7692307692307693,
      "contains_gt": 0.7692307692307693,
      "f1": 0.7692307692307693
    },
    "by_x": {
      "X1": {
        "em": 0.7368421052631579,
        "contains_gt": 0.7368421052631579,
        "f1": 0.7368421052631579
      },
      "X4": {
        "em": 0.7647058823529411,
        "contains_gt": 0.7647058823529411,
        "f1": 0.7647058823529411
      },
      "X2": {
        "em": 0.8181818181818182,
        "contains_gt": 0.8181818181818182,
        "f1": 0.8181818181818182
      },
      "X3": {
        "em": 0.8,
        "contains_gt": 0.8,
        "f1": 0.8
      }
    },
    "by_y": {
      "Y2": {
        "em": 0.8148148148148148,
        "contains_gt": 0.8148148148148148,
        "f1": 0.8148148148148148
      },
      "Y1": {
        "em": 0.7894736842105263,
        "contains_gt": 0.7894736842105263,
        "f1": 0.7894736842105263
      },
      "Y3": {
        "em": 0.5,
        "contains_gt": 0.5,
        "f1": 0.5
      }
    },
    "by_cell": {
      "X1_Y2": {
        "em": 0.7692307692307693,
        "contains_gt": 0.7692307692307693,
        "f1": 0.7692307692307693
      },
      "X4_Y2": {
        "em": 0.8571428571428571,
        "contains_gt": 0.8571428571428571,
        "f1": 0.8571428571428571
      },
      "X4_Y1": {
        "em": 0.75,
        "contains_gt": 0.75,
        "f1": 0.75
      },
      "X2_Y1": {
        "em": 0.8,
        "contains_gt": 0.8,
        "f1": 0.8
      },
      "X1_Y1": {
        "em": 1.0,
        "contains_gt": 1.0,
        "f1": 1.0
      },
      "X1_Y3": {
        "em": 0.5,
        "contains_gt": 0.5,
        "f1": 0.5
      },
      "X4_Y3": {
        "em": 0.5,
        "contains_gt": 0.5,
        "f1": 0.5
      },
      "X2_Y2": {
        "em": 0.8333333333333334,
        "contains_gt": 0.8333333333333334,
        "f1": 0.8333333333333334
      },
      "X3_Y1": {
        "em": 0.75,
        "contains_gt": 0.75,
        "f1": 0.75
      },
      "X3_Y2": {
        "em": 1.0,
        "contains_gt": 1.0,
        "f1": 1.0
      }
    },
    "mcq_count": 52,
    "mcq_valid_rate": 1.0,
    "mcq_overall": {
      "em": 0.7692307692307693,
      "contains_gt": 0.7692307692307693,
      "f1": 0.7692307692307693
    }
  },
  "method_runtime": {
    "retrieval_backend": "dense_multimodal",
    "retrieval_corpus": "round_text",
    "method_modality": "multimodal",
    "top_k": 10,
    "neighbor_window": 0,
    "seed_round_ids": [
      "CX10:1",
      "TC3:1",
      "TC2:1",
      "TC1:1",
      "TC8:1",
      "TC6:1",
      "CX6:1",
      "CX4:1",
      "CX15:1",
      "D32:3"
    ],
    "selected_round_ids": [
      "CX10:1",
      "TC3:1",
      "TC2:1",
      "TC1:1",
      "TC8:1",
      "TC6:1",
      "CX6:1",
      "CX4:1",
      "CX15:1",
      "D32:3"
    ],
    "top_candidates": [
      {
        "round_id": "CX10:1",
        "score": 0.33015227059009816,
        "text_dense_score": 0.6603045411801963,
        "image_dense_score": 0.0,
        "indexed_image_count": 0,
        "best_image_path": ""
      },
      {
        "round_id": "TC3:1",
        "score": 0.28783617692735786,
        "text_dense_score": 0.5756723538547157,
        "image_dense_score": 0.0,
        "indexed_image_count": 1,
        "best_image_path": ""
      },
      {
        "round_id": "TC2:1",
        "score": 0.28435311521234113,
        "text_dense_score": 0.5687062304246823,
        "image_dense_score": 0.0,
        "indexed_image_count": 1,
        "best_image_path": ""
      },
      {
        "round_id": "TC1:1",
        "score": 0.27636541004587145,
        "text_dense_score": 0.5527308200917429,
        "image_dense_score": 0.0,
        "indexed_image_count": 1,
        "best_image_path": ""
      },
      {
        "round_id": "TC8:1",
        "score": 0.24161180297668014,
        "text_dense_score": 0.4832236059533603,
        "image_dense_score": 0.0,
        "indexed_image_count": 1,
        "best_image_path": ""
      }
    ],
    "clue_hit_count": 2,
    "corpus_entry_count": 109,
    "text_embedding_model": "all-MiniLM-L6-v2",
    "multimodal_embedding_model": "siglip2-base-patch16-384",
    "text_dense_weight": 0.5,
    "image_dense_weight": 0.5,
    "caption_text_included": false,
    "image_embeddings_built": true,
    "multi_image_indexing_enabled": true,
    "indexed_image_count": 43,
    "history_source": "retrieval",
    "captions_loaded": false,
    "images_loaded": true,
    "history_turns_after_truncation": 20
  }
}