{
  "task_name": "social_chat_memory_test",
  "model_name": "qwen3_vl_8b_openrouter",
  "model_path": "qwen/qwen3-vl-8b-instruct",
  "method_name": "reflexion",
  "base_method_name": "reflexion",
  "method_modality": "",
  "mode": "mcq",
  "num_qas": 44,
  "num_qas_run": 44,
  "dialog_json": "/common/home/mg1998/MemoryBench/Benchmark_Pipeline/data/dialog/Social_Chat_Memory_Test.json",
  "image_root": "/common/home/mg1998/MemoryBench/Benchmark_Pipeline/data/image",
  "run_dir": "/common/home/mg1998/MemoryBench/Benchmark_Pipeline/runs/social_chat_memory_test/20260418_050859_qwen3_vl_8b_openrouter_reflexion",
  "git_commit": "098e1cd297db81f969cb6d0b30fdf861a1fe20aa",
  "summary": {
    "open_count": 44,
    "overall": {
      "em": 0.4318181818181818,
      "contains_gt": 0.4318181818181818,
      "f1": 0.4318181818181818
    },
    "by_x": {
      "X2": {
        "em": 0.5,
        "contains_gt": 0.5,
        "f1": 0.5
      },
      "X1": {
        "em": 0.0,
        "contains_gt": 0.0,
        "f1": 0.0
      },
      "X3": {
        "em": 0.5,
        "contains_gt": 0.5,
        "f1": 0.5
      },
      "X4": {
        "em": 0.0,
        "contains_gt": 0.0,
        "f1": 0.0
      }
    },
    "by_y": {
      "Y2": {
        "em": 0.5,
        "contains_gt": 0.5,
        "f1": 0.5
      },
      "Y3": {
        "em": 0.25,
        "contains_gt": 0.25,
        "f1": 0.25
      },
      "Y1": {
        "em": 0.3333333333333333,
        "contains_gt": 0.3333333333333333,
        "f1": 0.3333333333333333
      }
    },
    "by_cell": {
      "X2_Y2": {
        "em": 0.5555555555555556,
        "contains_gt": 0.5555555555555556,
        "f1": 0.5555555555555556
      },
      "X2_Y3": {
        "em": 0.3333333333333333,
        "contains_gt": 0.3333333333333333,
        "f1": 0.3333333333333333
      },
      "X2_Y1": {
        "em": 0.3333333333333333,
        "contains_gt": 0.3333333333333333,
        "f1": 0.3333333333333333
      },
      "X1_Y1": {
        "em": 0.0,
        "contains_gt": 0.0,
        "f1": 0.0
      },
      "X1_Y2": {
        "em": 0.0,
        "contains_gt": 0.0,
        "f1": 0.0
      },
      "X3_Y1": {
        "em": 1.0,
        "contains_gt": 1.0,
        "f1": 1.0
      },
      "X3_Y2": {
        "em": 0.0,
        "contains_gt": 0.0,
        "f1": 0.0
      },
      "X4_Y2": {
        "em": 0.0,
        "contains_gt": 0.0,
        "f1": 0.0
      },
      "X1_Y3": {
        "em": 0.0,
        "contains_gt": 0.0,
        "f1": 0.0
      }
    },
    "mcq_count": 44,
    "mcq_valid_rate": 1.0,
    "mcq_overall": {
      "em": 0.4318181818181818,
      "contains_gt": 0.4318181818181818,
      "f1": 0.4318181818181818
    }
  },
  "method_runtime": {
    "num_memories": 53,
    "debug_dir": "/common/home/mg1998/MemoryBench/output/social_chat_memory_test/reflexion"
  }
}