{
  "task_name": "personal_health_dashboard_assistant",
  "model_name": "qwen3_vl_8b_openrouter",
  "model_path": "qwen/qwen3-vl-8b-instruct",
  "method_name": "m2a",
  "base_method_name": "m2a",
  "method_modality": "",
  "mode": "mcq",
  "num_qas": 63,
  "num_qas_run": 63,
  "dialog_json": "/common/home/mg1998/MemoryBench/Benchmark_Pipeline/data/dialog/Personal_Health_Dashboard_Assistant.json",
  "image_root": "/common/home/mg1998/MemoryBench/Benchmark_Pipeline/data/image",
  "run_dir": "/common/home/mg1998/MemoryBench/Benchmark_Pipeline/runs/personal_health_dashboard_assistant/20260418_051112_qwen3_vl_8b_openrouter_m2a",
  "git_commit": "098e1cd297db81f969cb6d0b30fdf861a1fe20aa",
  "summary": {
    "open_count": 63,
    "overall": {
      "em": 0.3333333333333333,
      "contains_gt": 0.3333333333333333,
      "f1": 0.3333333333333333
    },
    "by_x": {
      "X4": {
        "em": 0.3392857142857143,
        "contains_gt": 0.3392857142857143,
        "f1": 0.3392857142857143
      },
      "X3": {
        "em": 0.25,
        "contains_gt": 0.25,
        "f1": 0.25
      },
      "X1": {
        "em": 0.3333333333333333,
        "contains_gt": 0.3333333333333333,
        "f1": 0.3333333333333333
      }
    },
    "by_y": {
      "Y2": {
        "em": 0.2549019607843137,
        "contains_gt": 0.2549019607843137,
        "f1": 0.2549019607843137
      },
      "Y3": {
        "em": 0.7272727272727273,
        "contains_gt": 0.7272727272727273,
        "f1": 0.7272727272727273
      },
      "Y1": {
        "em": 0.0,
        "contains_gt": 0.0,
        "f1": 0.0
      }
    },
    "by_cell": {
      "X4_Y2": {
        "em": 0.2553191489361702,
        "contains_gt": 0.2553191489361702,
        "f1": 0.2553191489361702
      },
      "X4_Y3": {
        "em": 0.7777777777777778,
        "contains_gt": 0.7777777777777778,
        "f1": 0.7777777777777778
      },
      "X3_Y2": {
        "em": 0.25,
        "contains_gt": 0.25,
        "f1": 0.25
      },
      "X1_Y3": {
        "em": 0.5,
        "contains_gt": 0.5,
        "f1": 0.5
      },
      "X1_Y1": {
        "em": 0.0,
        "contains_gt": 0.0,
        "f1": 0.0
      }
    },
    "mcq_count": 63,
    "mcq_valid_rate": 1.0,
    "mcq_overall": {
      "em": 0.3333333333333333,
      "contains_gt": 0.3333333333333333,
      "f1": 0.3333333333333333
    }
  }
}