{
  "task_name": "animation_viewing_companion",
  "model_name": "qwen3_vl_8b_openrouter",
  "model_path": "qwen/qwen3-vl-8b-instruct",
  "method_name": "full_context_multimodal",
  "base_method_name": "full_context_multimodal",
  "method_modality": "",
  "mode": "mcq",
  "num_qas": 61,
  "num_qas_run": 61,
  "dialog_json": "/common/home/mg1998/MemoryBench/Benchmark_Pipeline/data/dialog/Animation_Viewing_Companion.json",
  "image_root": "/common/home/mg1998/MemoryBench/Benchmark_Pipeline/data/image",
  "run_dir": "/common/home/mg1998/MemoryBench/Benchmark_Pipeline/runs/animation_viewing_companion/20260419_124019_qwen3_vl_8b_openrouter_full_context_multimodal",
  "git_commit": "1925dc9cdf0868770916907350c6c8c4a4cf6f60",
  "summary": {
    "open_count": 61,
    "overall": {
      "em": 0.7213114754098361,
      "contains_gt": 0.7213114754098361,
      "f1": 0.7213114754098361
    },
    "by_x": {
      "X3": {
        "em": 0.5652173913043478,
        "contains_gt": 0.5652173913043478,
        "f1": 0.5652173913043478
      },
      "X4": {
        "em": 0.8928571428571429,
        "contains_gt": 0.8928571428571429,
        "f1": 0.8928571428571429
      },
      "X2": {
        "em": 0.5714285714285714,
        "contains_gt": 0.5714285714285714,
        "f1": 0.5714285714285714
      },
      "X1": {
        "em": 0.6666666666666666,
        "contains_gt": 0.6666666666666666,
        "f1": 0.6666666666666666
      }
    },
    "by_y": {
      "Y1": {
        "em": 0.68,
        "contains_gt": 0.68,
        "f1": 0.68
      },
      "Y2": {
        "em": 0.7,
        "contains_gt": 0.7,
        "f1": 0.7
      },
      "Y3": {
        "em": 1.0,
        "contains_gt": 1.0,
        "f1": 1.0
      }
    },
    "by_cell": {
      "X3_Y1": {
        "em": 0.5454545454545454,
        "contains_gt": 0.5454545454545454,
        "f1": 0.5454545454545454
      },
      "X4_Y2": {
        "em": 0.8571428571428571,
        "contains_gt": 0.8571428571428571,
        "f1": 0.8571428571428571
      },
      "X2_Y2": {
        "em": 0.5,
        "contains_gt": 0.5,
        "f1": 0.5
      },
      "X3_Y2": {
        "em": 0.5833333333333334,
        "contains_gt": 0.5833333333333334,
        "f1": 0.5833333333333334
      },
      "X2_Y1": {
        "em": 0.0,
        "contains_gt": 0.0,
        "f1": 0.0
      },
      "X4_Y1": {
        "em": 0.9090909090909091,
        "contains_gt": 0.9090909090909091,
        "f1": 0.9090909090909091
      },
      "X1_Y1": {
        "em": 0.5,
        "contains_gt": 0.5,
        "f1": 0.5
      },
      "X4_Y3": {
        "em": 1.0,
        "contains_gt": 1.0,
        "f1": 1.0
      },
      "X2_Y3": {
        "em": 1.0,
        "contains_gt": 1.0,
        "f1": 1.0
      },
      "X1_Y3": {
        "em": 1.0,
        "contains_gt": 1.0,
        "f1": 1.0
      }
    },
    "mcq_count": 61,
    "mcq_valid_rate": 1.0,
    "mcq_overall": {
      "em": 0.7213114754098361,
      "contains_gt": 0.7213114754098361,
      "f1": 0.7213114754098361
    }
  },
  "method_runtime": {
    "method_modality": "multimodal",
    "history_source": "full_context",
    "captions_loaded": false,
    "images_loaded": true,
    "history_turns_after_truncation": 380,
    "history_turns_before_truncation": 380
  }
}