{
  "task_name": "cartoon_entertainment_companion_open",
  "model_name": "gemini_2_5_flash_lite",
  "model_path": "gemini-2.5-flash-lite",
  "method_name": "m2a",
  "base_method_name": "m2a",
  "method_modality": "",
  "mode": "open",
  "num_qas": 76,
  "num_qas_run": 76,
  "dialog_json": "/common/home/mg1998/MemoryBench/Benchmark_Pipeline/data/dialog/Cartoon_Entertainment_Companion_Open.json",
  "image_root": "/common/home/mg1998/.cache/memeye_hf/MemEye/data/image",
  "run_dir": "/common/home/mg1998/MemoryBench/Benchmark_Pipeline/runs/cartoon_entertainment_companion_open/20260424_145053_gemini_2_5_flash_lite_m2a",
  "git_commit": "658ab1743219fa7a98e5672df9c7253b6b5b5e6d",
  "summary": {
    "open_count": 76,
    "overall": {
      "em": 0.0,
      "contains_gt": 0.02631578947368421,
      "f1": 0.06233204739158178,
      "bleu": 0.008384329212606038,
      "bleu_1": 0.03599271387969865,
      "bleu_2": 0.01732418894462581,
      "judge": 0.06578947368421052
    },
    "by_x": {
      "X2": {
        "em": 0.0,
        "contains_gt": 0.0,
        "f1": 0.011494252873563218,
        "bleu": 0.0,
        "bleu_1": 0.0,
        "bleu_2": 0.0,
        "judge": 0.0
      },
      "X4": {
        "em": 0.0,
        "contains_gt": 0.08333333333333333,
        "f1": 0.09371985989992776,
        "bleu": 0.014537859036175849,
        "bleu_1": 0.05930947456682751,
        "bleu_2": 0.029565303791028483,
        "judge": 0.08333333333333333
      },
      "X3": {
        "em": 0.0,
        "contains_gt": 0.0,
        "f1": 0.05721003126457519,
        "bleu": 0.006662809449629485,
        "bleu_1": 0.03034454302311445,
        "bleu_2": 0.014368258757612913,
        "judge": 0.05
      },
      "X1": {
        "em": 0.0,
        "contains_gt": 0.0,
        "f1": 0.04391828181145712,
        "bleu": 0.00552600748755962,
        "bleu_1": 0.02510516090998772,
        "bleu_2": 0.011001456629905653,
        "judge": 0.09375
      }
    },
    "by_y": {
      "Y1": {
        "em": 0.0,
        "contains_gt": 0.030303030303030304,
        "f1": 0.042536201621909964,
        "bleu": 0.006539892098056519,
        "bleu_1": 0.022021202933130674,
        "bleu_2": 0.010600792062881767,
        "judge": 0.030303030303030304
      },
      "Y2": {
        "em": 0.0,
        "contains_gt": 0.02631578947368421,
        "f1": 0.08338052230140831,
        "bleu": 0.010750351933295496,
        "bleu_1": 0.05107156176787977,
        "bleu_2": 0.024864773160086517,
        "judge": 0.09210526315789473
      },
      "Y3": {
        "em": 0.0,
        "contains_gt": 0.0,
        "f1": 0.0330162201567341,
        "bleu": 0.0025758414913929707,
        "bleu_1": 0.013605442176870746,
        "bleu_2": 0.004390168326635091,
        "judge": 0.1
      }
    },
    "by_cell": {
      "X2_Y1": {
        "em": 0.0,
        "contains_gt": 0.0,
        "f1": 0.0,
        "bleu": 0.0,
        "bleu_1": 0.0,
        "bleu_2": 0.0,
        "judge": 0.0
      },
      "X4_Y2": {
        "em": 0.0,
        "contains_gt": 0.09090909090909091,
        "f1": 0.16076188381088563,
        "bleu": 0.021904924738945824,
        "bleu_1": 0.10711921768071501,
        "bleu_2": 0.04946503782546104,
        "judge": 0.18181818181818182
      },
      "X3_Y2": {
        "em": 0.0,
        "contains_gt": 0.0,
        "f1": 0.053450218543780376,
        "bleu": 0.007645503544467097,
        "bleu_1": 0.03216730748243353,
        "bleu_2": 0.01704673346759426,
        "judge": 0.029411764705882353
      },
      "X2_Y2": {
        "em": 0.0,
        "contains_gt": 0.0,
        "f1": 0.034482758620689655,
        "bleu": 0.0,
        "bleu_1": 0.0,
        "bleu_2": 0.0,
        "judge": 0.0
      },
      "X4_Y1": {
        "em": 0.0,
        "contains_gt": 0.08333333333333333,
        "f1": 0.03451910408432148,
        "bleu": 0.008996203728318025,
        "bleu_1": 0.020426332926332925,
        "bleu_2": 0.013787656242051007,
        "judge": 0.0
      },
      "X3_Y1": {
        "em": 0.0,
        "contains_gt": 0.0,
        "f1": 0.06212670943792225,
        "bleu": 0.0053777479409956854,
        "bleu_1": 0.02796092796092796,
        "bleu_2": 0.010865637983021922,
        "judge": 0.07692307692307693
      },
      "X1_Y1": {
        "em": 0.0,
        "contains_gt": 0.0,
        "f1": 0.045454545454545456,
        "bleu": 0.009487817815776223,
        "bleu_1": 0.029522909546313418,
        "bleu_2": 0.010780242347800313,
        "judge": 0.0
      },
      "X1_Y2": {
        "em": 0.0,
        "contains_gt": 0.0,
        "f1": 0.05280748663101604,
        "bleu": 0.00469820513511052,
        "bleu_1": 0.02694546568627451,
        "bleu_2": 0.013868936881764217,
        "judge": 0.125
      },
      "X1_Y3": {
        "em": 0.0,
        "contains_gt": 0.0,
        "f1": 0.024603608529250955,
        "bleu": 0.0032198018642412133,
        "bleu_1": 0.017006802721088433,
        "bleu_2": 0.005487710408293864,
        "judge": 0.125
      },
      "X4_Y3": {
        "em": 0.0,
        "contains_gt": 0.0,
        "f1": 0.06666666666666668,
        "bleu": 0.0,
        "bleu_1": 0.0,
        "bleu_2": 0.0,
        "judge": 0.0
      }
    }
  },
  "judge": {
    "enabled": true,
    "model": "gpt-5.2",
    "scored_open_rows": 76
  }
}
