{
  "task_name": "cartoon_entertainment_companion_open",
  "model_name": "gpt_4_1_nano",
  "model_path": "gpt-4.1-nano",
  "method_name": "full_context_text_only",
  "base_method_name": "full_context_text_only",
  "method_modality": "",
  "mode": "open",
  "num_qas": 76,
  "num_qas_run": 76,
  "dialog_json": "/Users/qingyuejiao/Desktop/MemoryBench/Benchmark_Pipeline/data/dialog/Cartoon_Entertainment_Companion_Open.json",
  "image_root": "/Users/qingyuejiao/Desktop/MemoryBench/Benchmark_Pipeline/data/image",
  "run_dir": "/Users/qingyuejiao/Desktop/MemoryBench/Benchmark_Pipeline/runs/cartoon_entertainment_companion_open/20260424_163537_gpt_4_1_nano_full_context_text_only",
  "git_commit": "b24985b9af7b246db9e6e807768083d0acb8c78a",
  "summary": {
    "open_count": 76,
    "overall": {
      "em": 0.05263157894736842,
      "contains_gt": 0.10526315789473684,
      "f1": 0.2663587718072323,
      "bleu": 0.07319317047448104,
      "bleu_1": 0.21001405774343748,
      "bleu_2": 0.12382211689858126,
      "judge": 0.3815789473684211
    },
    "by_x": {
      "X2": {
        "em": 0.3333333333333333,
        "contains_gt": 0.3333333333333333,
        "f1": 0.4136904761904762,
        "bleu": 0.07097880668759858,
        "bleu_1": 0.38816738816738816,
        "bleu_2": 0.13615166940892404,
        "judge": 0.6666666666666666
      },
      "X4": {
        "em": 0.041666666666666664,
        "contains_gt": 0.08333333333333333,
        "f1": 0.23166751191383028,
        "bleu": 0.08115939857734096,
        "bleu_1": 0.18104131580253435,
        "bleu_2": 0.1274787972000023,
        "judge": 0.3541666666666667
      },
      "X3": {
        "em": 0.0,
        "contains_gt": 0.03333333333333333,
        "f1": 0.27088334465572317,
        "bleu": 0.057416441499383186,
        "bleu_1": 0.19658456719002104,
        "bleu_2": 0.10954586812573137,
        "judge": 0.35
      },
      "X1": {
        "em": 0.0625,
        "contains_gt": 0.1875,
        "f1": 0.2546626984126984,
        "bleu": 0.09165558156858053,
        "bleu_1": 0.21184596653346655,
        "bleu_2": 0.14048148070416472,
        "judge": 0.375
      }
    },
    "by_y": {
      "Y1": {
        "em": 0.06060606060606061,
        "contains_gt": 0.09090909090909091,
        "f1": 0.21022880862453056,
        "bleu": 0.057373766274811056,
        "bleu_1": 0.16668588136070697,
        "bleu_2": 0.08199167610757195,
        "judge": 0.30303030303030304
      },
      "Y2": {
        "em": 0.05263157894736842,
        "contains_gt": 0.13157894736842105,
        "f1": 0.3225074492712433,
        "bleu": 0.09366939305236961,
        "bleu_1": 0.2529574304091045,
        "bleu_2": 0.16573783004141276,
        "judge": 0.4605263157894737
      },
      "Y3": {
        "em": 0.0,
        "contains_gt": 0.0,
        "f1": 0.2100865800865801,
        "bleu": 0.02198194660034971,
        "bleu_1": 0.16961038961038963,
        "bleu_2": 0.08134360623372346,
        "judge": 0.3
      }
    },
    "by_cell": {
      "X2_Y1": {
        "em": 0.25,
        "contains_gt": 0.25,
        "f1": 0.28125,
        "bleu": 0.049169565006659914,
        "bleu_1": 0.2727272727272727,
        "bleu_2": 0.0865947251186536,
        "judge": 0.5
      },
      "X4_Y2": {
        "em": 0.0,
        "contains_gt": 0.0,
        "f1": 0.338353542981874,
        "bleu": 0.07527688158429109,
        "bleu_1": 0.2595978095978096,
        "bleu_2": 0.17297783136295938,
        "judge": 0.5
      },
      "X3_Y2": {
        "em": 0.0,
        "contains_gt": 0.058823529411764705,
        "f1": 0.266250073080222,
        "bleu": 0.073097582293671,
        "bleu_1": 0.19877357484202282,
        "bleu_2": 0.1307089115021386,
        "judge": 0.35294117647058826
      },
      "X2_Y2": {
        "em": 0.5,
        "contains_gt": 0.5,
        "f1": 0.6785714285714286,
        "bleu": 0.11459729004947591,
        "bleu_1": 0.6190476190476191,
        "bleu_2": 0.23526555798946497,
        "judge": 1.0
      },
      "X4_Y1": {
        "em": 0.08333333333333333,
        "contains_gt": 0.16666666666666666,
        "f1": 0.14560185185185184,
        "bleu": 0.09331498903574843,
        "bleu_1": 0.1241179728070766,
        "bleu_2": 0.09639458231729185,
        "judge": 0.25
      },
      "X3_Y1": {
        "em": 0.0,
        "contains_gt": 0.0,
        "f1": 0.27694223825445546,
        "bleu": 0.03691033430685297,
        "bleu_1": 0.19372201872201872,
        "bleu_2": 0.08187111909504502,
        "judge": 0.34615384615384615
      },
      "X1_Y1": {
        "em": 0.0,
        "contains_gt": 0.0,
        "f1": 0.11626984126984127,
        "bleu": 0.02426045315601384,
        "bleu_1": 0.10048076923076923,
        "bleu_2": 0.03457171875804307,
        "judge": 0.125
      },
      "X1_Y2": {
        "em": 0.125,
        "contains_gt": 0.375,
        "f1": 0.33125,
        "bleu": 0.15744221993393556,
        "bleu_1": 0.26744505494505494,
        "bleu_2": 0.21283734813323074,
        "judge": 0.5
      },
      "X1_Y3": {
        "em": 0.0,
        "contains_gt": 0.0,
        "f1": 0.2398809523809524,
        "bleu": 0.027477433250437135,
        "bleu_1": 0.21201298701298704,
        "bleu_2": 0.10167950779215432,
        "judge": 0.375
      },
      "X4_Y3": {
        "em": 0.0,
        "contains_gt": 0.0,
        "f1": 0.0909090909090909,
        "bleu": 0.0,
        "bleu_1": 0.0,
        "bleu_2": 0.0,
        "judge": 0.0
      }
    }
  },
  "method_runtime": {
    "caption_validation_passed": true,
    "caption_validation_round_count": 87,
    "method_modality": "text_only",
    "history_source": "full_context",
    "captions_loaded": true,
    "images_loaded": false,
    "history_turns_after_truncation": 598,
    "history_turns_before_truncation": 598
  },
  "judge": {
    "enabled": true,
    "model": "gpt-5.2",
    "scored_open_rows": 76
  }
}
