{
  "task_name": "home_renovation_interior_design",
  "model_name": "gpt_4_1_nano",
  "model_path": "gpt-4.1-nano",
  "method_name": "mirix",
  "base_method_name": "mirix",
  "method_modality": "",
  "mode": "mcq",
  "num_qas": 52,
  "num_qas_run": 52,
  "dialog_json": "/Users/qingyuejiao/Desktop/MemoryBench/Benchmark_Pipeline/data/dialog/Home_Renovation_Interior_Design.json",
  "image_root": "/Users/qingyuejiao/Desktop/MemoryBench/Benchmark_Pipeline/data/image",
  "run_dir": "/Users/qingyuejiao/Desktop/MemoryBench/Benchmark_Pipeline/runs/home_renovation_interior_design/20260428_061724_gpt_4_1_nano_mirix",
  "git_commit": "19208b4d7805b574b0ac0a5b3894a8403f734e9b",
  "summary": {
    "open_count": 52,
    "overall": {
      "em": 0.40865384615384615,
      "contains_gt": 0.3269230769230769,
      "f1": 0.40865384615384615
    },
    "by_x": {
      "X4": {
        "em": 0.4375,
        "contains_gt": 0.375,
        "f1": 0.4375
      },
      "X3": {
        "em": 0.4189189189189189,
        "contains_gt": 0.32432432432432434,
        "f1": 0.4189189189189189
      },
      "X2": {
        "em": 0.20833333333333334,
        "contains_gt": 0.16666666666666666,
        "f1": 0.20833333333333334
      },
      "X1": {
        "em": 1.0,
        "contains_gt": 1.0,
        "f1": 1.0
      }
    },
    "by_y": {
      "Y2": {
        "em": 0.375,
        "contains_gt": 0.3333333333333333,
        "f1": 0.375
      },
      "Y1": {
        "em": 0.42948717948717946,
        "contains_gt": 0.3333333333333333,
        "f1": 0.42948717948717946
      },
      "Y3": {
        "em": 0.0,
        "contains_gt": 0.0,
        "f1": 0.0
      }
    },
    "by_cell": {
      "X4_Y2": {
        "em": 0.25,
        "contains_gt": 0.0,
        "f1": 0.25
      },
      "X3_Y2": {
        "em": 0.4,
        "contains_gt": 0.4,
        "f1": 0.4
      },
      "X2_Y1": {
        "em": 0.20833333333333334,
        "contains_gt": 0.16666666666666666,
        "f1": 0.20833333333333334
      },
      "X3_Y1": {
        "em": 0.42592592592592593,
        "contains_gt": 0.2962962962962963,
        "f1": 0.42592592592592593
      },
      "X4_Y1": {
        "em": 0.6,
        "contains_gt": 0.6,
        "f1": 0.6
      },
      "X4_Y3": {
        "em": 0.0,
        "contains_gt": 0.0,
        "f1": 0.0
      },
      "X1_Y1": {
        "em": 1.0,
        "contains_gt": 1.0,
        "f1": 1.0
      }
    },
    "mcq_count": 52,
    "mcq_valid_rate": 1.0,
    "mcq_overall": {
      "em": 0.40865384615384615,
      "contains_gt": 0.3269230769230769,
      "f1": 0.40865384615384615
    },
    "mcq_per_position_accuracy": {
      "A": 0.5,
      "B": 0.34615384615384615,
      "C": 0.46153846153846156,
      "D": 0.3269230769230769
    }
  },
  "method_runtime": {
    "official_mirix": true,
    "official_model_name": "gpt-4.1-nano",
    "ingested_turns": 240,
    "runtime_signature": "d54de85f73c2405a",
    "runtime_dir": "/Users/qingyuejiao/Desktop/MemoryBench/Benchmark_Pipeline/runs/home_renovation_interior_design/mirix/d54de85f73c2405a",
    "runtime_home": "/Users/qingyuejiao/Desktop/MemoryBench/Benchmark_Pipeline/runs/home_renovation_interior_design/mirix/d54de85f73c2405a/runtime_home",
    "debug_dir": "/Users/qingyuejiao/Desktop/MemoryBench/Benchmark_Pipeline/output/home_renovation_interior_design/mirix/d54de85f73c2405a",
    "resumed": false,
    "completed_ingestion": true
  }
}
