{
  "task_name": "cartoon_entertainment_companion_open",
  "model_name": "gpt_5_4_mini",
  "model_path": "gpt-5.4-mini",
  "method_name": "full_context_text_only",
  "base_method_name": "full_context_text_only",
  "method_modality": "",
  "mode": "open",
  "num_qas": 76,
  "num_qas_run": 76,
  "dialog_json": "/Users/qingyuejiao/Desktop/MemoryBench/Benchmark_Pipeline/data/dialog/Cartoon_Entertainment_Companion_Open.json",
  "image_root": "/Users/qingyuejiao/Desktop/MemoryBench/Benchmark_Pipeline/data/image",
  "run_dir": "/Users/qingyuejiao/Desktop/MemoryBench/Benchmark_Pipeline/runs/cartoon_entertainment_companion_open/20260426_100146_gpt_5_4_mini_full_context_text_only",
  "git_commit": "f50478ca8d87824ef1e9bc48c2b9e0d49e54305a",
  "summary": {
    "open_count": 76,
    "overall": {
      "em": 0.13157894736842105,
      "contains_gt": 0.13157894736842105,
      "f1": 0.3308677870715157,
      "bleu": 0.08999521239394856,
      "bleu_1": 0.2651726967715842,
      "bleu_2": 0.15678183351904293,
      "judge": 0.5526315789473685
    },
    "by_x": {
      "X2": {
        "em": 0.0,
        "contains_gt": 0.0,
        "f1": 0.1231060606060606,
        "bleu": 0.019648974588029083,
        "bleu_1": 0.1111111111111111,
        "bleu_2": 0.053791435363991905,
        "judge": 0.5
      },
      "X4": {
        "em": 0.20833333333333334,
        "contains_gt": 0.20833333333333334,
        "f1": 0.38397627935671413,
        "bleu": 0.11248420430832944,
        "bleu_1": 0.3268286359066084,
        "bleu_2": 0.17446399169248025,
        "judge": 0.6041666666666666
      },
      "X3": {
        "em": 0.06666666666666667,
        "contains_gt": 0.06666666666666667,
        "f1": 0.2797727816845464,
        "bleu": 0.06117787581867626,
        "bleu_1": 0.1925355162066244,
        "bleu_2": 0.11831995922363231,
        "judge": 0.4666666666666667
      },
      "X1": {
        "em": 0.1875,
        "contains_gt": 0.1875,
        "f1": 0.42491883116883117,
        "bleu": 0.1366740697782326,
        "bleu_1": 0.366656596251025,
        "bleu_2": 0.240996009870926,
        "judge": 0.65625
      }
    },
    "by_y": {
      "Y1": {
        "em": 0.15151515151515152,
        "contains_gt": 0.15151515151515152,
        "f1": 0.3355838605838606,
        "bleu": 0.07801004196602707,
        "bleu_1": 0.277219230406138,
        "bleu_2": 0.12754049290330793,
        "judge": 0.5303030303030303
      },
      "Y2": {
        "em": 0.13157894736842105,
        "contains_gt": 0.13157894736842105,
        "f1": 0.34837766012722265,
        "bleu": 0.10991240251923373,
        "bleu_1": 0.27307626279390784,
        "bleu_2": 0.19396999456062025,
        "judge": 0.5263157894736842
      },
      "Y3": {
        "em": 0.0,
        "contains_gt": 0.0,
        "f1": 0.16666666666666666,
        "bleu": 0.01772669226606306,
        "bleu_1": 0.1255984730138694,
        "bleu_2": 0.06714465766690612,
        "judge": 0.9
      }
    },
    "by_cell": {
      "X2_Y1": {
        "em": 0.0,
        "contains_gt": 0.0,
        "f1": 0.0909090909090909,
        "bleu": 0.02158350053426126,
        "bleu_1": 0.08333333333333333,
        "bleu_2": 0.06454972243679029,
        "judge": 0.5
      },
      "X4_Y2": {
        "em": 0.09090909090909091,
        "contains_gt": 0.09090909090909091,
        "f1": 0.4183449400840705,
        "bleu": 0.09956099724687044,
        "bleu_1": 0.3026123406006442,
        "bleu_2": 0.19219660920046522,
        "judge": 0.6818181818181818
      },
      "X3_Y2": {
        "em": 0.058823529411764705,
        "contains_gt": 0.058823529411764705,
        "f1": 0.2114641221907658,
        "bleu": 0.06859227965104998,
        "bleu_1": 0.14989189644478895,
        "bleu_2": 0.1220566198061894,
        "judge": 0.38235294117647056
      },
      "X2_Y2": {
        "em": 0.0,
        "contains_gt": 0.0,
        "f1": 0.1875,
        "bleu": 0.01577992269556473,
        "bleu_1": 0.16666666666666666,
        "bleu_2": 0.032274861218395144,
        "judge": 0.5
      },
      "X4_Y1": {
        "em": 0.3333333333333333,
        "contains_gt": 0.3333333333333333,
        "f1": 0.38446969696969696,
        "bleu": 0.13370416114036096,
        "bleu_1": 0.37626262626262624,
        "bleu_2": 0.17274775828453406,
        "judge": 0.5
      },
      "X3_Y1": {
        "em": 0.07692307692307693,
        "contains_gt": 0.07692307692307693,
        "f1": 0.3690994902533364,
        "bleu": 0.05148211696095677,
        "bleu_1": 0.24830024974133227,
        "bleu_2": 0.11343355692336535,
        "judge": 0.5769230769230769
      },
      "X1_Y1": {
        "em": 0.0,
        "contains_gt": 0.0,
        "f1": 0.3246753246753247,
        "bleu": 0.053569982141269616,
        "bleu_1": 0.2679616270700964,
        "bleu_2": 0.10075700916096068,
        "judge": 0.5
      },
      "X1_Y2": {
        "em": 0.375,
        "contains_gt": 0.375,
        "f1": 0.5833333333333334,
        "bleu": 0.23548396581954098,
        "bleu_1": 0.5208333333333334,
        "bleu_2": 0.38964810411955536,
        "judge": 0.625
      },
      "X1_Y3": {
        "em": 0.0,
        "contains_gt": 0.0,
        "f1": 0.20833333333333331,
        "bleu": 0.022158365332578825,
        "bleu_1": 0.15699809126733677,
        "bleu_2": 0.08393082208363266,
        "judge": 0.875
      },
      "X4_Y3": {
        "em": 0.0,
        "contains_gt": 0.0,
        "f1": 0.0,
        "bleu": 0.0,
        "bleu_1": 0.0,
        "bleu_2": 0.0,
        "judge": 1.0
      }
    }
  },
  "method_runtime": {
    "caption_validation_passed": true,
    "caption_validation_round_count": 87,
    "method_modality": "text_only",
    "history_source": "full_context",
    "captions_loaded": true,
    "images_loaded": false,
    "history_turns_after_truncation": 598,
    "history_turns_before_truncation": 598
  },
  "judge_model": "gpt-5.2",
  "judge_rescored_from_predictions": true,
  "judge": {
    "enabled": true,
    "model": "gpt-5.2",
    "scored_open_rows": 76
  }
}