{
  "task_name": "personal_health_dashboard_assistant_open",
  "model_name": "gpt_5_4_mini",
  "model_path": "gpt-5.4-mini",
  "method_name": "a_mem",
  "base_method_name": "a_mem",
  "method_modality": "",
  "mode": "open",
  "num_qas": 51,
  "num_qas_run": 51,
  "dialog_json": "/Users/qingyuejiao/Desktop/MemoryBench/Benchmark_Pipeline/data/dialog/Personal_Health_Dashboard_Assistant_Open.json",
  "image_root": "/Users/qingyuejiao/Desktop/MemoryBench/Benchmark_Pipeline/data/image",
  "run_dir": "/Users/qingyuejiao/Desktop/MemoryBench/Benchmark_Pipeline/runs/personal_health_dashboard_assistant_open/20260426_121251_gpt_5_4_mini_a_mem",
  "git_commit": "f50478ca8d87824ef1e9bc48c2b9e0d49e54305a",
  "summary": {
    "open_count": 51,
    "overall": {
      "em": 0.19607843137254902,
      "contains_gt": 0.19607843137254902,
      "f1": 0.26020433814551464,
      "bleu": 0.17605896020135858,
      "bleu_1": 0.253545073570434,
      "bleu_2": 0.22452354022360943,
      "judge": 0.21568627450980393
    },
    "by_x": {
      "X4": {
        "em": 0.22727272727272727,
        "contains_gt": 0.22727272727272727,
        "f1": 0.28411796536796535,
        "bleu": 0.1937319333083295,
        "bleu_1": 0.2778499389700747,
        "bleu_2": 0.2466397178087146,
        "judge": 0.22727272727272727
      },
      "X3": {
        "em": 0.0,
        "contains_gt": 0.0,
        "f1": 0.0,
        "bleu": 0.0,
        "bleu_1": 0.0,
        "bleu_2": 0.0,
        "judge": 0.0
      },
      "X1": {
        "em": 0.0,
        "contains_gt": 0.0,
        "f1": 0.2564102564102564,
        "bleu": 0.15160063490093023,
        "bleu_1": 0.23513381246961504,
        "bleu_2": 0.1995176559402129,
        "judge": 0.3333333333333333
      }
    },
    "by_y": {
      "Y2": {
        "em": 0.22727272727272727,
        "contains_gt": 0.22727272727272727,
        "f1": 0.27762445887445886,
        "bleu": 0.19188162250888796,
        "bleu_1": 0.2724216714657278,
        "bleu_2": 0.24453735884440517,
        "judge": 0.22727272727272727
      },
      "Y3": {
        "em": 0.0,
        "contains_gt": 0.0,
        "f1": 0.1758241758241758,
        "bleu": 0.08936926331303642,
        "bleu_1": 0.1573742012666847,
        "bleu_2": 0.11517612704170901,
        "judge": 0.16666666666666666
      },
      "Y1": {
        "em": 0.0,
        "contains_gt": 0.0,
        "f1": 0.0,
        "bleu": 0.0,
        "bleu_1": 0.0,
        "bleu_2": 0.0,
        "judge": 0.0
      }
    },
    "by_cell": {
      "X4_Y2": {
        "em": 0.25,
        "contains_gt": 0.25,
        "f1": 0.3053869047619048,
        "bleu": 0.21106978475977675,
        "bleu_1": 0.2996638386123006,
        "bleu_2": 0.2689910947288457,
        "judge": 0.25
      },
      "X4_Y3": {
        "em": 0.0,
        "contains_gt": 0.0,
        "f1": 0.07142857142857144,
        "bleu": 0.02035341879385695,
        "bleu_1": 0.05971094254781577,
        "bleu_2": 0.02312594860740384,
        "judge": 0.0
      },
      "X3_Y2": {
        "em": 0.0,
        "contains_gt": 0.0,
        "f1": 0.0,
        "bleu": 0.0,
        "bleu_1": 0.0,
        "bleu_2": 0.0,
        "judge": 0.0
      },
      "X1_Y3": {
        "em": 0.0,
        "contains_gt": 0.0,
        "f1": 0.3846153846153846,
        "bleu": 0.22740095235139535,
        "bleu_1": 0.35270071870442254,
        "bleu_2": 0.29927648391031936,
        "judge": 0.5
      },
      "X1_Y1": {
        "em": 0.0,
        "contains_gt": 0.0,
        "f1": 0.0,
        "bleu": 0.0,
        "bleu_1": 0.0,
        "bleu_2": 0.0,
        "judge": 0.0
      }
    }
  },
  "method_runtime": {
    "num_memories": 97,
    "debug_dir": "/Users/qingyuejiao/Desktop/MemoryBench/output/personal_health_dashboard_assistant/a_mem"
  },
  "judge_model": "gpt-5.2",
  "judge_rescored_from_predictions": true,
  "judge": {
    "enabled": true,
    "model": "gpt-5.2",
    "scored_open_rows": 51
  }
}