{
  "task_name": "home_renovation_interior_design",
  "model_name": "gpt_4_1_nano",
  "model_path": "gpt-4.1-nano",
  "method_name": "m2a_lite",
  "mode": "open",
  "num_qas": 23,
  "num_qas_run": 23,
  "dialog_json": "/Users/qingyuejiao/Desktop/MemoryBench/Benchmark_Pipeline/data/dialog/Home_Renovation_Interior_Design.json",
  "image_root": "/Users/qingyuejiao/Desktop/MemoryBench/Benchmark_Pipeline/data/image",
  "run_dir": "/Users/qingyuejiao/Desktop/MemoryBench/Benchmark_Pipeline/runs/home_renovation_interior_design/20260325_111823_gpt_4_1_nano_m2a_lite",
  "git_commit": "9d2e328c4714d06c005251530996057fd5dfa3bf",
  "summary": {
    "open_count": 23,
    "open_exact_rate": 0.13043478260869565,
    "open_contains_rate": 0.17391304347826086,
    "open_f1_avg": 0.30289626941414927,
    "open_bleu_1_avg": 0.19854642797485186,
    "open_bleu_2_avg": 0.08922478580390698,
    "point_metrics": {
      "X4|Y1": {
        "open_exact_rate": 0.0,
        "open_contains_rate": 0.0,
        "open_f1_avg": 0.20621622386328267,
        "open_bleu_1_avg": 0.10837639377211757,
        "open_bleu_2_avg": 0.09893428794302907
      },
      "X3|Y1": {
        "open_exact_rate": 0.5,
        "open_contains_rate": 0.5,
        "open_f1_avg": 0.5770308123249299,
        "open_bleu_1_avg": 0.5000509435678329,
        "open_bleu_2_avg": 0.15816477428437353
      },
      "X4|Y2": {
        "open_exact_rate": 0.14285714285714285,
        "open_contains_rate": 0.14285714285714285,
        "open_f1_avg": 0.30055848632826976,
        "open_bleu_1_avg": 0.16471202359305376,
        "open_bleu_2_avg": 0.056948936252035356
      },
      "X4|Y3": {
        "open_exact_rate": 0.0,
        "open_contains_rate": 0.0,
        "open_f1_avg": 0.3142857142857143,
        "open_bleu_1_avg": 0.17973158564688863,
        "open_bleu_2_avg": 0.08203586979581053
      },
      "X0|Y2": {
        "open_exact_rate": 0.0,
        "open_contains_rate": 0.5,
        "open_f1_avg": 0.24528301886792453,
        "open_bleu_1_avg": 0.1833185764725383,
        "open_bleu_2_avg": 0.07367912292127447
      },
      "X0|Y3": {
        "open_exact_rate": 0.0,
        "open_contains_rate": 0.0,
        "open_f1_avg": 0.1,
        "open_bleu_1_avg": 1.522997974471263e-08,
        "open_bleu_2_avg": 3.4055270005122335e-09
      }
    },
    "x_metrics": {
      "X4": {
        "open_exact_rate": 0.0625,
        "open_contains_rate": 0.0625,
        "open_f1_avg": 0.2542453068431165,
        "open_bleu_1_avg": 0.13748293131095035,
        "open_bleu_2_avg": 0.07950954544401817
      },
      "X3": {
        "open_exact_rate": 0.5,
        "open_contains_rate": 0.5,
        "open_f1_avg": 0.5770308123249299,
        "open_bleu_1_avg": 0.5000509435678329,
        "open_bleu_2_avg": 0.15816477428437353
      },
      "X0": {
        "open_exact_rate": 0.0,
        "open_contains_rate": 0.3333333333333333,
        "open_f1_avg": 0.19685534591194967,
        "open_bleu_1_avg": 0.12221238939168544,
        "open_bleu_2_avg": 0.04911941641602532
      }
    },
    "y_metrics": {
      "Y1": {
        "open_exact_rate": 0.16666666666666666,
        "open_contains_rate": 0.16666666666666666,
        "open_f1_avg": 0.32982108668383175,
        "open_bleu_1_avg": 0.23893457703735596,
        "open_bleu_2_avg": 0.11867778339014388
      },
      "Y2": {
        "open_exact_rate": 0.1111111111111111,
        "open_contains_rate": 0.2222222222222222,
        "open_f1_avg": 0.2882750491148596,
        "open_bleu_1_avg": 0.1688468131218281,
        "open_bleu_2_avg": 0.060666755511866274
      },
      "Y3": {
        "open_exact_rate": 0.0,
        "open_contains_rate": 0.0,
        "open_f1_avg": 0.20714285714285713,
        "open_bleu_1_avg": 0.08986580043843419,
        "open_bleu_2_avg": 0.04101793660066876
      }
    }
  }
}