{
  "task_name": "concat_brand_social_open",
  "model_name": "gpt_5_4_mini",
  "model_path": "gpt-5.4-mini",
  "method_name": "reflexion",
  "base_method_name": "reflexion",
  "method_modality": "",
  "mode": "open",
  "num_qas": 66,
  "num_qas_run": 66,
  "dialog_json": "/Users/qingyuejiao/Desktop/MemoryBench/Benchmark_Pipeline/data/dialog/concat_brand_social_open.json",
  "image_root": "/Users/qingyuejiao/Desktop/MemoryBench/Benchmark_Pipeline/data/image",
  "run_dir": "/Users/qingyuejiao/Desktop/MemoryBench/Benchmark_Pipeline/runs/concat_brand_social_open/20260427_152034_gpt_5_4_mini_reflexion",
  "git_commit": "d8ac0cb71367c6f0314274b4a514968eab3f678b",
  "summary": {
    "open_count": 66,
    "overall": {
      "em": 0.16666666666666666,
      "contains_gt": 0.18181818181818182,
      "f1": 0.310945202909434,
      "bleu": 0.05375172436934076,
      "bleu_1": 0.26369083945060745,
      "bleu_2": 0.11878769017024986,
      "judge": 0.48484848484848486
    },
    "by_x": {
      "X4": {
        "em": 0.0,
        "contains_gt": 0.0,
        "f1": 0.0,
        "bleu": 0.0,
        "bleu_1": 0.0,
        "bleu_2": 0.0,
        "judge": 0.0
      },
      "X3": {
        "em": 0.058823529411764705,
        "contains_gt": 0.08823529411764706,
        "f1": 0.2580628758231634,
        "bleu": 0.041905504850747864,
        "bleu_1": 0.19276058702149856,
        "bleu_2": 0.10230015282752383,
        "judge": 0.47058823529411764
      },
      "X1": {
        "em": 0.3076923076923077,
        "contains_gt": 0.3076923076923077,
        "f1": 0.38775303643724696,
        "bleu": 0.07229151764946118,
        "bleu_1": 0.3646867693783731,
        "bleu_2": 0.15112388058610288,
        "judge": 0.5384615384615384
      },
      "X2": {
        "em": 0.3333333333333333,
        "contains_gt": 0.3333333333333333,
        "f1": 0.5555555555555556,
        "bleu": 0.08108239485502414,
        "bleu_1": 0.4559598137238141,
        "bleu_2": 0.14418715328733533,
        "judge": 0.6666666666666666
      }
    },
    "by_y": {
      "Y1": {
        "em": 0.0,
        "contains_gt": 0.0,
        "f1": 0.2873737373737374,
        "bleu": 0.04403103807242291,
        "bleu_1": 0.20826123299085447,
        "bleu_2": 0.0858614279490325,
        "judge": 0.8125
      },
      "Y2": {
        "em": 0.21153846153846154,
        "contains_gt": 0.23076923076923078,
        "f1": 0.3002764463442213,
        "bleu": 0.0566192657793989,
        "bleu_1": 0.26692816892486565,
        "bleu_2": 0.11776365535991727,
        "judge": 0.375
      },
      "Y3": {
        "em": 0.0,
        "contains_gt": 0.0,
        "f1": 0.43483638052220636,
        "bleu": 0.04186061387806069,
        "bleu_1": 0.30954012595337416,
        "bleu_2": 0.17156434148808872,
        "judge": 1.0
      }
    },
    "by_cell": {
      "X4_Y1": {
        "em": 0.0,
        "contains_gt": 0.0,
        "f1": 0.0,
        "bleu": 0.0,
        "bleu_1": 0.0,
        "bleu_2": 0.0,
        "judge": 0.0
      },
      "X3_Y2": {
        "em": 0.07407407407407407,
        "contains_gt": 0.1111111111111111,
        "f1": 0.23571760036664838,
        "bleu": 0.04248203996698847,
        "bleu_1": 0.1744120646079808,
        "bleu_2": 0.09361504020464051,
        "judge": 0.3333333333333333
      },
      "X1_Y2": {
        "em": 0.38095238095238093,
        "contains_gt": 0.38095238095238093,
        "f1": 0.39285714285714285,
        "bleu": 0.07711232382934105,
        "bleu_1": 0.38910185903226335,
        "bleu_2": 0.1561845822463603,
        "judge": 0.4523809523809524
      },
      "X2_Y2": {
        "em": 0.5,
        "contains_gt": 0.5,
        "f1": 0.5,
        "bleu": 0.08891397050194615,
        "bleu_1": 0.5,
        "bleu_2": 0.158113883008419,
        "judge": 0.5
      },
      "X4_Y2": {
        "em": 0.0,
        "contains_gt": 0.0,
        "f1": 0.0,
        "bleu": 0.0,
        "bleu_1": 0.0,
        "bleu_2": 0.0,
        "judge": 0.0
      },
      "X1_Y1": {
        "em": 0.0,
        "contains_gt": 0.0,
        "f1": 0.2518518518518519,
        "bleu": 0.051366161009111434,
        "bleu_1": 0.16702800345813604,
        "bleu_2": 0.06300905848270152,
        "judge": 0.8333333333333334
      },
      "X3_Y3": {
        "em": 0.0,
        "contains_gt": 0.0,
        "f1": 0.38324872283009315,
        "bleu": 0.03626037695646747,
        "bleu_1": 0.26190195048362097,
        "bleu_2": 0.14226713907788224,
        "judge": 1.0
      },
      "X3_Y1": {
        "em": 0.0,
        "contains_gt": 0.0,
        "f1": 0.29225589225589227,
        "bleu": 0.04424352599695628,
        "bleu_1": 0.26570880412699516,
        "bleu_2": 0.1271768514329958,
        "judge": 1.0
      },
      "X2_Y1": {
        "em": 0.0,
        "contains_gt": 0.0,
        "f1": 0.6666666666666666,
        "bleu": 0.06541924356118012,
        "bleu_1": 0.36787944117144233,
        "bleu_2": 0.11633369384516798,
        "judge": 1.0
      },
      "X1_Y3": {
        "em": 0.0,
        "contains_gt": 0.0,
        "f1": 0.5380116959064327,
        "bleu": 0.05306108772124713,
        "bleu_1": 0.4048164768928805,
        "bleu_2": 0.23015874630850164,
        "judge": 1.0
      }
    }
  },
  "method_runtime": {
    "num_memories": 125,
    "debug_dir": "/Users/qingyuejiao/Desktop/MemoryBench/output/concat_brand_social_open/reflexion"
  },
  "judge_model": "gpt-5.2",
  "judge_rescored_from_predictions": true
}
