{
  "task_name": "brand_memory_test_open",
  "model_name": "gpt_4_1_nano",
  "model_path": "gpt-4.1-nano",
  "method_name": "mma",
  "base_method_name": "mma",
  "method_modality": "",
  "mode": "open",
  "num_qas": 29,
  "num_qas_run": 29,
  "dialog_json": "/common/home/mg1998/.cache/memeye_hf/MemEye/data/dialog/Brand_Memory_Test_Open.json",
  "image_root": "/common/home/mg1998/.cache/memeye_hf/MemEye/data/image",
  "run_dir": "/common/home/mg1998/MemoryBench/Benchmark_Pipeline/runs/brand_memory_test_open/20260424_184301_gpt_4_1_nano_mma",
  "git_commit": "658ab1743219fa7a98e5672df9c7253b6b5b5e6d",
  "summary": {
    "open_count": 29,
    "overall": {
      "em": 0.0,
      "contains_gt": 0.06896551724137931,
      "f1": 0.05115239921011286,
      "bleu": 0.007243429049222419,
      "bleu_1": 0.03076499923809628,
      "bleu_2": 0.019247532519805537,
      "judge": 0.29310344827586204
    },
    "by_x": {
      "X4": {
        "em": 0.0,
        "contains_gt": 0.0,
        "f1": 0.11764705882352941,
        "bleu": 0.007859438681510603,
        "bleu_1": 0.06666666666666667,
        "bleu_2": 0.015430334996209192,
        "judge": 0.5
      },
      "X2": {
        "em": 0.0,
        "contains_gt": 0.0,
        "f1": 0.0683982683982684,
        "bleu": 0.006946100316785413,
        "bleu_1": 0.040168294038263073,
        "bleu_2": 0.01886453273291868,
        "judge": 0.3333333333333333
      },
      "X1": {
        "em": 0.0,
        "contains_gt": 0.09523809523809523,
        "f1": 0.039892183288409704,
        "bleu": 0.007269712531605545,
        "bleu_1": 0.02465913715913716,
        "bleu_2": 0.019720503651639524,
        "judge": 0.2619047619047619
      }
    },
    "by_y": {
      "Y1": {
        "em": 0.0,
        "contains_gt": 0.0,
        "f1": 0.11764705882352941,
        "bleu": 0.007859438681510603,
        "bleu_1": 0.06666666666666667,
        "bleu_2": 0.015430334996209192,
        "judge": 0.5
      },
      "Y2": {
        "em": 0.0,
        "contains_gt": 0.07407407407407407,
        "f1": 0.046226868868378304,
        "bleu": 0.007197798706089961,
        "bleu_1": 0.028105616465609586,
        "bleu_2": 0.01953028789192378,
        "judge": 0.2777777777777778
      }
    },
    "by_cell": {
      "X4_Y1": {
        "em": 0.0,
        "contains_gt": 0.0,
        "f1": 0.23529411764705882,
        "bleu": 0.015718877363021206,
        "bleu_1": 0.13333333333333333,
        "bleu_2": 0.030860669992418384,
        "judge": 1.0
      },
      "X2_Y2": {
        "em": 0.0,
        "contains_gt": 0.0,
        "f1": 0.0683982683982684,
        "bleu": 0.006946100316785413,
        "bleu_1": 0.040168294038263073,
        "bleu_2": 0.01886453273291868,
        "judge": 0.3333333333333333
      },
      "X1_Y2": {
        "em": 0.0,
        "contains_gt": 0.1,
        "f1": 0.04188679245283019,
        "bleu": 0.007633198158185823,
        "bleu_1": 0.025892094017094018,
        "bleu_2": 0.020706528834221503,
        "judge": 0.275
      },
      "X4_Y2": {
        "em": 0.0,
        "contains_gt": 0.0,
        "f1": 0.0,
        "bleu": 0.0,
        "bleu_1": 0.0,
        "bleu_2": 0.0,
        "judge": 0.0
      },
      "X1_Y1": {
        "em": 0.0,
        "contains_gt": 0.0,
        "f1": 0.0,
        "bleu": 0.0,
        "bleu_1": 0.0,
        "bleu_2": 0.0,
        "judge": 0.0
      }
    }
  },
  "judge": {
    "enabled": true,
    "model": "gpt-5.2",
    "scored_open_rows": 29
  }
}
