{
  "task_name": "cartoon_entertainment_companion_open",
  "model_name": "gpt_4_1_nano",
  "model_path": "gpt-4.1-nano",
  "method_name": "a_mem",
  "base_method_name": "a_mem",
  "method_modality": "",
  "mode": "open",
  "num_qas": 76,
  "num_qas_run": 76,
  "dialog_json": "/Users/qingyuejiao/Desktop/MemoryBench/Benchmark_Pipeline/data/dialog/Cartoon_Entertainment_Companion_Open.json",
  "image_root": "/Users/qingyuejiao/Desktop/MemoryBench/Benchmark_Pipeline/data/image",
  "run_dir": "/Users/qingyuejiao/Desktop/MemoryBench/Benchmark_Pipeline/runs/cartoon_entertainment_companion_open/20260424_180641_gpt_4_1_nano_a_mem",
  "git_commit": "b24985b9af7b246db9e6e807768083d0acb8c78a",
  "summary": {
    "open_count": 76,
    "overall": {
      "em": 0.10526315789473684,
      "contains_gt": 0.10526315789473684,
      "f1": 0.29595655196629506,
      "bleu": 0.07273245411420692,
      "bleu_1": 0.2343152744113096,
      "bleu_2": 0.15804485639687219,
      "judge": 0.4276315789473684
    },
    "by_x": {
      "X2": {
        "em": 0.0,
        "contains_gt": 0.0,
        "f1": 0.03571428571428571,
        "bleu": 0.0020035962684772876,
        "bleu_1": 0.023809523809523808,
        "bleu_2": 0.00445435403187374,
        "judge": 0.25
      },
      "X4": {
        "em": 0.16666666666666666,
        "contains_gt": 0.16666666666666666,
        "f1": 0.3338322406257189,
        "bleu": 0.10698542476596866,
        "bleu_1": 0.29436348318730726,
        "bleu_2": 0.17237279301168412,
        "judge": 0.4375
      },
      "X3": {
        "em": 0.1,
        "contains_gt": 0.1,
        "f1": 0.3225227693416548,
        "bleu": 0.06418421800403724,
        "bleu_1": 0.22915970132526547,
        "bleu_2": 0.1749028511531683,
        "judge": 0.4166666666666667
      },
      "X1": {
        "em": 0.0625,
        "contains_gt": 0.0625,
        "f1": 0.28692221124286343,
        "bleu": 0.06390426253528107,
        "bleu_1": 0.23284931725931549,
        "bleu_2": 0.16254064969347343,
        "judge": 0.5
      }
    },
    "by_y": {
      "Y1": {
        "em": 0.09090909090909091,
        "contains_gt": 0.09090909090909091,
        "f1": 0.1951244042153133,
        "bleu": 0.05227024067824891,
        "bleu_1": 0.1401196766607313,
        "bleu_2": 0.07581613941265129,
        "judge": 0.3333333333333333
      },
      "Y2": {
        "em": 0.13157894736842105,
        "contains_gt": 0.13157894736842105,
        "f1": 0.39693537634616693,
        "bleu": 0.09545344520996829,
        "bleu_1": 0.3257461497931295,
        "bleu_2": 0.238593274721258,
        "judge": 0.5263157894736842
      },
      "Y3": {
        "em": 0.0,
        "contains_gt": 0.0,
        "f1": 0.1940096618357488,
        "bleu": 0.035103530463743426,
        "bleu_1": 0.16113156666329512,
        "bleu_2": 0.08858640922739795,
        "judge": 0.3
      }
    },
    "by_cell": {
      "X2_Y1": {
        "em": 0.0,
        "contains_gt": 0.0,
        "f1": 0.0,
        "bleu": 0.0,
        "bleu_1": 0.0,
        "bleu_2": 0.0,
        "judge": 0.125
      },
      "X4_Y2": {
        "em": 0.09090909090909091,
        "contains_gt": 0.09090909090909091,
        "f1": 0.4374521613652049,
        "bleu": 0.11018130112504212,
        "bleu_1": 0.36952032695412496,
        "bleu_2": 0.22768104547697665,
        "judge": 0.5454545454545454
      },
      "X3_Y2": {
        "em": 0.17647058823529413,
        "contains_gt": 0.17647058823529413,
        "f1": 0.4014980370607761,
        "bleu": 0.09526507307617628,
        "bleu_1": 0.3293721504963929,
        "bleu_2": 0.26341080212948925,
        "judge": 0.5
      },
      "X2_Y2": {
        "em": 0.0,
        "contains_gt": 0.0,
        "f1": 0.10714285714285714,
        "bleu": 0.006010788805431863,
        "bleu_1": 0.07142857142857142,
        "bleu_2": 0.013363062095621221,
        "judge": 0.5
      },
      "X4_Y1": {
        "em": 0.25,
        "contains_gt": 0.25,
        "f1": 0.26666666666666666,
        "bleu": 0.11297132350064872,
        "bleu_1": 0.25,
        "bleu_2": 0.13603796100280632,
        "judge": 0.375
      },
      "X3_Y1": {
        "em": 0.0,
        "contains_gt": 0.0,
        "f1": 0.21924741924741925,
        "bleu": 0.023540022909701603,
        "bleu_1": 0.09811265240917576,
        "bleu_2": 0.059161684491825524,
        "judge": 0.3076923076923077
      },
      "X1_Y1": {
        "em": 0.0,
        "contains_gt": 0.0,
        "f1": 0.09722222222222221,
        "bleu": 0.01581044063707715,
        "bleu_1": 0.08712121212121213,
        "bleu_2": 0.02509379254752117,
        "judge": 0.5
      },
      "X1_Y2": {
        "em": 0.125,
        "contains_gt": 0.125,
        "f1": 0.4039772727272727,
        "bleu": 0.09796359821218392,
        "bleu_1": 0.32143079929346546,
        "bleu_2": 0.25716789734606255,
        "judge": 0.5625
      },
      "X1_Y3": {
        "em": 0.0,
        "contains_gt": 0.0,
        "f1": 0.242512077294686,
        "bleu": 0.04387941307967928,
        "bleu_1": 0.2014144583291189,
        "bleu_2": 0.11073301153424744,
        "judge": 0.375
      },
      "X4_Y3": {
        "em": 0.0,
        "contains_gt": 0.0,
        "f1": 0.0,
        "bleu": 0.0,
        "bleu_1": 0.0,
        "bleu_2": 0.0,
        "judge": 0.0
      }
    }
  },
  "method_runtime": {
    "num_memories": 299,
    "debug_dir": "/Users/qingyuejiao/Desktop/MemoryBench/output/cartoon_entertainment_companion_open/a_mem"
  },
  "judge": {
    "enabled": true,
    "model": "gpt-5.2",
    "scored_open_rows": 76
  }
}
