{
  "task_name": "brand_memory_test",
  "model_name": "gpt_5_4_mini",
  "model_path": "gpt-5.4-mini",
  "method_name": "reflexion",
  "base_method_name": "reflexion",
  "method_modality": "",
  "mode": "mcq",
  "num_qas": 29,
  "num_qas_run": 29,
  "dialog_json": "/Users/qingyuejiao/Desktop/MemoryBench/Benchmark_Pipeline/data/dialog/Brand_Memory_Test.json",
  "image_root": "/Users/qingyuejiao/Desktop/MemoryBench/Benchmark_Pipeline/data/image",
  "run_dir": "/Users/qingyuejiao/Desktop/MemoryBench/Benchmark_Pipeline/runs/brand_memory_test/20260426_131307_gpt_5_4_mini_reflexion",
  "git_commit": "f50478ca8d87824ef1e9bc48c2b9e0d49e54305a",
  "summary": {
    "open_count": 29,
    "overall": {
      "em": 0.4396551724137931,
      "contains_gt": 0.5172413793103449,
      "f1": 0.4396551724137931
    },
    "by_x": {
      "X4": {
        "em": 0.5,
        "contains_gt": 0.5,
        "f1": 0.5
      },
      "X2": {
        "em": 0.6666666666666666,
        "contains_gt": 0.6666666666666666,
        "f1": 0.6666666666666666
      },
      "X1": {
        "em": 0.36904761904761907,
        "contains_gt": 0.47619047619047616,
        "f1": 0.36904761904761907
      }
    },
    "by_y": {
      "Y1": {
        "em": 0.75,
        "contains_gt": 0.5,
        "f1": 0.75
      },
      "Y2": {
        "em": 0.4166666666666667,
        "contains_gt": 0.5185185185185185,
        "f1": 0.4166666666666667
      }
    },
    "by_cell": {
      "X4_Y1": {
        "em": 1.0,
        "contains_gt": 1.0,
        "f1": 1.0
      },
      "X2_Y2": {
        "em": 0.6666666666666666,
        "contains_gt": 0.6666666666666666,
        "f1": 0.6666666666666666
      },
      "X1_Y2": {
        "em": 0.3625,
        "contains_gt": 0.5,
        "f1": 0.3625
      },
      "X4_Y2": {
        "em": 0.0,
        "contains_gt": 0.0,
        "f1": 0.0
      },
      "X1_Y1": {
        "em": 0.5,
        "contains_gt": 0.0,
        "f1": 0.5
      }
    },
    "mcq_count": 29,
    "mcq_valid_rate": 1.0,
    "mcq_overall": {
      "em": 0.4396551724137931,
      "contains_gt": 0.5172413793103449,
      "f1": 0.4396551724137931
    },
    "mcq_per_position_accuracy": {
      "A": 0.41379310344827586,
      "B": 0.4827586206896552,
      "C": 0.3448275862068966,
      "D": 0.5172413793103449
    }
  },
  "method_runtime": {
    "num_memories": 72,
    "debug_dir": "/Users/qingyuejiao/Desktop/MemoryBench/output/brand_memory_test/reflexion"
  }
}