{
  "task_name": "brand_memory_test_open",
  "model_name": "gpt_5_4_mini",
  "model_path": "gpt-5.4-mini",
  "method_name": "gen_agents__text_only",
  "base_method_name": "gen_agents",
  "method_modality": "text_only",
  "mode": "open",
  "num_qas": 29,
  "num_qas_run": 29,
  "dialog_json": "/Users/qingyuejiao/Desktop/MemoryBench/Benchmark_Pipeline/data/dialog/Brand_Memory_Test_Open.json",
  "image_root": "/Users/qingyuejiao/Desktop/MemoryBench/Benchmark_Pipeline/data/image",
  "run_dir": "/Users/qingyuejiao/Desktop/MemoryBench/Benchmark_Pipeline/runs/brand_memory_test_open/20260426_125406_gpt_5_4_mini_gen_agents__text_only",
  "git_commit": "f50478ca8d87824ef1e9bc48c2b9e0d49e54305a",
  "summary": {
    "open_count": 29,
    "overall": {
      "em": 0.1724137931034483,
      "contains_gt": 0.20689655172413793,
      "f1": 0.2260561277802657,
      "bleu": 0.052762216194130344,
      "bleu_1": 0.21284423482306186,
      "bleu_2": 0.1242343561789501,
      "judge": 0.25862068965517243
    },
    "by_x": {
      "X4": {
        "em": 0.0,
        "contains_gt": 0.0,
        "f1": 0.08333333333333334,
        "bleu": 0.010552670315936322,
        "bleu_1": 0.05000000000000001,
        "bleu_2": 0.016666666666666673,
        "judge": 0.0
      },
      "X2": {
        "em": 0.16666666666666666,
        "contains_gt": 0.16666666666666666,
        "f1": 0.23095238095238096,
        "bleu": 0.06832368791345493,
        "bleu_1": 0.2168906283652105,
        "bleu_2": 0.18548603482546808,
        "judge": 0.16666666666666666
      },
      "X1": {
        "em": 0.19047619047619047,
        "contains_gt": 0.23809523809523808,
        "f1": 0.23824984539270255,
        "bleu": 0.05233603816748466,
        "bleu_1": 0.22719709712750147,
        "bleu_2": 0.11697841842397196,
        "judge": 0.30952380952380953
      }
    },
    "by_y": {
      "Y1": {
        "em": 0.0,
        "contains_gt": 0.0,
        "f1": 0.36904761904761907,
        "bleu": 0.09550488255829244,
        "bleu_1": 0.3,
        "bleu_2": 0.22079081189859817,
        "judge": 0.5
      },
      "Y2": {
        "em": 0.18518518518518517,
        "contains_gt": 0.2222222222222222,
        "f1": 0.21546416546416547,
        "bleu": 0.04959609275974797,
        "bleu_1": 0.20638825221736273,
        "bleu_2": 0.11708202612564284,
        "judge": 0.24074074074074073
      }
    },
    "by_cell": {
      "X4_Y1": {
        "em": 0.0,
        "contains_gt": 0.0,
        "f1": 0.16666666666666669,
        "bleu": 0.021105340631872645,
        "bleu_1": 0.10000000000000002,
        "bleu_2": 0.03333333333333335,
        "judge": 0.0
      },
      "X2_Y2": {
        "em": 0.16666666666666666,
        "contains_gt": 0.16666666666666666,
        "f1": 0.23095238095238096,
        "bleu": 0.06832368791345493,
        "bleu_1": 0.2168906283652105,
        "bleu_2": 0.18548603482546808,
        "judge": 0.16666666666666666
      },
      "X1_Y2": {
        "em": 0.2,
        "contains_gt": 0.25,
        "f1": 0.2215909090909091,
        "bleu": 0.04645761885162328,
        "bleu_1": 0.21355695198387653,
        "bleu_2": 0.10241492482197741,
        "judge": 0.275
      },
      "X4_Y2": {
        "em": 0.0,
        "contains_gt": 0.0,
        "f1": 0.0,
        "bleu": 0.0,
        "bleu_1": 0.0,
        "bleu_2": 0.0,
        "judge": 0.0
      },
      "X1_Y1": {
        "em": 0.0,
        "contains_gt": 0.0,
        "f1": 0.5714285714285715,
        "bleu": 0.16990442448471224,
        "bleu_1": 0.5,
        "bleu_2": 0.408248290463863,
        "judge": 1.0
      }
    }
  },
  "method_runtime": {
    "caption_validation_passed": true,
    "caption_validation_round_count": 30,
    "method_modality": "text_only",
    "history_source": "retrieval",
    "captions_loaded": true,
    "images_loaded": false,
    "num_memories": 72,
    "debug_dir": "/Users/qingyuejiao/Desktop/MemoryBench/Benchmark_Pipeline/output/brand_memory_test_open/gen_agents",
    "history_turns_after_truncation": 1,
    "retrieved_round_ids": [
      "BRAND_S34:R1",
      "BRAND_S38:R1",
      "BRAND_S41:R1",
      "BRAND_S18:R1",
      "BRAND_S41:R2",
      "BRAND_S40:R1",
      "BRAND_S27:R1",
      "BRAND_S37:R1",
      "BRAND_S16:R1",
      "BRAND_S7:R1"
    ]
  },
  "judge_model": "gpt-5.2",
  "judge_rescored_from_predictions": true
}
