{
  "task_name": "cartoon_entertainment_companion",
  "model_name": "gpt_4_1_nano",
  "model_path": "gpt-4.1-nano",
  "method_name": "simplemem__multimodal",
  "base_method_name": "simplemem",
  "method_modality": "multimodal",
  "mode": "mcq",
  "num_qas": 76,
  "num_qas_run": 76,
  "dialog_json": "/common/home/mg1998/MemoryBench/Benchmark_Pipeline/data/dialog/Cartoon_Entertainment_Companion.json",
  "image_root": "/common/home/mg1998/.cache/memeye_hf/MemEye/data/image",
  "run_dir": "/common/home/mg1998/MemoryBench/Benchmark_Pipeline/runs/cartoon_entertainment_companion/20260424_144602_gpt_4_1_nano_simplemem__multimodal",
  "git_commit": "658ab1743219fa7a98e5672df9c7253b6b5b5e6d",
  "summary": {
    "open_count": 76,
    "overall": {
      "em": 0.4407894736842105,
      "contains_gt": 0.40789473684210525,
      "f1": 0.4407894736842105
    },
    "by_x": {
      "X3": {
        "em": 0.391304347826087,
        "contains_gt": 0.2608695652173913,
        "f1": 0.391304347826087
      },
      "X4": {
        "em": 0.391304347826087,
        "contains_gt": 0.43478260869565216,
        "f1": 0.391304347826087
      },
      "X2": {
        "em": 0.39285714285714285,
        "contains_gt": 0.42857142857142855,
        "f1": 0.39285714285714285
      },
      "X1": {
        "em": 0.625,
        "contains_gt": 0.5625,
        "f1": 0.625
      }
    },
    "by_y": {
      "Y1": {
        "em": 0.46875,
        "contains_gt": 0.5,
        "f1": 0.46875
      },
      "Y2": {
        "em": 0.4230769230769231,
        "contains_gt": 0.3333333333333333,
        "f1": 0.4230769230769231
      },
      "Y3": {
        "em": 0.4,
        "contains_gt": 0.4,
        "f1": 0.4
      }
    },
    "by_cell": {
      "X3_Y1": {
        "em": 0.3409090909090909,
        "contains_gt": 0.36363636363636365,
        "f1": 0.3409090909090909
      },
      "X4_Y2": {
        "em": 0.45,
        "contains_gt": 0.5,
        "f1": 0.45
      },
      "X2_Y2": {
        "em": 0.2222222222222222,
        "contains_gt": 0.2222222222222222,
        "f1": 0.2222222222222222
      },
      "X3_Y2": {
        "em": 0.4375,
        "contains_gt": 0.16666666666666666,
        "f1": 0.4375
      },
      "X4_Y1": {
        "em": 0.375,
        "contains_gt": 0.4166666666666667,
        "f1": 0.375
      },
      "X1_Y1": {
        "em": 0.8125,
        "contains_gt": 0.75,
        "f1": 0.8125
      },
      "X1_Y2": {
        "em": 0.59375,
        "contains_gt": 0.5,
        "f1": 0.59375
      },
      "X2_Y1": {
        "em": 0.7,
        "contains_gt": 0.8,
        "f1": 0.7
      },
      "X1_Y3": {
        "em": 0.5,
        "contains_gt": 0.5,
        "f1": 0.5
      },
      "X4_Y3": {
        "em": 0.0,
        "contains_gt": 0.0,
        "f1": 0.0
      }
    },
    "mcq_count": 76,
    "mcq_valid_rate": 0.8552631578947368,
    "mcq_overall": {
      "em": 0.4407894736842105,
      "contains_gt": 0.40789473684210525,
      "f1": 0.4407894736842105
    },
    "mcq_per_position_accuracy": {
      "A": 0.3684210526315789,
      "B": 0.4868421052631579,
      "C": 0.5,
      "D": 0.40789473684210525
    }
  },
  "method_runtime": {
    "num_memories": 299,
    "debug_dir": "/common/home/mg1998/MemoryBench/output/cartoon_entertainment_companion/simplemem",
    "data_dir": "/common/home/mg1998/MemoryBench/runs/simplemem/cartoon_entertainment_companion"
  }
}