{
  "task_name": "social_chat_memory_test_open",
  "model_name": "qwen3_vl_8b_openrouter",
  "model_path": "qwen/qwen3-vl-8b-instruct",
  "method_name": "mma",
  "base_method_name": "mma",
  "method_modality": "",
  "mode": "open",
  "num_qas": 44,
  "num_qas_run": 44,
  "dialog_json": "/common/home/mg1998/.cache/memeye_hf/MemEye/data/dialog/Social_Chat_Memory_Test_Open.json",
  "image_root": "/common/home/mg1998/.cache/memeye_hf/MemEye/data/image",
  "run_dir": "/common/home/mg1998/MemoryBench/Benchmark_Pipeline/runs/social_chat_memory_test_open/20260419_202115_qwen3_vl_8b_openrouter_mma",
  "git_commit": "2ede73a357fc683261e8335004aafee97dabd948",
  "summary": {
    "open_count": 44,
    "overall": {
      "em": 0.09090909090909091,
      "contains_gt": 0.11363636363636363,
      "f1": 0.28367885113933433,
      "bleu": 0.07644900848129689,
      "bleu_1": 0.21579390410034321,
      "bleu_2": 0.11812822799591724
    },
    "by_x": {
      "X2": {
        "em": 0.1111111111111111,
        "contains_gt": 0.1388888888888889,
        "f1": 0.25788397366900867,
        "bleu": 0.07794584104405647,
        "bleu_1": 0.19943287609459515,
        "bleu_2": 0.11215341136772886
      },
      "X1": {
        "em": 0.0,
        "contains_gt": 0.0,
        "f1": 0.46183150183150184,
        "bleu": 0.09286685921325248,
        "bleu_1": 0.3628270933009801,
        "bleu_2": 0.18923910428841967
      },
      "X3": {
        "em": 0.0,
        "contains_gt": 0.0,
        "f1": 0.4444444444444444,
        "bleu": 0.04668589976238382,
        "bleu_1": 0.2506063872523878,
        "bleu_2": 0.10696185057001063
      },
      "X4": {
        "em": 0.0,
        "contains_gt": 0.0,
        "f1": 0.0,
        "bleu": 0.0,
        "bleu_1": 0.0,
        "bleu_2": 0.0
      }
    },
    "by_y": {
      "Y2": {
        "em": 0.13333333333333333,
        "contains_gt": 0.16666666666666666,
        "f1": 0.2490333083881471,
        "bleu": 0.08443854820406844,
        "bleu_1": 0.201081315140196,
        "bleu_2": 0.1144197955921539
      },
      "Y3": {
        "em": 0.0,
        "contains_gt": 0.0,
        "f1": 0.30851229380641143,
        "bleu": 0.05506068294029654,
        "bleu_1": 0.19711259140342666,
        "bleu_2": 0.12190843997897861
      },
      "Y1": {
        "em": 0.0,
        "contains_gt": 0.0,
        "f1": 0.4237953080058343,
        "bleu": 0.06501907725543958,
        "bleu_1": 0.31426526583030145,
        "bleu_2": 0.13163010737065203
      }
    },
    "by_cell": {
      "X2_Y2": {
        "em": 0.14814814814814814,
        "contains_gt": 0.18518518518518517,
        "f1": 0.26847322331193296,
        "bleu": 0.09278532926512836,
        "bleu_1": 0.2184854118841684,
        "bleu_2": 0.12351866149888015
      },
      "X2_Y3": {
        "em": 0.0,
        "contains_gt": 0.0,
        "f1": 0.23674655047204066,
        "bleu": 0.03004676545319581,
        "bleu_1": 0.12645315217426586,
        "bleu_2": 0.07070000281741448
      },
      "X2_Y1": {
        "em": 0.0,
        "contains_gt": 0.0,
        "f1": 0.2048555732766259,
        "bleu": 0.040188598236130815,
        "bleu_1": 0.1739195018290946,
        "bleu_2": 0.09277297728799595
      },
      "X1_Y1": {
        "em": 0.0,
        "contains_gt": 0.0,
        "f1": 0.6307692307692307,
        "bleu": 0.10206471263153247,
        "bleu_1": 0.4979768241615412,
        "bleu_2": 0.19756400925737816
      },
      "X1_Y2": {
        "em": 0.0,
        "contains_gt": 0.0,
        "f1": 0.0,
        "bleu": 0.0,
        "bleu_1": 0.0,
        "bleu_2": 0.0
      },
      "X3_Y1": {
        "em": 0.0,
        "contains_gt": 0.0,
        "f1": 0.6666666666666666,
        "bleu": 0.06541924356118012,
        "bleu_1": 0.36787944117144233,
        "bleu_2": 0.11633369384516798
      },
      "X3_Y2": {
        "em": 0.0,
        "contains_gt": 0.0,
        "f1": 0.2222222222222222,
        "bleu": 0.027952555963587523,
        "bleu_1": 0.13333333333333333,
        "bleu_2": 0.09759000729485329
      },
      "X4_Y2": {
        "em": 0.0,
        "contains_gt": 0.0,
        "f1": 0.0,
        "bleu": 0.0,
        "bleu_1": 0.0,
        "bleu_2": 0.0
      },
      "X1_Y3": {
        "em": 0.0,
        "contains_gt": 0.0,
        "f1": 0.5238095238095237,
        "bleu": 0.13010243540159874,
        "bleu_1": 0.40909090909090906,
        "bleu_2": 0.27553375146367104
      }
    }
  }
}