{
  "task_name": "brand_memory_test_open",
  "model_name": "qwen3_vl_8b_openrouter",
  "model_path": "qwen/qwen3-vl-8b-instruct",
  "method_name": "m2a",
  "base_method_name": "m2a",
  "method_modality": "",
  "mode": "open",
  "num_qas": 33,
  "num_qas_run": 33,
  "dialog_json": "/common/home/mg1998/.cache/memeye_hf/MemEye/data/dialog/Brand_Memory_Test_Open.json",
  "image_root": "/common/home/mg1998/.cache/memeye_hf/MemEye/data/image",
  "run_dir": "/common/home/mg1998/MemoryBench/Benchmark_Pipeline/runs/brand_memory_test_open/20260419_131850_qwen3_vl_8b_openrouter_m2a",
  "git_commit": "1925dc9cdf0868770916907350c6c8c4a4cf6f60",
  "summary": {
    "open_count": 33,
    "overall": {
      "em": 0.0,
      "contains_gt": 0.12121212121212122,
      "f1": 0.06920101158533458,
      "bleu": 0.009269462059582937,
      "bleu_1": 0.048231611535380935,
      "bleu_2": 0.025321182586385427
    },
    "by_x": {
      "X2": {
        "em": 0.0,
        "contains_gt": 0.1111111111111111,
        "f1": 0.1258338153074995,
        "bleu": 0.014572893157233627,
        "bleu_1": 0.07672019338686006,
        "bleu_2": 0.03816592435169058
      },
      "X4": {
        "em": 0.0,
        "contains_gt": 0.0,
        "f1": 0.11764705882352941,
        "bleu": 0.007859438681510603,
        "bleu_1": 0.06666666666666667,
        "bleu_2": 0.015430334996209192
      },
      "X1": {
        "em": 0.0,
        "contains_gt": 0.13636363636363635,
        "f1": 0.041628860313703935,
        "bleu": 0.007228060554005139,
        "bleu_1": 0.034901277584204415,
        "bleu_2": 0.02096568346332207
      }
    },
    "by_y": {
      "Y1": {
        "em": 0.0,
        "contains_gt": 0.0,
        "f1": 0.1297134238310709,
        "bleu": 0.011523065461922853,
        "bleu_1": 0.07474747474747474,
        "bleu_2": 0.020337268150064917
      },
      "Y2": {
        "em": 0.0,
        "contains_gt": 0.13333333333333333,
        "f1": 0.06314977036076094,
        "bleu": 0.009044101719348946,
        "bleu_1": 0.04558002521417156,
        "bleu_2": 0.02581957403001748
      }
    },
    "by_cell": {
      "X2_Y1": {
        "em": 0.0,
        "contains_gt": 0.0,
        "f1": 0.15384615384615385,
        "bleu": 0.018850319022747353,
        "bleu_1": 0.0909090909090909,
        "bleu_2": 0.03015113445777637
      },
      "X4_Y1": {
        "em": 0.0,
        "contains_gt": 0.0,
        "f1": 0.23529411764705882,
        "bleu": 0.015718877363021206,
        "bleu_1": 0.13333333333333333,
        "bleu_2": 0.030860669992418384
      },
      "X2_Y2": {
        "em": 0.0,
        "contains_gt": 0.125,
        "f1": 0.12233227299016773,
        "bleu": 0.014038214924044412,
        "bleu_1": 0.07494658119658121,
        "bleu_2": 0.03916777308842986
      },
      "X1_Y2": {
        "em": 0.0,
        "contains_gt": 0.14285714285714285,
        "f1": 0.04361118699530889,
        "bleu": 0.0075722539137196695,
        "bleu_1": 0.03656324318345224,
        "bleu_2": 0.021964049342527884
      },
      "X4_Y2": {
        "em": 0.0,
        "contains_gt": 0.0,
        "f1": 0.0,
        "bleu": 0.0,
        "bleu_1": 0.0,
        "bleu_2": 0.0
      },
      "X1_Y1": {
        "em": 0.0,
        "contains_gt": 0.0,
        "f1": 0.0,
        "bleu": 0.0,
        "bleu_1": 0.0,
        "bleu_2": 0.0
      }
    }
  }
}