{
  "task_name": "brand_memory_test_open",
  "model_name": "qwen3_vl_8b_openrouter",
  "model_path": "qwen/qwen3-vl-8b-instruct",
  "method_name": "mma",
  "base_method_name": "mma",
  "method_modality": "",
  "mode": "open",
  "num_qas": 33,
  "num_qas_run": 33,
  "dialog_json": "/common/home/mg1998/.cache/memeye_hf/MemEye/data/dialog/Brand_Memory_Test_Open.json",
  "image_root": "/common/home/mg1998/.cache/memeye_hf/MemEye/data/image",
  "run_dir": "/common/home/mg1998/MemoryBench/Benchmark_Pipeline/runs/brand_memory_test_open/20260419_200709_qwen3_vl_8b_openrouter_mma",
  "git_commit": "2ede73a357fc683261e8335004aafee97dabd948",
  "summary": {
    "open_count": 33,
    "overall": {
      "em": 0.18181818181818182,
      "contains_gt": 0.18181818181818182,
      "f1": 0.2702741702741703,
      "bleu": 0.062280494517924,
      "bleu_1": 0.24459672570046073,
      "bleu_2": 0.14040780843207598
    },
    "by_x": {
      "X2": {
        "em": 0.1111111111111111,
        "contains_gt": 0.1111111111111111,
        "f1": 0.20396825396825397,
        "bleu": 0.046469349936506435,
        "bleu_1": 0.15219021329335644,
        "bleu_2": 0.12841174973597083
      },
      "X4": {
        "em": 0.0,
        "contains_gt": 0.0,
        "f1": 0.3333333333333333,
        "bleu": 0.03270962178059006,
        "bleu_1": 0.18393972058572117,
        "bleu_2": 0.05816684692258399
      },
      "X1": {
        "em": 0.22727272727272727,
        "contains_gt": 0.22727272727272727,
        "f1": 0.2916666666666667,
        "bleu": 0.07143695118644336,
        "bleu_1": 0.2879136630592524,
        "bleu_2": 0.152791738035891
      }
    },
    "by_y": {
      "Y1": {
        "em": 0.3333333333333333,
        "contains_gt": 0.3333333333333333,
        "f1": 0.5555555555555556,
        "bleu": 0.12721566985933938,
        "bleu_1": 0.4559598137238141,
        "bleu_2": 0.37211123128172263
      },
      "Y2": {
        "em": 0.16666666666666666,
        "contains_gt": 0.16666666666666666,
        "f1": 0.24174603174603174,
        "bleu": 0.05578697698378247,
        "bleu_1": 0.2234604168981254,
        "bleu_2": 0.11723746614711131
      }
    },
    "by_cell": {
      "X2_Y1": {
        "em": 1.0,
        "contains_gt": 1.0,
        "f1": 1.0,
        "bleu": 0.316227766016838,
        "bleu_1": 1.0,
        "bleu_2": 1.0
      },
      "X4_Y1": {
        "em": 0.0,
        "contains_gt": 0.0,
        "f1": 0.6666666666666666,
        "bleu": 0.06541924356118012,
        "bleu_1": 0.36787944117144233,
        "bleu_2": 0.11633369384516798
      },
      "X2_Y2": {
        "em": 0.0,
        "contains_gt": 0.0,
        "f1": 0.10446428571428572,
        "bleu": 0.012749547926464991,
        "bleu_1": 0.046213989955026014,
        "bleu_2": 0.01946321845296719
      },
      "X1_Y2": {
        "em": 0.23809523809523808,
        "contains_gt": 0.23809523809523808,
        "f1": 0.3055555555555555,
        "bleu": 0.0748387107667502,
        "bleu_1": 0.3016238374906454,
        "bleu_2": 0.16006753508521915
      },
      "X4_Y2": {
        "em": 0.0,
        "contains_gt": 0.0,
        "f1": 0.0,
        "bleu": 0.0,
        "bleu_1": 0.0,
        "bleu_2": 0.0
      },
      "X1_Y1": {
        "em": 0.0,
        "contains_gt": 0.0,
        "f1": 0.0,
        "bleu": 0.0,
        "bleu_1": 0.0,
        "bleu_2": 0.0
      }
    }
  }
}