{
  "task_name": "brand_memory_test_open",
  "model_name": "qwen3_vl_8b_openrouter",
  "model_path": "qwen/qwen3-vl-8b-instruct",
  "method_name": "simplemem__multimodal",
  "base_method_name": "simplemem",
  "method_modality": "multimodal",
  "mode": "open",
  "num_qas": 33,
  "num_qas_run": 33,
  "dialog_json": "/common/home/mg1998/.cache/memeye_hf/MemEye/data/dialog/Brand_Memory_Test_Open.json",
  "image_root": "/common/home/mg1998/.cache/memeye_hf/MemEye/data/image",
  "run_dir": "/common/home/mg1998/MemoryBench/Benchmark_Pipeline/runs/brand_memory_test_open/20260421_161340_qwen3_vl_8b_openrouter_simplemem__multimodal",
  "git_commit": "af05dd0d984ce1b9b1b0e1142b0c97e0361ae045",
  "summary": {
    "open_count": 33,
    "overall": {
      "em": 0.15151515151515152,
      "contains_gt": 0.15151515151515152,
      "f1": 0.20115440115440117,
      "bleu": 0.035822883252864535,
      "bleu_1": 0.1717474699860396,
      "bleu_2": 0.07540230012838015
    },
    "by_x": {
      "X2": {
        "em": 0.1111111111111111,
        "contains_gt": 0.1111111111111111,
        "f1": 0.2931216931216931,
        "bleu": 0.03693817314622387,
        "bleu_1": 0.1852962788377007,
        "bleu_2": 0.05995473402067009
      },
      "X4": {
        "em": 0.0,
        "contains_gt": 0.0,
        "f1": 0.0,
        "bleu": 0.0,
        "bleu_1": 0.0,
        "bleu_2": 0.0
      },
      "X1": {
        "em": 0.18181818181818182,
        "contains_gt": 0.18181818181818182,
        "f1": 0.18181818181818182,
        "bleu": 0.038623254046750675,
        "bleu_1": 0.18181818181818182,
        "bleu_2": 0.08857651354775063
      }
    },
    "by_y": {
      "Y1": {
        "em": 0.0,
        "contains_gt": 0.0,
        "f1": 0.0,
        "bleu": 0.0,
        "bleu_1": 0.0,
        "bleu_2": 0.0
      },
      "Y2": {
        "em": 0.16666666666666666,
        "contains_gt": 0.16666666666666666,
        "f1": 0.22126984126984128,
        "bleu": 0.03940517157815099,
        "bleu_1": 0.18892221698464354,
        "bleu_2": 0.08294253014121816
      }
    },
    "by_cell": {
      "X2_Y1": {
        "em": 0.0,
        "contains_gt": 0.0,
        "f1": 0.0,
        "bleu": 0.0,
        "bleu_1": 0.0,
        "bleu_2": 0.0
      },
      "X4_Y1": {
        "em": 0.0,
        "contains_gt": 0.0,
        "f1": 0.0,
        "bleu": 0.0,
        "bleu_1": 0.0,
        "bleu_2": 0.0
      },
      "X2_Y2": {
        "em": 0.125,
        "contains_gt": 0.125,
        "f1": 0.32976190476190476,
        "bleu": 0.04155544478950186,
        "bleu_1": 0.20845831369241327,
        "bleu_2": 0.06744907577325386
      },
      "X1_Y2": {
        "em": 0.19047619047619047,
        "contains_gt": 0.19047619047619047,
        "f1": 0.19047619047619047,
        "bleu": 0.04046245662040547,
        "bleu_1": 0.19047619047619047,
        "bleu_2": 0.09279444276431019
      },
      "X4_Y2": {
        "em": 0.0,
        "contains_gt": 0.0,
        "f1": 0.0,
        "bleu": 0.0,
        "bleu_1": 0.0,
        "bleu_2": 0.0
      },
      "X1_Y1": {
        "em": 0.0,
        "contains_gt": 0.0,
        "f1": 0.0,
        "bleu": 0.0,
        "bleu_1": 0.0,
        "bleu_2": 0.0
      }
    }
  },
  "method_runtime": {
    "num_memories": 72,
    "debug_dir": "/common/home/mg1998/MemoryBench/output/brand_memory_test_open/simplemem",
    "data_dir": "/common/home/mg1998/MemoryBench/runs/simplemem/brand_memory_test_open"
  }
}