{
  "task_name": "social_chat_memory_test_open",
  "model_name": "qwen3_vl_8b_openrouter",
  "model_path": "qwen/qwen3-vl-8b-instruct",
  "method_name": "memoryos",
  "base_method_name": "memoryos",
  "method_modality": "",
  "mode": "open",
  "num_qas": 44,
  "num_qas_run": 44,
  "dialog_json": "/common/home/mg1998/.cache/memeye_hf/MemEye/data/dialog/Social_Chat_Memory_Test_Open.json",
  "image_root": "/common/home/mg1998/.cache/memeye_hf/MemEye/data/image",
  "run_dir": "/common/home/mg1998/MemoryBench/Benchmark_Pipeline/runs/social_chat_memory_test_open/20260419_162806_qwen3_vl_8b_openrouter_memoryos",
  "git_commit": "2ede73a357fc683261e8335004aafee97dabd948",
  "summary": {
    "open_count": 44,
    "overall": {
      "em": 0.06818181818181818,
      "contains_gt": 0.09090909090909091,
      "f1": 0.21535641849381715,
      "bleu": 0.06010349819528032,
      "bleu_1": 0.16151474630720916,
      "bleu_2": 0.08730849239968821
    },
    "by_x": {
      "X2": {
        "em": 0.08333333333333333,
        "contains_gt": 0.1111111111111111,
        "f1": 0.22017187400647237,
        "bleu": 0.0637693512511756,
        "bleu_1": 0.16902275812210157,
        "bleu_2": 0.09024689024585225
      },
      "X1": {
        "em": 0.0,
        "contains_gt": 0.0,
        "f1": 0.1765656565656566,
        "bleu": 0.05668760639776651,
        "bleu_1": 0.1307900207900208,
        "bleu_2": 0.0952703845780864
      },
      "X3": {
        "em": 0.0,
        "contains_gt": 0.0,
        "f1": 0.3333333333333333,
        "bleu": 0.03270962178059006,
        "bleu_1": 0.18393972058572117,
        "bleu_2": 0.05816684692258399
      },
      "X4": {
        "em": 0.0,
        "contains_gt": 0.0,
        "f1": 0.0,
        "bleu": 0.0,
        "bleu_1": 0.0,
        "bleu_2": 0.0
      }
    },
    "by_y": {
      "Y2": {
        "em": 0.1,
        "contains_gt": 0.13333333333333333,
        "f1": 0.1971038522936056,
        "bleu": 0.06872381850551006,
        "bleu_1": 0.16401198096171507,
        "bleu_2": 0.08847348727241774
      },
      "Y3": {
        "em": 0.0,
        "contains_gt": 0.0,
        "f1": 0.24462641117052883,
        "bleu": 0.044905444277397406,
        "bleu_1": 0.1519662954683811,
        "bleu_2": 0.09057279922855192
      },
      "Y1": {
        "em": 0.0,
        "contains_gt": 0.0,
        "f1": 0.2675925925925926,
        "bleu": 0.0372659685346422,
        "bleu_1": 0.1617598408197836,
        "bleu_2": 0.07713110893088891
      }
    },
    "by_cell": {
      "X2_Y2": {
        "em": 0.1111111111111111,
        "contains_gt": 0.14814814814814814,
        "f1": 0.21900428032622846,
        "bleu": 0.07635979833945561,
        "bleu_1": 0.18223553440190565,
        "bleu_2": 0.09830387474713083
      },
      "X2_Y3": {
        "em": 0.0,
        "contains_gt": 0.0,
        "f1": 0.18643790849673203,
        "bleu": 0.01346954114886187,
        "bleu_1": 0.0981345478039953,
        "bleu_2": 0.04281584305885844
      },
      "X2_Y1": {
        "em": 0.0,
        "contains_gt": 0.0,
        "f1": 0.29814814814814816,
        "bleu": 0.05105494766128285,
        "bleu_1": 0.19188419224007738,
        "bleu_2": 0.11259612410833275
      },
      "X1_Y1": {
        "em": 0.0,
        "contains_gt": 0.0,
        "f1": 0.022222222222222223,
        "bleu": 0.0025058623314122585,
        "bleu_1": 0.013513513513513514,
        "bleu_2": 0.004332293707583637
      },
      "X1_Y2": {
        "em": 0.0,
        "contains_gt": 0.0,
        "f1": 0.0,
        "bleu": 0.0,
        "bleu_1": 0.0,
        "bleu_2": 0.0
      },
      "X3_Y1": {
        "em": 0.0,
        "contains_gt": 0.0,
        "f1": 0.6666666666666666,
        "bleu": 0.06541924356118012,
        "bleu_1": 0.36787944117144233,
        "bleu_2": 0.11633369384516798
      },
      "X3_Y2": {
        "em": 0.0,
        "contains_gt": 0.0,
        "f1": 0.0,
        "bleu": 0.0,
        "bleu_1": 0.0,
        "bleu_2": 0.0
      },
      "X4_Y2": {
        "em": 0.0,
        "contains_gt": 0.0,
        "f1": 0.0,
        "bleu": 0.0,
        "bleu_1": 0.0,
        "bleu_2": 0.0
      },
      "X1_Y3": {
        "em": 0.0,
        "contains_gt": 0.0,
        "f1": 0.4191919191919192,
        "bleu": 0.13921315366300402,
        "bleu_1": 0.31346153846153846,
        "bleu_2": 0.23384366773763238
      }
    }
  },
  "method_runtime": {
    "caption_validation_passed": true,
    "caption_validation_round_count": 43,
    "num_memories": 53,
    "debug_dir": "/common/home/mg1998/MemoryBench/Benchmark_Pipeline/output/social_chat_memory_test_open/memoryos/7e1d3ea9141db4cf",
    "data_storage_path": "/common/home/mg1998/MemoryBench/Benchmark_Pipeline/runs/social_chat_memory_test_open/memoryos_data/7e1d3ea9141db4cf",
    "runtime_signature": "7e1d3ea9141db4cf"
  }
}