{
  "task_name": "cartoon_entertainment_companion_open",
  "model_name": "qwen3_vl_8b_openrouter",
  "model_path": "qwen/qwen3-vl-8b-instruct",
  "method_name": "memoryos",
  "base_method_name": "memoryos",
  "method_modality": "",
  "mode": "open",
  "num_qas": 112,
  "num_qas_run": 112,
  "dialog_json": "/common/home/mg1998/MemoryBench/Benchmark_Pipeline/data/dialog/Cartoon_Entertainment_Companion_Open.json",
  "image_root": "/common/home/mg1998/.cache/memeye_hf/MemEye/data/image",
  "run_dir": "/common/home/mg1998/MemoryBench/Benchmark_Pipeline/runs/cartoon_entertainment_companion_open/20260420_012123_qwen3_vl_8b_openrouter_memoryos",
  "git_commit": "5764ee38af5eec9e17baf120735c17bef8c995b5",
  "summary": {
    "open_count": 112,
    "overall": {
      "em": 0.08035714285714286,
      "contains_gt": 0.10714285714285714,
      "f1": 0.27429372103194827,
      "bleu": 0.0691537498386259,
      "bleu_1": 0.20540947787411676,
      "bleu_2": 0.15176621738418497
    },
    "by_x": {
      "X3": {
        "em": 0.10714285714285714,
        "contains_gt": 0.14285714285714285,
        "f1": 0.23814695734753233,
        "bleu": 0.0492944934898186,
        "bleu_1": 0.20294633781996732,
        "bleu_2": 0.14101277224454695
      },
      "X4": {
        "em": 0.0,
        "contains_gt": 0.044444444444444446,
        "f1": 0.2171095875827289,
        "bleu": 0.04690776418007447,
        "bleu_1": 0.15419800992540286,
        "bleu_2": 0.09675160813248376
      },
      "X2": {
        "em": 0.05555555555555555,
        "contains_gt": 0.05555555555555555,
        "f1": 0.359281168607794,
        "bleu": 0.09861691902760958,
        "bleu_1": 0.23523254186583928,
        "bleu_2": 0.17431372829990752
      },
      "X1": {
        "em": 0.23809523809523808,
        "contains_gt": 0.23809523809523808,
        "f1": 0.37218045112781956,
        "bleu": 0.11804858255289795,
        "bleu_1": 0.2928698982244645,
        "bleu_2": 0.26466615470577604
      }
    },
    "by_y": {
      "Y1": {
        "em": 0.022727272727272728,
        "contains_gt": 0.09090909090909091,
        "f1": 0.1812096859187346,
        "bleu": 0.02639494670572646,
        "bleu_1": 0.11344481513053559,
        "bleu_2": 0.05808491701806313
      },
      "Y2": {
        "em": 0.14035087719298245,
        "contains_gt": 0.14035087719298245,
        "f1": 0.3535311811683411,
        "bleu": 0.10277442573025976,
        "bleu_1": 0.2863301951297033,
        "bleu_2": 0.23223182337850096
      },
      "Y3": {
        "em": 0.0,
        "contains_gt": 0.0,
        "f1": 0.23603574986894957,
        "bleu": 0.06597273274993914,
        "bleu_1": 0.15395168488767466,
        "bleu_2": 0.10953327869630762
      }
    },
    "by_cell": {
      "X3_Y1": {
        "em": 0.06666666666666667,
        "contains_gt": 0.13333333333333333,
        "f1": 0.17603174603174604,
        "bleu": 0.035402930850409534,
        "bleu_1": 0.14207731367402465,
        "bleu_2": 0.08152686820633505
      },
      "X4_Y2": {
        "em": 0.0,
        "contains_gt": 0.0,
        "f1": 0.27999381900719816,
        "bleu": 0.0533136118548447,
        "bleu_1": 0.1989614842005356,
        "bleu_2": 0.12609369098509898
      },
      "X2_Y2": {
        "em": 0.1,
        "contains_gt": 0.1,
        "f1": 0.35613123718386874,
        "bleu": 0.1461535296814317,
        "bleu_1": 0.28841270448759687,
        "bleu_2": 0.2413054771080262
      },
      "X3_Y2": {
        "em": 0.15384615384615385,
        "contains_gt": 0.15384615384615385,
        "f1": 0.3098183550195934,
        "bleu": 0.06532321961221367,
        "bleu_1": 0.273179827219132,
        "bleu_2": 0.2096503538270991
      },
      "X2_Y1": {
        "em": 0.0,
        "contains_gt": 0.0,
        "f1": 0.41286287242169595,
        "bleu": 0.046208288152647436,
        "bleu_1": 0.17279581764059773,
        "bleu_2": 0.09517132307786572
      },
      "X4_Y1": {
        "em": 0.0,
        "contains_gt": 0.10526315789473684,
        "f1": 0.10818803975883982,
        "bleu": 0.016193416275684637,
        "bleu_1": 0.07362369402219715,
        "bleu_2": 0.03541414886078527
      },
      "X1_Y1": {
        "em": 0.0,
        "contains_gt": 0.0,
        "f1": 0.2,
        "bleu": 0.011352263535482125,
        "bleu_1": 0.10619676709196599,
        "bleu_2": 0.0222341397194093
      },
      "X4_Y3": {
        "em": 0.0,
        "contains_gt": 0.0,
        "f1": 0.3668976973307366,
        "bleu": 0.13671772598272083,
        "bleu_1": 0.272373818402027,
        "bleu_2": 0.2065972053839541
      },
      "X2_Y3": {
        "em": 0.0,
        "contains_gt": 0.0,
        "f1": 0.21428571428571425,
        "bleu": 0.018159758383385453,
        "bleu_1": 0.15664190143277607,
        "bleu_2": 0.07678219992543962
      },
      "X1_Y2": {
        "em": 0.38461538461538464,
        "contains_gt": 0.38461538461538464,
        "f1": 0.5140350877192983,
        "bleu": 0.18675532814615176,
        "bleu_1": 0.43901270426593514,
        "bleu_2": 0.4192874654657635
      },
      "X1_Y3": {
        "em": 0.0,
        "contains_gt": 0.0,
        "f1": 0.08333333333333334,
        "bleu": 0.0014479783922388826,
        "bleu_1": 0.004578909722183545,
        "bleu_2": 0.004578909722183545
      }
    }
  },
  "method_runtime": {
    "caption_validation_passed": true,
    "caption_validation_round_count": 87,
    "num_memories": 299,
    "debug_dir": "/common/home/mg1998/MemoryBench/Benchmark_Pipeline/output/cartoon_entertainment_companion_open/memoryos/6ba525380593c1c9",
    "data_storage_path": "/common/home/mg1998/MemoryBench/Benchmark_Pipeline/runs/cartoon_entertainment_companion_open/memoryos_data/6ba525380593c1c9",
    "runtime_signature": "6ba525380593c1c9"
  }
}