{
  "task_name": "comic_reading_companion_open",
  "model_name": "qwen3_vl_8b_openrouter",
  "model_path": "qwen/qwen3-vl-8b-instruct",
  "method_name": "mma",
  "base_method_name": "mma",
  "method_modality": "",
  "mode": "open",
  "num_qas": 52,
  "num_qas_run": 52,
  "dialog_json": "/common/home/mg1998/.cache/memeye_hf/MemEye/data/dialog/Comic_Reading_Companion_Open.json",
  "image_root": "/common/home/mg1998/.cache/memeye_hf/MemEye/data/image",
  "run_dir": "/common/home/mg1998/MemoryBench/Benchmark_Pipeline/runs/comic_reading_companion_open/20260419_201020_qwen3_vl_8b_openrouter_mma",
  "git_commit": "2ede73a357fc683261e8335004aafee97dabd948",
  "summary": {
    "open_count": 52,
    "overall": {
      "em": 0.07692307692307693,
      "contains_gt": 0.09615384615384616,
      "f1": 0.355618074521792,
      "bleu": 0.10118835928515035,
      "bleu_1": 0.27023426708093,
      "bleu_2": 0.207960794155784
    },
    "by_x": {
      "X1": {
        "em": 0.10526315789473684,
        "contains_gt": 0.15789473684210525,
        "f1": 0.30540510127264736,
        "bleu": 0.06604724179931024,
        "bleu_1": 0.24118306766349532,
        "bleu_2": 0.19053770311011736
      },
      "X4": {
        "em": 0.058823529411764705,
        "contains_gt": 0.058823529411764705,
        "f1": 0.4015209488981472,
        "bleu": 0.1313971567581529,
        "bleu_1": 0.3184848436425618,
        "bleu_2": 0.24356546943381957
      },
      "X2": {
        "em": 0.09090909090909091,
        "contains_gt": 0.09090909090909091,
        "f1": 0.4525338667245541,
        "bleu": 0.1522407636796845,
        "bleu_1": 0.3243985731902098,
        "bleu_2": 0.2564371844477712
      },
      "X3": {
        "em": 0.0,
        "contains_gt": 0.0,
        "f1": 0.17714285714285716,
        "bleu": 0.01969940465515907,
        "bleu_1": 0.09741539111721809,
        "bleu_2": 0.046464585541624456
      }
    },
    "by_y": {
      "Y2": {
        "em": 0.1111111111111111,
        "contains_gt": 0.14814814814814814,
        "f1": 0.44616767136812957,
        "bleu": 0.1410585137793313,
        "bleu_1": 0.3517736684286855,
        "bleu_2": 0.28908395028563266
      },
      "Y1": {
        "em": 0.05263157894736842,
        "contains_gt": 0.05263157894736842,
        "f1": 0.2583143077064394,
        "bleu": 0.03543856344101277,
        "bleu_1": 0.17047498817714665,
        "bleu_2": 0.10357899540140014
      },
      "Y3": {
        "em": 0.0,
        "contains_gt": 0.0,
        "f1": 0.25627348362855606,
        "bleu": 0.12998035090110518,
        "bleu_1": 0.2192113442113442,
        "bleu_2": 0.17344895429368057
      }
    },
    "by_cell": {
      "X1_Y2": {
        "em": 0.15384615384615385,
        "contains_gt": 0.23076923076923078,
        "f1": 0.35934065934065934,
        "bleu": 0.09162916578650357,
        "bleu_1": 0.3066108977299231,
        "bleu_2": 0.2619948836851364
      },
      "X4_Y2": {
        "em": 0.0,
        "contains_gt": 0.0,
        "f1": 0.46484091918554366,
        "bleu": 0.1532895777889333,
        "bleu_1": 0.3667448959433542,
        "bleu_2": 0.2947098392130919
      },
      "X4_Y1": {
        "em": 0.125,
        "contains_gt": 0.125,
        "f1": 0.3162878787878788,
        "bleu": 0.05322946253482502,
        "bleu_1": 0.2412951754566756,
        "bleu_2": 0.15145233776235636
      },
      "X2_Y1": {
        "em": 0.0,
        "contains_gt": 0.0,
        "f1": 0.22466541588492808,
        "bleu": 0.030106142841758016,
        "bleu_1": 0.1580635732553891,
        "bleu_2": 0.10467393616397881
      },
      "X1_Y1": {
        "em": 0.0,
        "contains_gt": 0.0,
        "f1": 0.3176470588235294,
        "bleu": 0.009362626821591339,
        "bleu_1": 0.09896760825800605,
        "bleu_2": 0.019807274603905814
      },
      "X1_Y3": {
        "em": 0.0,
        "contains_gt": 0.0,
        "f1": 0.12399355877616747,
        "bleu": 0.011248296329791343,
        "bleu_1": 0.09965034965034963,
        "bleu_2": 0.04366708049441119
      },
      "X4_Y3": {
        "em": 0.0,
        "contains_gt": 0.0,
        "f1": 0.5208333333333333,
        "bleu": 0.3674444600437329,
        "bleu_1": 0.4583333333333333,
        "bleu_2": 0.43301270189221935
      },
      "X2_Y2": {
        "em": 0.16666666666666666,
        "contains_gt": 0.16666666666666666,
        "f1": 0.6424242424242425,
        "bleu": 0.25401961437795656,
        "bleu_1": 0.4630110731358938,
        "bleu_2": 0.38290655801759815
      },
      "X3_Y1": {
        "em": 0.0,
        "contains_gt": 0.0,
        "f1": 0.15476190476190477,
        "bleu": 0.019560259312167427,
        "bleu_1": 0.08010257222985594,
        "bleu_2": 0.04834949512501152
      },
      "X3_Y2": {
        "em": 0.0,
        "contains_gt": 0.0,
        "f1": 0.26666666666666666,
        "bleu": 0.020255986027125642,
        "bleu_1": 0.16666666666666669,
        "bleu_2": 0.03892494720807617
      }
    }
  }
}