{
  "task_name": "outdoor_navigation_route_memory_assistant_open",
  "model_name": "qwen3_vl_8b_openrouter",
  "model_path": "qwen/qwen3-vl-8b-instruct",
  "method_name": "simplemem__multimodal",
  "base_method_name": "simplemem",
  "method_modality": "multimodal",
  "mode": "open",
  "num_qas": 40,
  "num_qas_run": 40,
  "dialog_json": "/common/home/mg1998/.cache/memeye_hf/MemEye/data/dialog/Outdoor_Navigation_Route_Memory_Assistant_Open.json",
  "image_root": "/common/home/mg1998/.cache/memeye_hf/MemEye/data/image",
  "run_dir": "/common/home/mg1998/MemoryBench/Benchmark_Pipeline/runs/outdoor_navigation_route_memory_assistant_open/20260421_201210_qwen3_vl_8b_openrouter_simplemem__multimodal",
  "git_commit": "95d14acae2f43ed61ef7e0c915c2eb678f4fe218",
  "summary": {
    "open_count": 40,
    "overall": {
      "em": 0.0,
      "contains_gt": 0.0,
      "f1": 0.07621280952163305,
      "bleu": 0.01242031925642712,
      "bleu_1": 0.06156675145390063,
      "bleu_2": 0.026885741566448417
    },
    "by_x": {
      "X3": {
        "em": 0.0,
        "contains_gt": 0.0,
        "f1": 0.048581451631560565,
        "bleu": 0.007178768005511104,
        "bleu_1": 0.04086969409829612,
        "bleu_2": 0.017047996886793468
      },
      "X1": {
        "em": 0.0,
        "contains_gt": 0.0,
        "f1": 0.25,
        "bleu": 0.05968466905867507,
        "bleu_1": 0.23823593267383675,
        "bleu_2": 0.09182121920262884
      },
      "X4": {
        "em": 0.0,
        "contains_gt": 0.0,
        "f1": 0.028571428571428574,
        "bleu": 0.005555238068023584,
        "bleu_1": 0.025000000000000005,
        "bleu_2": 0.008451542547285166
      },
      "X2": {
        "em": 0.0,
        "contains_gt": 0.0,
        "f1": 0.1687912087912088,
        "bleu": 0.019231167318428378,
        "bleu_1": 0.10389610389610389,
        "bleu_2": 0.059482475274040145
      }
    },
    "by_y": {
      "Y2": {
        "em": 0.0,
        "contains_gt": 0.0,
        "f1": 0.0472160987998092,
        "bleu": 0.006253273348240324,
        "bleu_1": 0.03345357709439606,
        "bleu_2": 0.015552297928983383
      },
      "Y1": {
        "em": 0.0,
        "contains_gt": 0.0,
        "f1": 0.5,
        "bleu": 0.1495348781221221,
        "bleu_1": 0.5,
        "bleu_2": 0.223606797749979
      },
      "Y3": {
        "em": 0.0,
        "contains_gt": 0.0,
        "f1": 0.10160721631309867,
        "bleu": 0.0142071373139011,
        "bleu_1": 0.08406746566936366,
        "bleu_2": 0.03442023990418383
      }
    },
    "by_cell": {
      "X3_Y2": {
        "em": 0.0,
        "contains_gt": 0.0,
        "f1": 0.02176821000350412,
        "bleu": 0.0030195122937321157,
        "bleu_1": 0.015923294771535364,
        "bleu_2": 0.004861244081062148
      },
      "X1_Y1": {
        "em": 0.0,
        "contains_gt": 0.0,
        "f1": 0.5,
        "bleu": 0.1495348781221221,
        "bleu_1": 0.5,
        "bleu_2": 0.223606797749979
      },
      "X4_Y2": {
        "em": 0.0,
        "contains_gt": 0.0,
        "f1": 0.0,
        "bleu": 0.0,
        "bleu_1": 0.0,
        "bleu_2": 0.0
      },
      "X2_Y2": {
        "em": 0.0,
        "contains_gt": 0.0,
        "f1": 0.24957264957264955,
        "bleu": 0.032051945530713964,
        "bleu_1": 0.17316017316017315,
        "bleu_2": 0.0991374587900669
      },
      "X3_Y3": {
        "em": 0.0,
        "contains_gt": 0.0,
        "f1": 0.16655971479500892,
        "bleu": 0.025479493137338653,
        "bleu_1": 0.15063385113604347,
        "bleu_2": 0.07066970923201128
      },
      "X4_Y3": {
        "em": 0.0,
        "contains_gt": 0.0,
        "f1": 0.03571428571428572,
        "bleu": 0.00694404758502948,
        "bleu_1": 0.03125000000000001,
        "bleu_2": 0.010564428184106458
      },
      "X2_Y3": {
        "em": 0.0,
        "contains_gt": 0.0,
        "f1": 0.04761904761904762,
        "bleu": 0.0,
        "bleu_1": 0.0,
        "bleu_2": 0.0
      },
      "X1_Y3": {
        "em": 0.0,
        "contains_gt": 0.0,
        "f1": 0.125,
        "bleu": 0.014759564526951551,
        "bleu_1": 0.10735389901075512,
        "bleu_2": 0.02592842992895377
      }
    }
  },
  "method_runtime": {
    "num_memories": 60,
    "debug_dir": "/common/home/mg1998/MemoryBench/output/outdoor_navigation_route_memory_assistant/simplemem",
    "data_dir": "/common/home/mg1998/MemoryBench/runs/simplemem/outdoor_navigation_route_memory_assistant"
  }
}