{
  "task_name": "home_renovation_interior_design_open",
  "model_name": "qwen3_vl_8b_openrouter",
  "model_path": "qwen/qwen3-vl-8b-instruct",
  "method_name": "reflexion",
  "base_method_name": "reflexion",
  "method_modality": "",
  "mode": "open",
  "num_qas": 65,
  "num_qas_run": 65,
  "dialog_json": "/common/home/mg1998/.cache/memeye_hf/MemEye/data/dialog/Home_Renovation_Interior_Design_Open.json",
  "image_root": "/common/home/mg1998/.cache/memeye_hf/MemEye/data/image",
  "run_dir": "/common/home/mg1998/MemoryBench/Benchmark_Pipeline/runs/home_renovation_interior_design_open/20260419_142930_qwen3_vl_8b_openrouter_reflexion",
  "git_commit": "2ede73a357fc683261e8335004aafee97dabd948",
  "summary": {
    "open_count": 65,
    "overall": {
      "em": 0.046153846153846156,
      "contains_gt": 0.06153846153846154,
      "f1": 0.26573503627194006,
      "bleu": 0.08279246462759254,
      "bleu_1": 0.20949098073683722,
      "bleu_2": 0.11972376560809267
    },
    "by_x": {
      "X4": {
        "em": 0.0,
        "contains_gt": 0.0,
        "f1": 0.17133965068747678,
        "bleu": 0.011982978350312867,
        "bleu_1": 0.08018171687931633,
        "bleu_2": 0.020361715988709506
      },
      "X3": {
        "em": 0.06976744186046512,
        "contains_gt": 0.09302325581395349,
        "f1": 0.3273737135977038,
        "bleu": 0.11715746633195114,
        "bleu_1": 0.2722903798717772,
        "bleu_2": 0.1638063618945027
      },
      "X2": {
        "em": 0.0,
        "contains_gt": 0.0,
        "f1": 0.12756336929295062,
        "bleu": 0.01885665345293523,
        "bleu_1": 0.09675506607146937,
        "bleu_2": 0.04395245952246741
      },
      "X1": {
        "em": 0.0,
        "contains_gt": 0.0,
        "f1": 0.16666666666666669,
        "bleu": 0.002738826828955665,
        "bleu_1": 0.00915781944436709,
        "bleu_2": 0.004095501360654834
      }
    },
    "by_y": {
      "Y2": {
        "em": 0.0,
        "contains_gt": 0.0,
        "f1": 0.16114523755052237,
        "bleu": 0.019979971754362533,
        "bleu_1": 0.0969485120867237,
        "bleu_2": 0.04543390472313192
      },
      "Y1": {
        "em": 0.06666666666666667,
        "contains_gt": 0.08888888888888889,
        "f1": 0.30432119015261655,
        "bleu": 0.10849686251476098,
        "bleu_1": 0.2503497234334853,
        "bleu_2": 0.14660207280481147
      },
      "Y3": {
        "em": 0.0,
        "contains_gt": 0.0,
        "f1": 0.24999999999999997,
        "bleu": 0.04486795988986766,
        "bleu_1": 0.2,
        "bleu_2": 0.11450225318484912
      }
    },
    "by_cell": {
      "X4_Y2": {
        "em": 0.0,
        "contains_gt": 0.0,
        "f1": 0.2111111111111111,
        "bleu": 0.020412414523193152,
        "bleu_1": 0.08333333333333334,
        "bleu_2": 0.02886751345948129
      },
      "X3_Y2": {
        "em": 0.0,
        "contains_gt": 0.0,
        "f1": 0.2866666666666667,
        "bleu": 0.041036951145810824,
        "bleu_1": 0.17825846844149223,
        "bleu_2": 0.10077158187431583
      },
      "X3_Y1": {
        "em": 0.08108108108108109,
        "contains_gt": 0.10810810810810811,
        "f1": 0.3339748563432774,
        "bleu": 0.12950133365943334,
        "bleu_1": 0.2875387979415531,
        "bleu_2": 0.17402821811399247
      },
      "X2_Y3": {
        "em": 0.0,
        "contains_gt": 0.0,
        "f1": 0.3333333333333333,
        "bleu": 0.05982394651982354,
        "bleu_1": 0.26666666666666666,
        "bleu_2": 0.15266967091313216
      },
      "X2_Y1": {
        "em": 0.0,
        "contains_gt": 0.0,
        "f1": 0.11111111111111112,
        "bleu": 0.016515821590069032,
        "bleu_1": 0.07142857142857142,
        "bleu_2": 0.024397501823713332
      },
      "X2_Y2": {
        "em": 0.0,
        "contains_gt": 0.0,
        "f1": 0.05451269732326698,
        "bleu": 0.00407912651856866,
        "bleu_1": 0.039369839508994885,
        "bleu_2": 0.008072244675656644
      },
      "X4_Y1": {
        "em": 0.0,
        "contains_gt": 0.0,
        "f1": 0.1896989966555184,
        "bleu": 0.011007799551223328,
        "bleu_1": 0.09495741367357279,
        "bleu_2": 0.02103174019814269
      },
      "X4_Y3": {
        "em": 0.0,
        "contains_gt": 0.0,
        "f1": 0.0,
        "bleu": 0.0,
        "bleu_1": 0.0,
        "bleu_2": 0.0
      },
      "X1_Y1": {
        "em": 0.0,
        "contains_gt": 0.0,
        "f1": 0.16666666666666669,
        "bleu": 0.002738826828955665,
        "bleu_1": 0.00915781944436709,
        "bleu_2": 0.004095501360654834
      }
    }
  },
  "method_runtime": {
    "num_memories": 120,
    "debug_dir": "/common/home/mg1998/MemoryBench/output/home_renovation_interior_design/reflexion"
  }
}