{
  "task_name": "multi_scene_visual_case_archive_assistant_open",
  "model_name": "qwen3_vl_8b_openrouter",
  "model_path": "qwen/qwen3-vl-8b-instruct",
  "method_name": "m2a",
  "base_method_name": "m2a",
  "method_modality": "",
  "mode": "open",
  "num_qas": 59,
  "num_qas_run": 59,
  "dialog_json": "/common/home/mg1998/.cache/memeye_hf/MemEye/data/dialog/Multi-Scene_Visual_Case_Archive_Assistant_Open.json",
  "image_root": "/common/home/mg1998/.cache/memeye_hf/MemEye/data/image",
  "run_dir": "/common/home/mg1998/MemoryBench/Benchmark_Pipeline/runs/multi_scene_visual_case_archive_assistant_open/20260419_154627_qwen3_vl_8b_openrouter_m2a",
  "git_commit": "2ede73a357fc683261e8335004aafee97dabd948",
  "summary": {
    "open_count": 59,
    "overall": {
      "em": 0.0,
      "contains_gt": 0.01694915254237288,
      "f1": 0.40585060704430403,
      "bleu": 0.14851141194764766,
      "bleu_1": 0.3315046896721592,
      "bleu_2": 0.2837987103572808
    },
    "by_x": {
      "X4": {
        "em": 0.0,
        "contains_gt": 0.0,
        "f1": 0.06775210084033614,
        "bleu": 0.03142379789475585,
        "bleu_1": 0.03846153846153847,
        "bleu_2": 0.03631365196012814
      },
      "X2": {
        "em": 0.0,
        "contains_gt": 0.1111111111111111,
        "f1": 0.11268484601817934,
        "bleu": 0.008835921142742459,
        "bleu_1": 0.07553665910808768,
        "bleu_2": 0.02965123062034115
      },
      "X3": {
        "em": 0.0,
        "contains_gt": 0.0,
        "f1": 0.5222501743155342,
        "bleu": 0.19680659138054046,
        "bleu_1": 0.4327840927779961,
        "bleu_2": 0.37728063422733954
      }
    },
    "by_y": {
      "Y2": {
        "em": 0.0,
        "contains_gt": 0.1,
        "f1": 0.1934142605760253,
        "bleu": 0.07790397455196162,
        "bleu_1": 0.12009934743128022,
        "bleu_2": 0.0969705481271684
      },
      "Y3": {
        "em": 0.0,
        "contains_gt": 0.0,
        "f1": 0.10158515947989633,
        "bleu": 0.010592183115278597,
        "bleu_1": 0.07249012425483013,
        "bleu_2": 0.030882227791616475
      },
      "Y1": {
        "em": 0.0,
        "contains_gt": 0.0,
        "f1": 0.5747343371281953,
        "bleu": 0.2179287549692493,
        "bleu_1": 0.4837614333619944,
        "bleu_2": 0.4270263741254686
      }
    },
    "by_cell": {
      "X4_Y2": {
        "em": 0.0,
        "contains_gt": 0.0,
        "f1": 0.0948529411764706,
        "bleu": 0.043993317052658194,
        "bleu_1": 0.053846153846153856,
        "bleu_2": 0.05083911274417939
      },
      "X2_Y2": {
        "em": 0.0,
        "contains_gt": 0.3333333333333333,
        "f1": 0.18884818884818882,
        "bleu": 0.015030545132159753,
        "bleu_1": 0.10470521541950115,
        "bleu_2": 0.04302693202204181
      },
      "X3_Y3": {
        "em": 0.0,
        "contains_gt": 0.0,
        "f1": 0.17459760512392092,
        "bleu": 0.020653345122083777,
        "bleu_1": 0.11533146591970121,
        "bleu_2": 0.05273773635481385
      },
      "X2_Y3": {
        "em": 0.0,
        "contains_gt": 0.0,
        "f1": 0.0746031746031746,
        "bleu": 0.005738609148033811,
        "bleu_1": 0.060952380952380945,
        "bleu_2": 0.02296337991949082
      },
      "X3_Y1": {
        "em": 0.0,
        "contains_gt": 0.0,
        "f1": 0.5747343371281953,
        "bleu": 0.2179287549692493,
        "bleu_1": 0.4837614333619944,
        "bleu_2": 0.4270263741254686
      },
      "X3_Y2": {
        "em": 0.0,
        "contains_gt": 0.0,
        "f1": 0.4466666666666667,
        "bleu": 0.256990762429923,
        "bleu_1": 0.3088235294117647,
        "bleu_2": 0.2932145607423308
      },
      "X4_Y3": {
        "em": 0.0,
        "contains_gt": 0.0,
        "f1": 0.0,
        "bleu": 0.0,
        "bleu_1": 0.0,
        "bleu_2": 0.0
      }
    }
  }
}