{
  "task_name": "card_playlog_test_open",
  "model_name": "qwen3_vl_8b_openrouter",
  "model_path": "qwen/qwen3-vl-8b-instruct",
  "method_name": "mma",
  "base_method_name": "mma",
  "method_modality": "",
  "mode": "open",
  "num_qas": 48,
  "num_qas_run": 48,
  "dialog_json": "/common/home/mg1998/.cache/memeye_hf/MemEye/data/dialog/Card_Playlog_Test_Open.json",
  "image_root": "/common/home/mg1998/.cache/memeye_hf/MemEye/data/image",
  "run_dir": "/common/home/mg1998/MemoryBench/Benchmark_Pipeline/runs/card_playlog_test_open/20260419_200824_qwen3_vl_8b_openrouter_mma",
  "git_commit": "2ede73a357fc683261e8335004aafee97dabd948",
  "summary": {
    "open_count": 48,
    "overall": {
      "em": 0.2708333333333333,
      "contains_gt": 0.2708333333333333,
      "f1": 0.2708333333333333,
      "bleu": 0.048161734021887496,
      "bleu_1": 0.2708333333333333,
      "bleu_2": 0.08564501996289363
    },
    "by_x": {
      "X4": {
        "em": 0.2708333333333333,
        "contains_gt": 0.2708333333333333,
        "f1": 0.2708333333333333,
        "bleu": 0.048161734021887496,
        "bleu_1": 0.2708333333333333,
        "bleu_2": 0.08564501996289363
      }
    },
    "by_y": {
      "Y3": {
        "em": 0.05263157894736842,
        "contains_gt": 0.05263157894736842,
        "f1": 0.05263157894736842,
        "bleu": 0.009359365315994331,
        "bleu_1": 0.05263157894736842,
        "bleu_2": 0.01664356663246516
      },
      "Y2": {
        "em": 0.41379310344827586,
        "contains_gt": 0.41379310344827586,
        "f1": 0.41379310344827586,
        "bleu": 0.0735839755878175,
        "bleu_1": 0.41379310344827586,
        "bleu_2": 0.13085286869662263
      }
    },
    "by_cell": {
      "X4_Y3": {
        "em": 0.05263157894736842,
        "contains_gt": 0.05263157894736842,
        "f1": 0.05263157894736842,
        "bleu": 0.009359365315994331,
        "bleu_1": 0.05263157894736842,
        "bleu_2": 0.01664356663246516
      },
      "X4_Y2": {
        "em": 0.41379310344827586,
        "contains_gt": 0.41379310344827586,
        "f1": 0.41379310344827586,
        "bleu": 0.0735839755878175,
        "bleu_1": 0.41379310344827586,
        "bleu_2": 0.13085286869662263
      }
    }
  }
}