{
  "task_name": "home_renovation_interior_design_open",
  "model_name": "qwen3_vl_8b_openrouter",
  "model_path": "qwen/qwen3-vl-8b-instruct",
  "method_name": "mma",
  "base_method_name": "mma",
  "method_modality": "",
  "mode": "open",
  "num_qas": 65,
  "num_qas_run": 65,
  "dialog_json": "/common/home/mg1998/.cache/memeye_hf/MemEye/data/dialog/Home_Renovation_Interior_Design_Open.json",
  "image_root": "/common/home/mg1998/.cache/memeye_hf/MemEye/data/image",
  "run_dir": "/common/home/mg1998/MemoryBench/Benchmark_Pipeline/runs/home_renovation_interior_design_open/20260419_201150_qwen3_vl_8b_openrouter_mma",
  "git_commit": "2ede73a357fc683261e8335004aafee97dabd948",
  "summary": {
    "open_count": 65,
    "overall": {
      "em": 0.06153846153846154,
      "contains_gt": 0.06153846153846154,
      "f1": 0.2650948964759008,
      "bleu": 0.08721147431786737,
      "bleu_1": 0.207681851986842,
      "bleu_2": 0.13399619483325526
    },
    "by_x": {
      "X4": {
        "em": 0.0,
        "contains_gt": 0.0,
        "f1": 0.10899122807017544,
        "bleu": 0.009360339342014764,
        "bleu_1": 0.039035883545982995,
        "bleu_2": 0.013358393256043138
      },
      "X3": {
        "em": 0.09302325581395349,
        "contains_gt": 0.09302325581395349,
        "f1": 0.3322765910961019,
        "bleu": 0.11809125440126426,
        "bleu_1": 0.2649384172693994,
        "bleu_2": 0.17690105605496054
      },
      "X2": {
        "em": 0.0,
        "contains_gt": 0.0,
        "f1": 0.15933423301844354,
        "bleu": 0.03968762897468443,
        "bleu_1": 0.13805241293789947,
        "bleu_2": 0.07662616213461104
      },
      "X1": {
        "em": 0.0,
        "contains_gt": 0.0,
        "f1": 0.0,
        "bleu": 0.0,
        "bleu_1": 0.0,
        "bleu_2": 0.0
      }
    },
    "by_y": {
      "Y2": {
        "em": 0.0,
        "contains_gt": 0.0,
        "f1": 0.23010505915952673,
        "bleu": 0.04694761561104295,
        "bleu_1": 0.15551825789023005,
        "bleu_2": 0.10158859002314109
      },
      "Y1": {
        "em": 0.08888888888888889,
        "contains_gt": 0.08888888888888889,
        "f1": 0.30109971831958054,
        "bleu": 0.10927964401965982,
        "bleu_1": 0.24468951673113443,
        "bleu_2": 0.15742967163980742
      },
      "Y3": {
        "em": 0.0,
        "contains_gt": 0.0,
        "f1": 0.0,
        "bleu": 0.0,
        "bleu_1": 0.0,
        "bleu_2": 0.0
      }
    },
    "by_cell": {
      "X4_Y2": {
        "em": 0.0,
        "contains_gt": 0.0,
        "f1": 0.08333333333333333,
        "bleu": 0.0,
        "bleu_1": 0.0,
        "bleu_2": 0.0
      },
      "X3_Y2": {
        "em": 0.0,
        "contains_gt": 0.0,
        "f1": 0.3072782084409991,
        "bleu": 0.05814076829208993,
        "bleu_1": 0.17115734856405349,
        "bleu_2": 0.12639612958231575
      },
      "X3_Y1": {
        "em": 0.10810810810810811,
        "contains_gt": 0.10810810810810811,
        "f1": 0.3363303828780105,
        "bleu": 0.12781295485140065,
        "bleu_1": 0.28014615814053656,
        "bleu_2": 0.18509104413160565
      },
      "X2_Y3": {
        "em": 0.0,
        "contains_gt": 0.0,
        "f1": 0.0,
        "bleu": 0.0,
        "bleu_1": 0.0,
        "bleu_2": 0.0
      },
      "X2_Y1": {
        "em": 0.0,
        "contains_gt": 0.0,
        "f1": 0.2,
        "bleu": 0.056810968323374976,
        "bleu_1": 0.16666666666666666,
        "bleu_2": 0.06454972243679029
      },
      "X2_Y2": {
        "em": 0.0,
        "contains_gt": 0.0,
        "f1": 0.20891812865497075,
        "bleu": 0.050289655003018456,
        "bleu_1": 0.18266850435741996,
        "bleu_2": 0.10838008285954537
      },
      "X4_Y1": {
        "em": 0.0,
        "contains_gt": 0.0,
        "f1": 0.14105263157894737,
        "bleu": 0.014976542947223623,
        "bleu_1": 0.06245741367357279,
        "bleu_2": 0.02137342920966902
      },
      "X4_Y3": {
        "em": 0.0,
        "contains_gt": 0.0,
        "f1": 0.0,
        "bleu": 0.0,
        "bleu_1": 0.0,
        "bleu_2": 0.0
      },
      "X1_Y1": {
        "em": 0.0,
        "contains_gt": 0.0,
        "f1": 0.0,
        "bleu": 0.0,
        "bleu_1": 0.0,
        "bleu_2": 0.0
      }
    }
  }
}