{
  "task_name": "brand_memory_test_open",
  "model_name": "qwen3_vl_8b_openrouter",
  "model_path": "qwen/qwen3-vl-8b-instruct",
  "method_name": "gen_agents__text_only",
  "base_method_name": "gen_agents",
  "method_modality": "text_only",
  "mode": "open",
  "num_qas": 33,
  "num_qas_run": 33,
  "dialog_json": "/common/home/mg1998/.cache/memeye_hf/MemEye/data/dialog/Brand_Memory_Test_Open.json",
  "image_root": "/common/home/mg1998/.cache/memeye_hf/MemEye/data/image",
  "run_dir": "/common/home/mg1998/MemoryBench/Benchmark_Pipeline/runs/brand_memory_test_open/20260419_144749_qwen3_vl_8b_openrouter_gen_agents__text_only",
  "git_commit": "2ede73a357fc683261e8335004aafee97dabd948",
  "summary": {
    "open_count": 33,
    "overall": {
      "em": 0.18181818181818182,
      "contains_gt": 0.18181818181818182,
      "f1": 0.23069415964152806,
      "bleu": 0.05156339200751422,
      "bleu_1": 0.2058516124718179,
      "bleu_2": 0.12982672456740726
    },
    "by_x": {
      "X2": {
        "em": 0.4444444444444444,
        "contains_gt": 0.4444444444444444,
        "f1": 0.5736563631300473,
        "bleu": 0.13998049072533206,
        "bleu_1": 0.49966268576582895,
        "bleu_2": 0.3936985334331819
      },
      "X4": {
        "em": 0.0,
        "contains_gt": 0.0,
        "f1": 0.1,
        "bleu": 0.01388809517005896,
        "bleu_1": 0.06250000000000001,
        "bleu_2": 0.021128856368212916
      },
      "X1": {
        "em": 0.09090909090909091,
        "contains_gt": 0.09090909090909091,
        "f1": 0.10227272727272728,
        "bleu": 0.018817787699084664,
        "bleu_1": 0.09868813816716049,
        "bleu_2": 0.03176079077678985
      }
    },
    "by_y": {
      "Y1": {
        "em": 0.3333333333333333,
        "contains_gt": 0.3333333333333333,
        "f1": 0.4,
        "bleu": 0.11466798545231864,
        "bleu_1": 0.375,
        "bleu_2": 0.3474192375788086
      },
      "Y2": {
        "em": 0.16666666666666666,
        "contains_gt": 0.16666666666666666,
        "f1": 0.21376357560568088,
        "bleu": 0.045252932663033776,
        "bleu_1": 0.1889367737189997,
        "bleu_2": 0.10806747326626713
      }
    },
    "by_cell": {
      "X2_Y1": {
        "em": 1.0,
        "contains_gt": 1.0,
        "f1": 1.0,
        "bleu": 0.316227766016838,
        "bleu_1": 1.0,
        "bleu_2": 1.0
      },
      "X4_Y1": {
        "em": 0.0,
        "contains_gt": 0.0,
        "f1": 0.2,
        "bleu": 0.02777619034011792,
        "bleu_1": 0.12500000000000003,
        "bleu_2": 0.04225771273642583
      },
      "X2_Y2": {
        "em": 0.375,
        "contains_gt": 0.375,
        "f1": 0.5203634085213033,
        "bleu": 0.11794958131389383,
        "bleu_1": 0.43712052148655756,
        "bleu_2": 0.31791085011232967
      },
      "X1_Y2": {
        "em": 0.09523809523809523,
        "contains_gt": 0.09523809523809523,
        "f1": 0.10714285714285714,
        "bleu": 0.019713872827612507,
        "bleu_1": 0.10338757331797765,
        "bleu_2": 0.03327320938520841
      },
      "X4_Y2": {
        "em": 0.0,
        "contains_gt": 0.0,
        "f1": 0.0,
        "bleu": 0.0,
        "bleu_1": 0.0,
        "bleu_2": 0.0
      },
      "X1_Y1": {
        "em": 0.0,
        "contains_gt": 0.0,
        "f1": 0.0,
        "bleu": 0.0,
        "bleu_1": 0.0,
        "bleu_2": 0.0
      }
    }
  },
  "method_runtime": {
    "caption_validation_passed": true,
    "caption_validation_round_count": 30,
    "method_modality": "text_only",
    "history_source": "retrieval",
    "captions_loaded": true,
    "images_loaded": false,
    "num_memories": 72,
    "debug_dir": "/common/home/mg1998/MemoryBench/Benchmark_Pipeline/output/brand_memory_test_open/gen_agents",
    "history_turns_after_truncation": 1,
    "retrieved_round_ids": [
      "D4:1",
      "BK2:1",
      "CC5:1",
      "CX2:1",
      "CC4:1",
      "M5:1",
      "P5:1",
      "P4:1",
      "S3:1",
      "S4:1"
    ]
  }
}