{
  "task_name": "social_chat_memory_test_open",
  "model_name": "gpt_4_1_nano",
  "model_path": "gpt-4.1-nano",
  "method_name": "full_context_multimodal",
  "base_method_name": "full_context_multimodal",
  "method_modality": "",
  "mode": "open",
  "num_qas": 37,
  "num_qas_run": 37,
  "dialog_json": "/Users/qingyuejiao/Desktop/MemoryBench/Benchmark_Pipeline/data/dialog/Social_Chat_Memory_Test_Open.json",
  "image_root": "/Users/qingyuejiao/Desktop/MemoryBench/Benchmark_Pipeline/data/image",
  "run_dir": "/Users/qingyuejiao/Desktop/MemoryBench/Benchmark_Pipeline/runs/social_chat_memory_test_open/20260424_172817_gpt_4_1_nano_full_context_multimodal",
  "git_commit": "b24985b9af7b246db9e6e807768083d0acb8c78a",
  "summary": {
    "open_count": 37,
    "overall": {
      "em": 0.0,
      "contains_gt": 0.05405405405405406,
      "f1": 0.1946075917031199,
      "bleu": 0.046441886912473446,
      "bleu_1": 0.13226083486777027,
      "bleu_2": 0.0761358767488437,
      "judge": 0.3108108108108108
    },
    "by_x": {
      "X2": {
        "em": 0.0,
        "contains_gt": 0.034482758620689655,
        "f1": 0.17912491393422522,
        "bleu": 0.05281268544032945,
        "bleu_1": 0.12402597735206736,
        "bleu_2": 0.08181430711131511,
        "judge": 0.25862068965517243
      },
      "X1": {
        "em": 0.0,
        "contains_gt": 0.0,
        "f1": 0.27076874738165063,
        "bleu": 0.01820852176811609,
        "bleu_1": 0.17222222222222222,
        "bleu_2": 0.0359864697987119,
        "judge": 0.6
      },
      "X3": {
        "em": 0.0,
        "contains_gt": 0.5,
        "f1": 0.2490842490842491,
        "bleu": 0.03135384298562236,
        "bleu_1": 0.14646464646464646,
        "bleu_2": 0.1078425904190464,
        "judge": 0.5
      },
      "X4": {
        "em": 0.0,
        "contains_gt": 0.0,
        "f1": 0.15384615384615383,
        "bleu": 0.033031643180138064,
        "bleu_1": 0.14285714285714285,
        "bleu_2": 0.048795003647426664,
        "judge": 0.0
      }
    },
    "by_y": {
      "Y2": {
        "em": 0.0,
        "contains_gt": 0.04,
        "f1": 0.1507899902666637,
        "bleu": 0.04732795466173956,
        "bleu_1": 0.10344832828675182,
        "bleu_2": 0.06648549023209849,
        "judge": 0.2
      },
      "Y3": {
        "em": 0.0,
        "contains_gt": 0.0,
        "f1": 0.2693228094257607,
        "bleu": 0.0419300101716265,
        "bleu_1": 0.17782948992196412,
        "bleu_2": 0.09368377813353726,
        "judge": 0.5833333333333334
      },
      "Y1": {
        "em": 0.0,
        "contains_gt": 0.16666666666666666,
        "f1": 0.30246571329904665,
        "bleu": 0.04726181469804493,
        "bleu_1": 0.20674429056781998,
        "bleu_2": 0.09879791918392189,
        "judge": 0.5
      }
    },
    "by_cell": {
      "X2_Y2": {
        "em": 0.0,
        "contains_gt": 0.045454545454545456,
        "f1": 0.15570124601564764,
        "bleu": 0.05124195948521756,
        "bleu_1": 0.10601090696366099,
        "bleu_2": 0.0696589565367996,
        "judge": 0.22727272727272727
      },
      "X2_Y3": {
        "em": 0.0,
        "contains_gt": 0.0,
        "f1": 0.2501823708206687,
        "bleu": 0.05552165872458953,
        "bleu_1": 0.16952201266072395,
        "bleu_2": 0.12365909448596418,
        "judge": 0.625
      },
      "X2_Y1": {
        "em": 0.0,
        "contains_gt": 0.0,
        "f1": 0.2561552028218695,
        "bleu": 0.060719378065469946,
        "bleu_1": 0.19547511312217197,
        "bleu_2": 0.11516049482489672,
        "judge": 0.0
      },
      "X1_Y1": {
        "em": 0.0,
        "contains_gt": 0.0,
        "f1": 0.36931818181818177,
        "bleu": 0.030774591354589792,
        "bleu_1": 0.2361111111111111,
        "bleu_2": 0.05623302906809634,
        "judge": 1.0
      },
      "X1_Y2": {
        "em": 0.0,
        "contains_gt": 0.0,
        "f1": 0.0,
        "bleu": 0.0,
        "bleu_1": 0.0,
        "bleu_2": 0.0,
        "judge": 0.0
      },
      "X3_Y1": {
        "em": 0.0,
        "contains_gt": 1.0,
        "f1": 0.3076923076923077,
        "bleu": 0.03986357128268015,
        "bleu_1": 0.18181818181818182,
        "bleu_2": 0.13483997249264845,
        "judge": 1.0
      },
      "X3_Y2": {
        "em": 0.0,
        "contains_gt": 0.0,
        "f1": 0.1904761904761905,
        "bleu": 0.02284411468856457,
        "bleu_1": 0.11111111111111109,
        "bleu_2": 0.08084520834544433,
        "judge": 0.0
      },
      "X4_Y2": {
        "em": 0.0,
        "contains_gt": 0.0,
        "f1": 0.15384615384615383,
        "bleu": 0.033031643180138064,
        "bleu_1": 0.14285714285714285,
        "bleu_2": 0.048795003647426664,
        "judge": 0.0
      },
      "X1_Y3": {
        "em": 0.0,
        "contains_gt": 0.0,
        "f1": 0.30760368663594473,
        "bleu": 0.014746713065700436,
        "bleu_1": 0.19444444444444445,
        "bleu_2": 0.033733145428683414,
        "judge": 0.5
      }
    }
  },
  "method_runtime": {
    "method_modality": "multimodal",
    "history_source": "full_context",
    "captions_loaded": false,
    "images_loaded": true,
    "history_turns_after_truncation": 106,
    "history_turns_before_truncation": 106
  },
  "judge": {
    "enabled": true,
    "model": "gpt-5.2",
    "scored_open_rows": 37
  }
}
