{
  "task_name": "concat_multiscene_outdoor_open",
  "model_name": "gpt_5_4_mini",
  "model_path": "gpt-5.4-mini",
  "method_name": "a_mem",
  "base_method_name": "a_mem",
  "method_modality": "",
  "mode": "open",
  "num_qas": 78,
  "num_qas_run": 78,
  "dialog_json": "/Users/qingyuejiao/Desktop/MemoryBench/Benchmark_Pipeline/data/dialog/concat_multiscene_outdoor_open.json",
  "image_root": "/Users/qingyuejiao/Desktop/MemoryBench/Benchmark_Pipeline/data/image",
  "run_dir": "/Users/qingyuejiao/Desktop/MemoryBench/Benchmark_Pipeline/runs/concat_multiscene_outdoor_open/20260427_155200_gpt_5_4_mini_a_mem",
  "git_commit": "d8ac0cb71367c6f0314274b4a514968eab3f678b",
  "summary": {
    "open_count": 78,
    "overall": {
      "em": 0.15384615384615385,
      "contains_gt": 0.1794871794871795,
      "f1": 0.2872350321743034,
      "bleu": 0.1548009455258968,
      "bleu_1": 0.2548897824280389,
      "bleu_2": 0.21920996651838723,
      "judge": 0.30128205128205127
    },
    "by_x": {
      "X4": {
        "em": 0.1111111111111111,
        "contains_gt": 0.1111111111111111,
        "f1": 0.35185185185185186,
        "bleu": 0.1762870979293029,
        "bleu_1": 0.3188432633513161,
        "bleu_2": 0.2971031348182506,
        "judge": 0.3333333333333333
      },
      "X3": {
        "em": 0.20930232558139536,
        "contains_gt": 0.2558139534883721,
        "f1": 0.3372546873770864,
        "bleu": 0.1949423524517059,
        "bleu_1": 0.2935171641382199,
        "bleu_2": 0.2631705893888955,
        "judge": 0.36046511627906974
      },
      "X2": {
        "em": 0.08695652173913043,
        "contains_gt": 0.08695652173913043,
        "f1": 0.18416149068322982,
        "bleu": 0.08503625374394548,
        "bleu_1": 0.16915546092529268,
        "bleu_2": 0.1254133492868462,
        "judge": 0.17391304347826086
      },
      "X1": {
        "em": 0.0,
        "contains_gt": 0.0,
        "f1": 0.16666666666666666,
        "bleu": 0.0498449593740407,
        "bleu_1": 0.16666666666666666,
        "bleu_2": 0.07453559924999299,
        "judge": 0.3333333333333333
      }
    },
    "by_y": {
      "Y2": {
        "em": 0.0,
        "contains_gt": 0.0,
        "f1": 0.10770404271548437,
        "bleu": 0.04904935339611947,
        "bleu_1": 0.09009994763547126,
        "bleu_2": 0.06499758693844282,
        "judge": 0.043478260869565216
      },
      "Y3": {
        "em": 0.17391304347826086,
        "contains_gt": 0.17391304347826086,
        "f1": 0.28315814620162444,
        "bleu": 0.15129736000481417,
        "bleu_1": 0.2646324477066273,
        "bleu_2": 0.2249611212464784,
        "judge": 0.30434782608695654
      },
      "Y1": {
        "em": 0.25,
        "contains_gt": 0.3125,
        "f1": 0.4192031926406926,
        "bleu": 0.23332810446245233,
        "bleu_1": 0.3663299355162114,
        "bleu_2": 0.32591647188065676,
        "judge": 0.484375
      }
    },
    "by_cell": {
      "X4_Y2": {
        "em": 0.0,
        "contains_gt": 0.0,
        "f1": 0.35416666666666663,
        "bleu": 0.2288520024364707,
        "bleu_1": 0.30073067587379454,
        "bleu_2": 0.27414448604365743,
        "judge": 0.25
      },
      "X3_Y2": {
        "em": 0.0,
        "contains_gt": 0.0,
        "f1": 0.051754385964912275,
        "bleu": 0.004960596504519265,
        "bleu_1": 0.025848396305824434,
        "bleu_2": 0.00772860165105039,
        "judge": 0.0
      },
      "X3_Y3": {
        "em": 0.16666666666666666,
        "contains_gt": 0.16666666666666666,
        "f1": 0.2128205128205128,
        "bleu": 0.17263218528664767,
        "bleu_1": 0.20726495726495728,
        "bleu_2": 0.1773739052308613,
        "judge": 0.16666666666666666
      },
      "X3_Y1": {
        "em": 0.25806451612903225,
        "contains_gt": 0.3225806451612903,
        "f1": 0.41659684401619884,
        "bleu": 0.23603111176375333,
        "bleu_1": 0.36201799795221823,
        "bleu_2": 0.32921678394938825,
        "judge": 0.46774193548387094
      },
      "X2_Y3": {
        "em": 0.2,
        "contains_gt": 0.2,
        "f1": 0.34857142857142853,
        "bleu": 0.17728702967729967,
        "bleu_1": 0.31762898869960177,
        "bleu_2": 0.253251208809421,
        "judge": 0.4
      },
      "X4_Y3": {
        "em": 0.2,
        "contains_gt": 0.2,
        "f1": 0.35,
        "bleu": 0.13423517432356866,
        "bleu_1": 0.3333333333333333,
        "bleu_2": 0.31547005383792515,
        "judge": 0.4
      },
      "X2_Y2": {
        "em": 0.0,
        "contains_gt": 0.0,
        "f1": 0.057692307692307696,
        "bleu": 0.01407411841059611,
        "bleu_1": 0.054945054945054944,
        "bleu_2": 0.027076534269480985,
        "judge": 0.0
      },
      "X1_Y1": {
        "em": 0.0,
        "contains_gt": 0.0,
        "f1": 0.5,
        "bleu": 0.1495348781221221,
        "bleu_1": 0.5,
        "bleu_2": 0.223606797749979,
        "judge": 1.0
      },
      "X1_Y3": {
        "em": 0.0,
        "contains_gt": 0.0,
        "f1": 0.0,
        "bleu": 0.0,
        "bleu_1": 0.0,
        "bleu_2": 0.0,
        "judge": 0.0
      }
    }
  },
  "method_runtime": {
    "num_memories": 177,
    "debug_dir": "/Users/qingyuejiao/Desktop/MemoryBench/output/concat_multiscene_outdoor_open/a_mem"
  },
  "judge_model": "gpt-5.2",
  "judge_rescored_from_predictions": true
}
