{
  "task_name": "personal_health_dashboard_assistant",
  "model_name": "gpt_5_4_mini",
  "model_path": "gpt-5.4-mini",
  "method_name": "clue_only_context__multimodal",
  "base_method_name": "clue_only_context",
  "method_modality": "multimodal",
  "mode": "mcq",
  "num_qas": 51,
  "num_qas_run": 51,
  "dialog_json": "/common/home/mg1998/MemoryBench/Benchmark_Pipeline/data/dialog/Personal_Health_Dashboard_Assistant.json",
  "image_root": "/common/home/mg1998/MemoryBench/Benchmark_Pipeline/data/image",
  "run_dir": "/common/home/mg1998/MemoryBench/Benchmark_Pipeline/runs/personal_health_dashboard_assistant/20260425_234412_gpt_5_4_mini_clue_only_context__multimodal",
  "git_commit": "7eb4b31f1f56487e02ecff48e751fe66ab6c6c5f",
  "summary": {
    "open_count": 51,
    "overall": {
      "em": 0.6764705882352942,
      "contains_gt": 0.7450980392156863,
      "f1": 0.6764705882352942
    },
    "by_x": {
      "X4": {
        "em": 0.6534090909090909,
        "contains_gt": 0.7272727272727273,
        "f1": 0.6534090909090909
      },
      "X2": {
        "em": 0.875,
        "contains_gt": 1.0,
        "f1": 0.875
      },
      "X1": {
        "em": 0.75,
        "contains_gt": 0.6666666666666666,
        "f1": 0.75
      }
    },
    "by_y": {
      "Y2": {
        "em": 0.6647727272727273,
        "contains_gt": 0.75,
        "f1": 0.6647727272727273
      },
      "Y3": {
        "em": 0.7083333333333334,
        "contains_gt": 0.6666666666666666,
        "f1": 0.7083333333333334
      },
      "Y1": {
        "em": 1.0,
        "contains_gt": 1.0,
        "f1": 1.0
      }
    },
    "by_cell": {
      "X4_Y2": {
        "em": 0.64375,
        "contains_gt": 0.725,
        "f1": 0.64375
      },
      "X4_Y3": {
        "em": 0.75,
        "contains_gt": 0.75,
        "f1": 0.75
      },
      "X2_Y2": {
        "em": 0.875,
        "contains_gt": 1.0,
        "f1": 0.875
      },
      "X1_Y3": {
        "em": 0.625,
        "contains_gt": 0.5,
        "f1": 0.625
      },
      "X1_Y1": {
        "em": 1.0,
        "contains_gt": 1.0,
        "f1": 1.0
      }
    },
    "mcq_count": 51,
    "mcq_valid_rate": 1.0,
    "mcq_overall": {
      "em": 0.6764705882352942,
      "contains_gt": 0.7450980392156863,
      "f1": 0.6764705882352942
    },
    "mcq_per_position_accuracy": {
      "A": 0.6470588235294118,
      "B": 0.6862745098039216,
      "C": 0.6274509803921569,
      "D": 0.7450980392156863
    }
  },
  "method_runtime": {
    "method_modality": "multimodal",
    "history_source": "clue_only",
    "captions_loaded": false,
    "images_loaded": true,
    "history_turns_after_truncation": 6
  }
}