{
  "task_name": "home_renovation_interior_design_open",
  "model_name": "gpt_5_4_mini",
  "model_path": "gpt-5.4-mini",
  "method_name": "clue_only_context__multimodal",
  "base_method_name": "clue_only_context",
  "method_modality": "multimodal",
  "mode": "open",
  "num_qas": 52,
  "num_qas_run": 52,
  "dialog_json": "/common/home/mg1998/.cache/memeye_hf/MemEye/data/dialog/Home_Renovation_Interior_Design_Open.json",
  "image_root": "/common/home/mg1998/.cache/memeye_hf/MemEye/data/image",
  "run_dir": "/common/home/mg1998/MemoryBench/Benchmark_Pipeline/runs/home_renovation_interior_design_open/20260425_173417_gpt_5_4_mini_clue_only_context__multimodal",
  "git_commit": "7eb4b31f1f56487e02ecff48e751fe66ab6c6c5f",
  "summary": {
    "open_count": 52,
    "overall": {
      "em": 0.1346153846153846,
      "contains_gt": 0.2692307692307692,
      "f1": 0.4665877266273194,
      "bleu": 0.1915228929433033,
      "bleu_1": 0.39339016370839247,
      "bleu_2": 0.28389500569443304,
      "judge": 0.7692307692307693
    },
    "by_x": {
      "X4": {
        "em": 0.0,
        "contains_gt": 0.125,
        "f1": 0.14226190476190476,
        "bleu": 0.01096311881539067,
        "bleu_1": 0.05230924213184158,
        "bleu_2": 0.025781809808575352,
        "judge": 0.5625
      },
      "X3": {
        "em": 0.16666666666666666,
        "contains_gt": 0.3333333333333333,
        "f1": 0.5262076657909991,
        "bleu": 0.22744812341428433,
        "bleu_1": 0.4502576453382378,
        "bleu_2": 0.3294675154706678,
        "judge": 0.8194444444444444
      },
      "X2": {
        "em": 0.14285714285714285,
        "contains_gt": 0.14285714285714285,
        "f1": 0.4933882643966678,
        "bleu": 0.2227784313483712,
        "bleu_1": 0.4636008586102543,
        "bleu_2": 0.3192698677465764,
        "judge": 0.7142857142857143
      },
      "X1": {
        "em": 0.0,
        "contains_gt": 0.0,
        "f1": 0.7272727272727272,
        "bleu": 0.1239040201758117,
        "bleu_1": 0.5833333333333334,
        "bleu_2": 0.46056618647183833,
        "judge": 1.0
      }
    },
    "by_y": {
      "Y2": {
        "em": 0.08333333333333333,
        "contains_gt": 0.16666666666666666,
        "f1": 0.37362331296154827,
        "bleu": 0.1323049150244948,
        "bleu_1": 0.3061063613536196,
        "bleu_2": 0.21127169035594037,
        "judge": 0.6666666666666666
      },
      "Y1": {
        "em": 0.15384615384615385,
        "contains_gt": 0.28205128205128205,
        "f1": 0.49982994213763443,
        "bleu": 0.21373104230450665,
        "bleu_1": 0.4260601412801617,
        "bleu_2": 0.3103638082271769,
        "judge": 0.7948717948717948
      },
      "Y3": {
        "em": 0.0,
        "contains_gt": 1.0,
        "f1": 0.2857142857142857,
        "bleu": 0.03602080288207364,
        "bleu_1": 0.16666666666666669,
        "bleu_2": 0.12309149097933275,
        "judge": 1.0
      }
    },
    "by_cell": {
      "X4_Y2": {
        "em": 0.0,
        "contains_gt": 0.0,
        "f1": 0.08333333333333333,
        "bleu": 0.0,
        "bleu_1": 0.0,
        "bleu_2": 0.0,
        "judge": 0.0
      },
      "X3_Y2": {
        "em": 0.0,
        "contains_gt": 0.2,
        "f1": 0.27976190476190477,
        "bleu": 0.0298755263592381,
        "bleu_1": 0.1689473985276644,
        "bleu_2": 0.08987866597634799,
        "judge": 0.8
      },
      "X3_Y1": {
        "em": 0.1935483870967742,
        "contains_gt": 0.3548387096774194,
        "f1": 0.5659569820860143,
        "bleu": 0.2593146713263885,
        "bleu_1": 0.4956302657915561,
        "bleu_2": 0.3681108782923323,
        "judge": 0.8225806451612904
      },
      "X2_Y1": {
        "em": 0.0,
        "contains_gt": 0.0,
        "f1": 0.2678571428571429,
        "bleu": 0.06058383547042574,
        "bleu_1": 0.20833333333333334,
        "bleu_2": 0.07451105991824514,
        "judge": 0.5
      },
      "X2_Y2": {
        "em": 0.2,
        "contains_gt": 0.2,
        "f1": 0.5836007130124777,
        "bleu": 0.2876562696995494,
        "bleu_1": 0.5657078687210226,
        "bleu_2": 0.41717339087790895,
        "judge": 0.8
      },
      "X4_Y1": {
        "em": 0.0,
        "contains_gt": 0.0,
        "f1": 0.13714285714285715,
        "bleu": 0.010336829528210344,
        "bleu_1": 0.05036145407761319,
        "bleu_2": 0.01663259749785401,
        "judge": 0.7
      },
      "X4_Y3": {
        "em": 0.0,
        "contains_gt": 1.0,
        "f1": 0.2857142857142857,
        "bleu": 0.03602080288207364,
        "bleu_1": 0.16666666666666669,
        "bleu_2": 0.12309149097933275,
        "judge": 1.0
      },
      "X1_Y1": {
        "em": 0.0,
        "contains_gt": 0.0,
        "f1": 0.7272727272727272,
        "bleu": 0.1239040201758117,
        "bleu_1": 0.5833333333333334,
        "bleu_2": 0.46056618647183833,
        "judge": 1.0
      }
    }
  },
  "method_runtime": {
    "method_modality": "multimodal",
    "history_source": "clue_only",
    "captions_loaded": false,
    "images_loaded": true,
    "history_turns_after_truncation": 2
  },
  "judge": {
    "enabled": true,
    "model": "gpt-5.2",
    "scored_open_rows": 52
  }
}