{
  "task_name": "personal_health_dashboard_assistant",
  "model_name": "gpt_5_4_mini",
  "model_path": "gpt-5.4-mini",
  "method_name": "full_context_multimodal",
  "base_method_name": "full_context_multimodal",
  "method_modality": "",
  "mode": "mcq",
  "num_qas": 51,
  "num_qas_run": 51,
  "dialog_json": "/Users/qingyuejiao/Desktop/MemoryBench/Benchmark_Pipeline/data/dialog/Personal_Health_Dashboard_Assistant.json",
  "image_root": "/Users/qingyuejiao/Desktop/MemoryBench/Benchmark_Pipeline/data/image",
  "run_dir": "/Users/qingyuejiao/Desktop/MemoryBench/Benchmark_Pipeline/runs/personal_health_dashboard_assistant/20260426_172530_gpt_5_4_mini_full_context_multimodal",
  "git_commit": "f50478ca8d87824ef1e9bc48c2b9e0d49e54305a",
  "summary": {
    "open_count": 51,
    "overall": {
      "em": 0.29901960784313725,
      "contains_gt": 0.29411764705882354,
      "f1": 0.29901960784313725
    },
    "by_x": {
      "X4": {
        "em": 0.26136363636363635,
        "contains_gt": 0.22727272727272727,
        "f1": 0.26136363636363635
      },
      "X3": {
        "em": 0.1875,
        "contains_gt": 0.5,
        "f1": 0.1875
      },
      "X1": {
        "em": 1.0,
        "contains_gt": 1.0,
        "f1": 1.0
      }
    },
    "by_y": {
      "Y2": {
        "em": 0.23295454545454544,
        "contains_gt": 0.22727272727272727,
        "f1": 0.23295454545454544
      },
      "Y3": {
        "em": 0.6666666666666666,
        "contains_gt": 0.6666666666666666,
        "f1": 0.6666666666666666
      },
      "Y1": {
        "em": 1.0,
        "contains_gt": 1.0,
        "f1": 1.0
      }
    },
    "by_cell": {
      "X4_Y2": {
        "em": 0.2375,
        "contains_gt": 0.2,
        "f1": 0.2375
      },
      "X4_Y3": {
        "em": 0.5,
        "contains_gt": 0.5,
        "f1": 0.5
      },
      "X3_Y2": {
        "em": 0.1875,
        "contains_gt": 0.5,
        "f1": 0.1875
      },
      "X1_Y3": {
        "em": 1.0,
        "contains_gt": 1.0,
        "f1": 1.0
      },
      "X1_Y1": {
        "em": 1.0,
        "contains_gt": 1.0,
        "f1": 1.0
      }
    },
    "mcq_count": 51,
    "mcq_valid_rate": 1.0,
    "mcq_overall": {
      "em": 0.29901960784313725,
      "contains_gt": 0.29411764705882354,
      "f1": 0.29901960784313725
    },
    "mcq_per_position_accuracy": {
      "A": 0.29411764705882354,
      "B": 0.3137254901960784,
      "C": 0.29411764705882354,
      "D": 0.29411764705882354
    }
  },
  "method_runtime": {
    "method_modality": "multimodal",
    "history_source": "full_context",
    "captions_loaded": false,
    "images_loaded": true,
    "history_turns_after_truncation": 194,
    "history_turns_before_truncation": 194
  }
}