{
  "task_name": "brand_memory_test_open",
  "model_name": "gpt_5_4_mini",
  "model_path": "gpt-5.4-mini",
  "method_name": "semantic_rag_multimodal",
  "base_method_name": "semantic_rag_multimodal",
  "method_modality": "multimodal",
  "mode": "open",
  "num_qas": 29,
  "num_qas_run": 29,
  "dialog_json": "/common/home/mg1998/.cache/memeye_hf/MemEye/data/dialog/Brand_Memory_Test_Open.json",
  "image_root": "/common/home/mg1998/.cache/memeye_hf/MemEye/data/image",
  "run_dir": "/common/home/mg1998/MemoryBench/Benchmark_Pipeline/runs/brand_memory_test_open/20260425_151540_gpt_5_4_mini_semantic_rag_multimodal",
  "git_commit": "7eb4b31f1f56487e02ecff48e751fe66ab6c6c5f",
  "summary": {
    "open_count": 29,
    "overall": {
      "em": 0.5172413793103449,
      "contains_gt": 0.5172413793103449,
      "f1": 0.638095238095238,
      "bleu": 0.1593937055012014,
      "bleu_1": 0.6091148383073901,
      "bleu_2": 0.2931484133231984,
      "judge": 0.7068965517241379
    },
    "by_x": {
      "X4": {
        "em": 0.0,
        "contains_gt": 0.0,
        "f1": 0.3333333333333333,
        "bleu": 0.03270962178059006,
        "bleu_1": 0.18393972058572117,
        "bleu_2": 0.05816684692258399,
        "judge": 0.5
      },
      "X2": {
        "em": 0.3333333333333333,
        "contains_gt": 0.3333333333333333,
        "f1": 0.5861111111111111,
        "bleu": 0.11952055167429503,
        "bleu_1": 0.5077418116238118,
        "bleu_2": 0.29851829911532635,
        "judge": 0.8333333333333334
      },
      "X1": {
        "em": 0.6190476190476191,
        "contains_gt": 0.6190476190476191,
        "f1": 0.6819727891156463,
        "bleu": 0.18285118599656622,
        "bleu_1": 0.6785714285714286,
        "bleu_2": 0.3139933570397918,
        "judge": 0.6904761904761905
      }
    },
    "by_y": {
      "Y1": {
        "em": 0.0,
        "contains_gt": 0.0,
        "f1": 0.6190476190476191,
        "bleu": 0.11766183402294618,
        "bleu_1": 0.43393972058572117,
        "bleu_2": 0.2622909921545155,
        "judge": 0.75
      },
      "Y2": {
        "em": 0.5555555555555556,
        "contains_gt": 0.5555555555555556,
        "f1": 0.6395061728395062,
        "bleu": 0.16248495524033144,
        "bleu_1": 0.6220907729534396,
        "bleu_2": 0.29543414822458236,
        "judge": 0.7037037037037037
      }
    },
    "by_cell": {
      "X4_Y1": {
        "em": 0.0,
        "contains_gt": 0.0,
        "f1": 0.6666666666666666,
        "bleu": 0.06541924356118012,
        "bleu_1": 0.36787944117144233,
        "bleu_2": 0.11633369384516798,
        "judge": 1.0
      },
      "X2_Y2": {
        "em": 0.3333333333333333,
        "contains_gt": 0.3333333333333333,
        "f1": 0.5861111111111111,
        "bleu": 0.11952055167429503,
        "bleu_1": 0.5077418116238118,
        "bleu_2": 0.29851829911532635,
        "judge": 0.8333333333333334
      },
      "X1_Y2": {
        "em": 0.65,
        "contains_gt": 0.65,
        "f1": 0.6875,
        "bleu": 0.18349852407215891,
        "bleu_1": 0.6875,
        "bleu_2": 0.3092806103685883,
        "judge": 0.7
      },
      "X4_Y2": {
        "em": 0.0,
        "contains_gt": 0.0,
        "f1": 0.0,
        "bleu": 0.0,
        "bleu_1": 0.0,
        "bleu_2": 0.0,
        "judge": 0.0
      },
      "X1_Y1": {
        "em": 0.0,
        "contains_gt": 0.0,
        "f1": 0.5714285714285715,
        "bleu": 0.16990442448471224,
        "bleu_1": 0.5,
        "bleu_2": 0.408248290463863,
        "judge": 0.5
      }
    }
  },
  "method_runtime": {
    "retrieval_backend": "dense_multimodal",
    "retrieval_corpus": "round_text",
    "method_modality": "multimodal",
    "top_k": 10,
    "neighbor_window": 0,
    "seed_round_ids": [
      "BRAND_S6:R2",
      "BRAND_S3:R1",
      "BRAND_S3:R2",
      "BRAND_S27:R1",
      "BRAND_S40:R1",
      "BRAND_S10:R1",
      "BRAND_S34:R1",
      "BRAND_S1:R1",
      "BRAND_S38:R1",
      "BRAND_S18:R1"
    ],
    "selected_round_ids": [
      "BRAND_S6:R2",
      "BRAND_S3:R1",
      "BRAND_S3:R2",
      "BRAND_S27:R1",
      "BRAND_S40:R1",
      "BRAND_S10:R1",
      "BRAND_S34:R1",
      "BRAND_S1:R1",
      "BRAND_S38:R1",
      "BRAND_S18:R1"
    ],
    "top_candidates": [
      {
        "round_id": "BRAND_S6:R2",
        "score": 0.2723367893847012,
        "text_dense_score": 0.5446735787694024,
        "image_dense_score": 0.0,
        "indexed_image_count": 0,
        "best_image_path": ""
      },
      {
        "round_id": "BRAND_S3:R1",
        "score": 0.26066926948290137,
        "text_dense_score": 0.4014080751708185,
        "image_dense_score": 0.11993046379498429,
        "indexed_image_count": 1,
        "best_image_path": "/common/home/mg1998/.cache/memeye_hf/MemEye/data/image/Brand_Memory_Test/Dunkin_1.png"
      },
      {
        "round_id": "BRAND_S3:R2",
        "score": 0.2514775075158019,
        "text_dense_score": 0.5029550150316038,
        "image_dense_score": 0.0,
        "indexed_image_count": 0,
        "best_image_path": ""
      },
      {
        "round_id": "BRAND_S27:R1",
        "score": 0.24970471782170137,
        "text_dense_score": 0.41383720674308805,
        "image_dense_score": 0.08557222890031467,
        "indexed_image_count": 1,
        "best_image_path": "/common/home/mg1998/.cache/memeye_hf/MemEye/data/image/Brand_Memory_Test/Dunkin_4.png"
      },
      {
        "round_id": "BRAND_S40:R1",
        "score": 0.23199096039861136,
        "text_dense_score": 0.383507740712265,
        "image_dense_score": 0.08047418008495773,
        "indexed_image_count": 1,
        "best_image_path": "/common/home/mg1998/.cache/memeye_hf/MemEye/data/image/Brand_Memory_Test/Starbucks_5.png"
      }
    ],
    "clue_hit_count": 1,
    "corpus_entry_count": 72,
    "text_embedding_model": "all-MiniLM-L6-v2",
    "multimodal_embedding_model": "siglip2-base-patch16-384",
    "text_dense_weight": 0.5,
    "image_dense_weight": 0.5,
    "caption_text_included": false,
    "image_embeddings_built": true,
    "multi_image_indexing_enabled": true,
    "indexed_image_count": 30,
    "history_source": "retrieval",
    "captions_loaded": false,
    "images_loaded": true,
    "history_turns_after_truncation": 20
  },
  "judge": {
    "enabled": true,
    "model": "gpt-5.2",
    "scored_open_rows": 29
  }
}