{
  "task_name": "brand_memory_test",
  "model_name": "gpt_4_1_nano",
  "model_path": "gpt-4.1-nano",
  "method_name": "mma",
  "base_method_name": "mma",
  "method_modality": "",
  "mode": "mcq",
  "num_qas": 29,
  "num_qas_run": 29,
  "dialog_json": "/common/home/mg1998/MemoryBench/Benchmark_Pipeline/data/dialog/Brand_Memory_Test.json",
  "image_root": "/common/home/mg1998/MemoryBench/Benchmark_Pipeline/data/image",
  "run_dir": "/common/home/mg1998/MemoryBench/Benchmark_Pipeline/runs/brand_memory_test/20260424_184211_gpt_4_1_nano_mma",
  "git_commit": "658ab1743219fa7a98e5672df9c7253b6b5b5e6d",
  "summary": {
    "open_count": 29,
    "overall": {
      "em": 0.3620689655172414,
      "contains_gt": 0.41379310344827586,
      "f1": 0.3620689655172414
    },
    "by_x": {
      "X4": {
        "em": 0.0,
        "contains_gt": 0.0,
        "f1": 0.0
      },
      "X2": {
        "em": 0.4583333333333333,
        "contains_gt": 0.6666666666666666,
        "f1": 0.4583333333333333
      },
      "X1": {
        "em": 0.36904761904761907,
        "contains_gt": 0.38095238095238093,
        "f1": 0.36904761904761907
      }
    },
    "by_y": {
      "Y1": {
        "em": 0.25,
        "contains_gt": 0.5,
        "f1": 0.25
      },
      "Y2": {
        "em": 0.37037037037037035,
        "contains_gt": 0.4074074074074074,
        "f1": 0.37037037037037035
      }
    },
    "by_cell": {
      "X4_Y1": {
        "em": 0.0,
        "contains_gt": 0.0,
        "f1": 0.0
      },
      "X2_Y2": {
        "em": 0.4583333333333333,
        "contains_gt": 0.6666666666666666,
        "f1": 0.4583333333333333
      },
      "X1_Y2": {
        "em": 0.3625,
        "contains_gt": 0.35,
        "f1": 0.3625
      },
      "X4_Y2": {
        "em": 0.0,
        "contains_gt": 0.0,
        "f1": 0.0
      },
      "X1_Y1": {
        "em": 0.5,
        "contains_gt": 1.0,
        "f1": 0.5
      }
    },
    "mcq_count": 29,
    "mcq_valid_rate": 1.0,
    "mcq_overall": {
      "em": 0.3620689655172414,
      "contains_gt": 0.41379310344827586,
      "f1": 0.3620689655172414
    },
    "mcq_per_position_accuracy": {
      "A": 0.27586206896551724,
      "B": 0.3448275862068966,
      "C": 0.41379310344827586,
      "D": 0.41379310344827586
    }
  }
}