{
  "task_name": "cartoon_entertainment_companion_open",
  "model_name": "gpt_4_1_nano",
  "model_path": "gpt-4.1-nano",
  "method_name": "simplemem__multimodal",
  "base_method_name": "simplemem",
  "method_modality": "multimodal",
  "mode": "open",
  "num_qas": 76,
  "num_qas_run": 76,
  "dialog_json": "/common/home/mg1998/MemoryBench/Benchmark_Pipeline/data/dialog/Cartoon_Entertainment_Companion_Open.json",
  "image_root": "/common/home/mg1998/.cache/memeye_hf/MemEye/data/image",
  "run_dir": "/common/home/mg1998/MemoryBench/Benchmark_Pipeline/runs/cartoon_entertainment_companion_open/20260424_141857_gpt_4_1_nano_simplemem__multimodal",
  "git_commit": "658ab1743219fa7a98e5672df9c7253b6b5b5e6d",
  "summary": {
    "open_count": 76,
    "overall": {
      "em": 0.07894736842105263,
      "contains_gt": 0.09210526315789473,
      "f1": 0.22210435378717927,
      "bleu": 0.05525667614390809,
      "bleu_1": 0.17954719267229755,
      "bleu_2": 0.1187328451586151,
      "judge": 0.35526315789473684
    },
    "by_x": {
      "X2": {
        "em": 0.0,
        "contains_gt": 0.0,
        "f1": 0.027777777777777776,
        "bleu": 0.006002548051403919,
        "bleu_1": 0.022344001534521315,
        "bleu_2": 0.007899797501951323,
        "judge": 0.4166666666666667
      },
      "X4": {
        "em": 0.08333333333333333,
        "contains_gt": 0.08333333333333333,
        "f1": 0.20465921748816485,
        "bleu": 0.050476999310259625,
        "bleu_1": 0.18390200583506439,
        "bleu_2": 0.09865178942923879,
        "judge": 0.2916666666666667
      },
      "X3": {
        "em": 0.06666666666666667,
        "contains_gt": 0.1,
        "f1": 0.25692159692159694,
        "bleu": 0.06632098316591703,
        "bleu_1": 0.17574302753132434,
        "bleu_2": 0.13778596204955146,
        "judge": 0.35
      },
      "X1": {
        "em": 0.125,
        "contains_gt": 0.125,
        "f1": 0.25586219336219335,
        "bleu": 0.0601509137628031,
        "bleu_1": 0.23909897924413812,
        "bleu_2": 0.1546922274534228,
        "judge": 0.4375
      }
    },
    "by_y": {
      "Y1": {
        "em": 0.030303030303030304,
        "contains_gt": 0.06060606060606061,
        "f1": 0.18089116270934452,
        "bleu": 0.03050553097816621,
        "bleu_1": 0.12552566927285494,
        "bleu_2": 0.06527313046735782,
        "judge": 0.3333333333333333
      },
      "Y2": {
        "em": 0.13157894736842105,
        "contains_gt": 0.13157894736842105,
        "f1": 0.2871190136425594,
        "bleu": 0.08402170696467184,
        "bleu_1": 0.250085251502379,
        "bleu_2": 0.18078112964820894,
        "judge": 0.40789473684210525
      },
      "Y3": {
        "em": 0.0,
        "contains_gt": 0.0,
        "f1": 0.0,
        "bleu": 0.0,
        "bleu_1": 0.0,
        "bleu_2": 0.0,
        "judge": 0.1
      }
    },
    "by_cell": {
      "X2_Y1": {
        "em": 0.0,
        "contains_gt": 0.0,
        "f1": 0.0,
        "bleu": 0.0,
        "bleu_1": 0.0,
        "bleu_2": 0.0,
        "judge": 0.5
      },
      "X4_Y2": {
        "em": 0.09090909090909091,
        "contains_gt": 0.09090909090909091,
        "f1": 0.3374382927014506,
        "bleu": 0.08908104962283288,
        "bleu_1": 0.2921498309128677,
        "bleu_2": 0.1800640456514762,
        "judge": 0.45454545454545453
      },
      "X3_Y2": {
        "em": 0.11764705882352941,
        "contains_gt": 0.11764705882352941,
        "f1": 0.2530515236397589,
        "bleu": 0.08804777223823808,
        "bleu_1": 0.20977217742976617,
        "bleu_2": 0.18451159453045185,
        "judge": 0.3235294117647059
      },
      "X2_Y2": {
        "em": 0.0,
        "contains_gt": 0.0,
        "f1": 0.08333333333333333,
        "bleu": 0.018007644154211758,
        "bleu_1": 0.06703200460356394,
        "bleu_2": 0.02369939250585397,
        "judge": 0.25
      },
      "X4_Y1": {
        "em": 0.08333333333333333,
        "contains_gt": 0.08333333333333333,
        "f1": 0.1,
        "bleu": 0.019296369799589114,
        "bleu_1": 0.1,
        "bleu_2": 0.03224487034462439,
        "judge": 0.16666666666666666
      },
      "X3_Y1": {
        "em": 0.0,
        "contains_gt": 0.07692307692307693,
        "f1": 0.261982461982462,
        "bleu": 0.03790902822518951,
        "bleu_1": 0.13124336997182348,
        "bleu_2": 0.07668321188222017,
        "judge": 0.38461538461538464
      },
      "X1_Y1": {
        "em": 0.0,
        "contains_gt": 0.0,
        "f1": 0.34090909090909094,
        "bleu": 0.07057717943923798,
        "bleu_1": 0.30904581909262685,
        "bleu_2": 0.19254827670461327,
        "judge": 0.5
      },
      "X1_Y2": {
        "em": 0.25,
        "contains_gt": 0.25,
        "f1": 0.3412698412698413,
        "bleu": 0.0850132378059872,
        "bleu_1": 0.3236750489419628,
        "bleu_2": 0.21311031655453896,
        "judge": 0.5625
      },
      "X1_Y3": {
        "em": 0.0,
        "contains_gt": 0.0,
        "f1": 0.0,
        "bleu": 0.0,
        "bleu_1": 0.0,
        "bleu_2": 0.0,
        "judge": 0.125
      },
      "X4_Y3": {
        "em": 0.0,
        "contains_gt": 0.0,
        "f1": 0.0,
        "bleu": 0.0,
        "bleu_1": 0.0,
        "bleu_2": 0.0,
        "judge": 0.0
      }
    }
  },
  "method_runtime": {
    "num_memories": 299,
    "debug_dir": "/common/home/mg1998/MemoryBench/output/cartoon_entertainment_companion_open/simplemem",
    "data_dir": "/common/home/mg1998/MemoryBench/runs/simplemem/cartoon_entertainment_companion_open"
  },
  "judge": {
    "enabled": true,
    "model": "gpt-5.2",
    "scored_open_rows": 76
  }
}
