{
  "task_name": "brand_memory_test",
  "model_name": "gpt_5_4_mini",
  "model_path": "gpt-5.4-mini",
  "method_name": "memoryos",
  "base_method_name": "memoryos",
  "method_modality": "",
  "mode": "mcq",
  "num_qas": 29,
  "num_qas_run": 29,
  "dialog_json": "/Users/qingyuejiao/Desktop/MemoryBench/Benchmark_Pipeline/data/dialog/Brand_Memory_Test.json",
  "image_root": "/Users/qingyuejiao/Desktop/MemoryBench/Benchmark_Pipeline/data/image",
  "run_dir": "/Users/qingyuejiao/Desktop/MemoryBench/Benchmark_Pipeline/runs/brand_memory_test/20260426_122228_gpt_5_4_mini_memoryos",
  "git_commit": "f50478ca8d87824ef1e9bc48c2b9e0d49e54305a",
  "summary": {
    "open_count": 29,
    "overall": {
      "em": 0.4396551724137931,
      "contains_gt": 0.6206896551724138,
      "f1": 0.4396551724137931
    },
    "by_x": {
      "X4": {
        "em": 0.5,
        "contains_gt": 0.5,
        "f1": 0.5
      },
      "X3": {
        "em": 0.4,
        "contains_gt": 0.4,
        "f1": 0.4
      },
      "X1": {
        "em": 0.44047619047619047,
        "contains_gt": 0.6666666666666666,
        "f1": 0.44047619047619047
      },
      "X2": {
        "em": 0.5,
        "contains_gt": 1.0,
        "f1": 0.5
      }
    },
    "by_y": {
      "Y1": {
        "em": 0.625,
        "contains_gt": 1.0,
        "f1": 0.625
      },
      "Y2": {
        "em": 0.42592592592592593,
        "contains_gt": 0.5925925925925926,
        "f1": 0.42592592592592593
      }
    },
    "by_cell": {
      "X4_Y1": {
        "em": 1.0,
        "contains_gt": 1.0,
        "f1": 1.0
      },
      "X3_Y2": {
        "em": 0.4,
        "contains_gt": 0.4,
        "f1": 0.4
      },
      "X1_Y2": {
        "em": 0.45,
        "contains_gt": 0.65,
        "f1": 0.45
      },
      "X2_Y2": {
        "em": 0.5,
        "contains_gt": 1.0,
        "f1": 0.5
      },
      "X4_Y2": {
        "em": 0.0,
        "contains_gt": 0.0,
        "f1": 0.0
      },
      "X1_Y1": {
        "em": 0.25,
        "contains_gt": 1.0,
        "f1": 0.25
      }
    },
    "mcq_count": 29,
    "mcq_valid_rate": 1.0,
    "mcq_overall": {
      "em": 0.4396551724137931,
      "contains_gt": 0.6206896551724138,
      "f1": 0.4396551724137931
    },
    "mcq_per_position_accuracy": {
      "A": 0.1724137931034483,
      "B": 0.5172413793103449,
      "C": 0.4482758620689655,
      "D": 0.6206896551724138
    }
  },
  "method_runtime": {
    "caption_validation_passed": true,
    "caption_validation_round_count": 30,
    "num_memories": 72,
    "debug_dir": "/Users/qingyuejiao/Desktop/MemoryBench/Benchmark_Pipeline/output/brand_memory_test/memoryos/8c84d704f6ec1176",
    "data_storage_path": "/Users/qingyuejiao/Desktop/MemoryBench/Benchmark_Pipeline/runs/brand_memory_test/memoryos_data/8c84d704f6ec1176",
    "runtime_signature": "8c84d704f6ec1176"
  }
}