{
  "task_name": "cartoon_entertainment_companion",
  "model_name": "gpt_4_1_nano",
  "model_path": "gpt-4.1-nano",
  "method_name": "full_context_no_visual",
  "base_method_name": "full_context_no_visual",
  "method_modality": "",
  "mode": "mcq",
  "num_qas": 76,
  "num_qas_run": 76,
  "dialog_json": "/Users/qingyuejiao/Desktop/MemoryBench/Benchmark_Pipeline/data/dialog/Cartoon_Entertainment_Companion.json",
  "image_root": "/Users/qingyuejiao/Desktop/MemoryBench/Benchmark_Pipeline/data/image",
  "run_dir": "/Users/qingyuejiao/Desktop/MemoryBench/Benchmark_Pipeline/runs/mcq_clean_ablation_20260424_full/cartoon_entertainment_companion/20260424_154104_gpt_4_1_nano_full_context_no_visual",
  "git_commit": "b24985b9af7b246db9e6e807768083d0acb8c78a",
  "summary": {
    "open_count": 76,
    "overall": {
      "em": 0.4440789473684211,
      "contains_gt": 0.23684210526315788,
      "f1": 0.4440789473684211
    },
    "by_x": {
      "X2": {
        "em": 0.5,
        "contains_gt": 0.16666666666666666,
        "f1": 0.5
      },
      "X4": {
        "em": 0.4791666666666667,
        "contains_gt": 0.2916666666666667,
        "f1": 0.4791666666666667
      },
      "X3": {
        "em": 0.38333333333333336,
        "contains_gt": 0.2,
        "f1": 0.38333333333333336
      },
      "X1": {
        "em": 0.484375,
        "contains_gt": 0.25,
        "f1": 0.484375
      }
    },
    "by_y": {
      "Y1": {
        "em": 0.4772727272727273,
        "contains_gt": 0.24242424242424243,
        "f1": 0.4772727272727273
      },
      "Y2": {
        "em": 0.4407894736842105,
        "contains_gt": 0.23684210526315788,
        "f1": 0.4407894736842105
      },
      "Y3": {
        "em": 0.25,
        "contains_gt": 0.2,
        "f1": 0.25
      }
    },
    "by_cell": {
      "X2_Y1": {
        "em": 0.5,
        "contains_gt": 0.25,
        "f1": 0.5
      },
      "X4_Y2": {
        "em": 0.5,
        "contains_gt": 0.36363636363636365,
        "f1": 0.5
      },
      "X3_Y2": {
        "em": 0.3382352941176471,
        "contains_gt": 0.11764705882352941,
        "f1": 0.3382352941176471
      },
      "X2_Y2": {
        "em": 0.5,
        "contains_gt": 0.0,
        "f1": 0.5
      },
      "X4_Y1": {
        "em": 0.5,
        "contains_gt": 0.25,
        "f1": 0.5
      },
      "X3_Y1": {
        "em": 0.4423076923076923,
        "contains_gt": 0.3076923076923077,
        "f1": 0.4423076923076923
      },
      "X1_Y1": {
        "em": 0.5,
        "contains_gt": 0.0,
        "f1": 0.5
      },
      "X1_Y2": {
        "em": 0.5625,
        "contains_gt": 0.375,
        "f1": 0.5625
      },
      "X1_Y3": {
        "em": 0.3125,
        "contains_gt": 0.25,
        "f1": 0.3125
      },
      "X4_Y3": {
        "em": 0.0,
        "contains_gt": 0.0,
        "f1": 0.0
      }
    },
    "mcq_count": 76,
    "mcq_valid_rate": 1.0,
    "mcq_overall": {
      "em": 0.4440789473684211,
      "contains_gt": 0.23684210526315788,
      "f1": 0.4440789473684211
    },
    "mcq_per_position_accuracy": {
      "A": 0.5921052631578947,
      "B": 0.4605263157894737,
      "C": 0.4868421052631579,
      "D": 0.23684210526315788
    }
  },
  "method_runtime": {
    "method_modality": "no_visual",
    "history_source": "full_context",
    "captions_loaded": false,
    "images_loaded": false,
    "history_turns_after_truncation": 598,
    "history_turns_before_truncation": 598
  }
}
