{
  "task_name": "card_playlog_test",
  "model_name": "gpt_4_1_nano",
  "model_path": "gpt-4.1-nano",
  "method_name": "simplemem__multimodal",
  "base_method_name": "simplemem",
  "method_modality": "multimodal",
  "mode": "mcq",
  "num_qas": 48,
  "num_qas_run": 48,
  "dialog_json": "/common/home/mg1998/MemoryBench/Benchmark_Pipeline/data/dialog/Card_Playlog_Test.json",
  "image_root": "/common/home/mg1998/MemoryBench/Benchmark_Pipeline/data/image",
  "run_dir": "/common/home/mg1998/MemoryBench/Benchmark_Pipeline/runs/card_playlog_test/20260424_142119_gpt_4_1_nano_simplemem__multimodal",
  "git_commit": "658ab1743219fa7a98e5672df9c7253b6b5b5e6d",
  "summary": {
    "open_count": 48,
    "overall": {
      "em": 0.296875,
      "contains_gt": 0.25,
      "f1": 0.296875
    },
    "by_x": {
      "X4": {
        "em": 0.296875,
        "contains_gt": 0.25,
        "f1": 0.296875
      }
    },
    "by_y": {
      "Y3": {
        "em": 0.15789473684210525,
        "contains_gt": 0.05263157894736842,
        "f1": 0.15789473684210525
      },
      "Y2": {
        "em": 0.3879310344827586,
        "contains_gt": 0.3793103448275862,
        "f1": 0.3879310344827586
      }
    },
    "by_cell": {
      "X4_Y3": {
        "em": 0.15789473684210525,
        "contains_gt": 0.05263157894736842,
        "f1": 0.15789473684210525
      },
      "X4_Y2": {
        "em": 0.3879310344827586,
        "contains_gt": 0.3793103448275862,
        "f1": 0.3879310344827586
      }
    },
    "mcq_count": 48,
    "mcq_valid_rate": 0.7916666666666666,
    "mcq_overall": {
      "em": 0.296875,
      "contains_gt": 0.25,
      "f1": 0.296875
    },
    "mcq_per_position_accuracy": {
      "A": 0.2916666666666667,
      "B": 0.3541666666666667,
      "C": 0.2916666666666667,
      "D": 0.25
    }
  },
  "method_runtime": {
    "num_memories": 30,
    "debug_dir": "/common/home/mg1998/MemoryBench/output/card_playlog_test/simplemem",
    "data_dir": "/common/home/mg1998/MemoryBench/runs/simplemem/card_playlog_test"
  }
}