{
  "task_name": "brand_memory_test",
  "model_name": "gpt_5_4_mini",
  "model_path": "gpt-5.4-mini",
  "method_name": "full_context_text_only",
  "base_method_name": "full_context_text_only",
  "method_modality": "",
  "mode": "mcq",
  "num_qas": 29,
  "num_qas_run": 29,
  "dialog_json": "/Users/qingyuejiao/Desktop/MemoryBench/Benchmark_Pipeline/data/dialog/Brand_Memory_Test.json",
  "image_root": "/Users/qingyuejiao/Desktop/MemoryBench/Benchmark_Pipeline/data/image",
  "run_dir": "/Users/qingyuejiao/Desktop/MemoryBench/Benchmark_Pipeline/runs/brand_memory_test/20260426_094938_gpt_5_4_mini_full_context_text_only",
  "git_commit": "f50478ca8d87824ef1e9bc48c2b9e0d49e54305a",
  "summary": {
    "open_count": 29,
    "overall": {
      "em": 0.49137931034482757,
      "contains_gt": 0.6206896551724138,
      "f1": 0.49137931034482757
    },
    "by_x": {
      "X4": {
        "em": 0.5,
        "contains_gt": 0.5,
        "f1": 0.5
      },
      "X3": {
        "em": 0.7,
        "contains_gt": 0.8,
        "f1": 0.7
      },
      "X1": {
        "em": 0.4523809523809524,
        "contains_gt": 0.5714285714285714,
        "f1": 0.4523809523809524
      },
      "X2": {
        "em": 0.25,
        "contains_gt": 1.0,
        "f1": 0.25
      }
    },
    "by_y": {
      "Y1": {
        "em": 1.0,
        "contains_gt": 1.0,
        "f1": 1.0
      },
      "Y2": {
        "em": 0.4537037037037037,
        "contains_gt": 0.5925925925925926,
        "f1": 0.4537037037037037
      }
    },
    "by_cell": {
      "X4_Y1": {
        "em": 1.0,
        "contains_gt": 1.0,
        "f1": 1.0
      },
      "X3_Y2": {
        "em": 0.7,
        "contains_gt": 0.8,
        "f1": 0.7
      },
      "X1_Y2": {
        "em": 0.425,
        "contains_gt": 0.55,
        "f1": 0.425
      },
      "X2_Y2": {
        "em": 0.25,
        "contains_gt": 1.0,
        "f1": 0.25
      },
      "X4_Y2": {
        "em": 0.0,
        "contains_gt": 0.0,
        "f1": 0.0
      },
      "X1_Y1": {
        "em": 1.0,
        "contains_gt": 1.0,
        "f1": 1.0
      }
    },
    "mcq_count": 29,
    "mcq_valid_rate": 1.0,
    "mcq_overall": {
      "em": 0.49137931034482757,
      "contains_gt": 0.6206896551724138,
      "f1": 0.49137931034482757
    },
    "mcq_per_position_accuracy": {
      "A": 0.41379310344827586,
      "B": 0.5172413793103449,
      "C": 0.41379310344827586,
      "D": 0.6206896551724138
    }
  },
  "method_runtime": {
    "caption_validation_passed": true,
    "caption_validation_round_count": 30,
    "method_modality": "text_only",
    "history_source": "full_context",
    "captions_loaded": true,
    "images_loaded": false,
    "history_turns_after_truncation": 144,
    "history_turns_before_truncation": 144
  }
}