{
  "task_name": "concat_multiscene_outdoor",
  "model_name": "gpt_5_4_mini",
  "model_path": "gpt-5.4-mini",
  "method_name": "m2a",
  "base_method_name": "m2a",
  "method_modality": "",
  "mode": "mcq",
  "num_qas": 78,
  "num_qas_run": 78,
  "dialog_json": "/common/home/mg1998/MemoryBench/Benchmark_Pipeline/data/dialog/concat_multiscene_outdoor.json",
  "image_root": "/common/home/mg1998/MemoryBench/Benchmark_Pipeline/data/image",
  "run_dir": "/common/home/mg1998/MemoryBench/Benchmark_Pipeline/runs/concat_multiscene_outdoor/20260427_052754_gpt_5_4_mini_m2a",
  "git_commit": "d8ac0cb71367c6f0314274b4a514968eab3f678b",
  "summary": {
    "open_count": 78,
    "overall": {
      "em": 0.34935897435897434,
      "contains_gt": 0.2564102564102564,
      "f1": 0.34935897435897434
    },
    "by_x": {
      "X4": {
        "em": 0.3611111111111111,
        "contains_gt": 0.3333333333333333,
        "f1": 0.3611111111111111
      },
      "X3": {
        "em": 0.29651162790697677,
        "contains_gt": 0.2558139534883721,
        "f1": 0.29651162790697677
      },
      "X2": {
        "em": 0.41304347826086957,
        "contains_gt": 0.21739130434782608,
        "f1": 0.41304347826086957
      },
      "X1": {
        "em": 0.5833333333333334,
        "contains_gt": 0.3333333333333333,
        "f1": 0.5833333333333334
      }
    },
    "by_y": {
      "Y2": {
        "em": 0.3804347826086957,
        "contains_gt": 0.21739130434782608,
        "f1": 0.3804347826086957
      },
      "Y3": {
        "em": 0.44565217391304346,
        "contains_gt": 0.34782608695652173,
        "f1": 0.44565217391304346
      },
      "Y1": {
        "em": 0.2578125,
        "contains_gt": 0.21875,
        "f1": 0.2578125
      }
    },
    "by_cell": {
      "X4_Y2": {
        "em": 0.625,
        "contains_gt": 0.5,
        "f1": 0.625
      },
      "X3_Y2": {
        "em": 0.375,
        "contains_gt": 0.3333333333333333,
        "f1": 0.375
      },
      "X3_Y3": {
        "em": 0.4583333333333333,
        "contains_gt": 0.3333333333333333,
        "f1": 0.4583333333333333
      },
      "X3_Y1": {
        "em": 0.25,
        "contains_gt": 0.22580645161290322,
        "f1": 0.25
      },
      "X2_Y3": {
        "em": 0.55,
        "contains_gt": 0.4,
        "f1": 0.55
      },
      "X4_Y3": {
        "em": 0.15,
        "contains_gt": 0.2,
        "f1": 0.15
      },
      "X2_Y2": {
        "em": 0.3076923076923077,
        "contains_gt": 0.07692307692307693,
        "f1": 0.3076923076923077
      },
      "X1_Y1": {
        "em": 0.5,
        "contains_gt": 0.0,
        "f1": 0.5
      },
      "X1_Y3": {
        "em": 0.625,
        "contains_gt": 0.5,
        "f1": 0.625
      }
    },
    "mcq_count": 78,
    "mcq_valid_rate": 1.0,
    "mcq_overall": {
      "em": 0.34935897435897434,
      "contains_gt": 0.2564102564102564,
      "f1": 0.34935897435897434
    },
    "mcq_per_position_accuracy": {
      "A": 0.44871794871794873,
      "B": 0.358974358974359,
      "C": 0.3333333333333333,
      "D": 0.2564102564102564
    }
  }
}
