{
  "task_name": "home_renovation_interior_design",
  "model_name": "gpt_4_1_nano",
  "model_path": "gpt-4.1-nano",
  "method_name": "m2a_full",
  "mode": "open",
  "num_qas": 25,
  "num_qas_run": 25,
  "dialog_json": "/common/home/mg1998/.cache/memeye_hf/MemEye/data/dialog/Home_Renovation_Interior_Design.json",
  "image_root": "/common/home/mg1998/.cache/memeye_hf/MemEye/data/image",
  "run_dir": "/common/home/mg1998/MemoryBench/Benchmark_Pipeline/runs/home_renovation_interior_design/20260323_215109_gpt_4_1_nano_m2a_full",
  "git_commit": "ae0c76e9c605f7ad9226f3f3ac30bf9ec4291989",
  "summary": {
    "open_count": 25,
    "open_exact_rate": 0.08,
    "open_contains_rate": 0.12,
    "open_f1_avg": 0.4286328695086859,
    "open_bleu_1_avg": 0.28731922897023304,
    "open_bleu_2_avg": 0.19399774891448163,
    "point_metrics": {
      "X3|Y2": {
        "open_exact_rate": 0.0,
        "open_contains_rate": 0.0,
        "open_f1_avg": 0.5,
        "open_bleu_1_avg": 0.2424987689582571,
        "open_bleu_2_avg": 0.22683682753906254
      },
      "X3+X4|Y2": {
        "open_exact_rate": 0.0,
        "open_contains_rate": 0.0,
        "open_f1_avg": 0.33333333333333337,
        "open_bleu_1_avg": 0.01831563888873418,
        "open_bleu_2_avg": 0.01831563888873418
      },
      "X2|Y1": {
        "open_exact_rate": 0.0,
        "open_contains_rate": 0.0,
        "open_f1_avg": 0.27777777777777773,
        "open_bleu_1_avg": 0.1064250012741113,
        "open_bleu_2_avg": 0.06432764241207088
      },
      "X3|Y1": {
        "open_exact_rate": 0.0,
        "open_contains_rate": 0.125,
        "open_f1_avg": 0.46479154903067943,
        "open_bleu_1_avg": 0.2769889671993836,
        "open_bleu_2_avg": 0.1904827913310208
      },
      "X0|Y3": {
        "open_exact_rate": 1.0,
        "open_contains_rate": 1.0,
        "open_f1_avg": 1.0,
        "open_bleu_1_avg": 1.0,
        "open_bleu_2_avg": 0.316227766016838
      },
      "X1|Y3": {
        "open_exact_rate": 0.0,
        "open_contains_rate": 0.0,
        "open_f1_avg": 0.319327731092437,
        "open_bleu_1_avg": 0.23170731707317074,
        "open_bleu_2_avg": 0.1415064985425764
      },
      "X4|Y2": {
        "open_exact_rate": 0.0,
        "open_contains_rate": 0.0,
        "open_f1_avg": 0.5,
        "open_bleu_1_avg": 0.3031234611978214,
        "open_bleu_2_avg": 0.1793302580575612
      },
      "X3+X4|Y1": {
        "open_exact_rate": 0.0,
        "open_contains_rate": 0.0,
        "open_f1_avg": 0.7368421052631579,
        "open_bleu_1_avg": 0.48954165955695317,
        "open_bleu_2_avg": 0.4468883496297629
      },
      "X0+X4|Y3": {
        "open_exact_rate": 0.0,
        "open_contains_rate": 0.0,
        "open_f1_avg": 0.5084745762711865,
        "open_bleu_1_avg": 0.2900557675908759,
        "open_bleu_2_avg": 0.17181420842000747
      },
      "X4|Y3": {
        "open_exact_rate": 0.0,
        "open_contains_rate": 0.0,
        "open_f1_avg": 0.0,
        "open_bleu_1_avg": 0.0,
        "open_bleu_2_avg": 0.0
      },
      "X4|Y1": {
        "open_exact_rate": 0.3333333333333333,
        "open_contains_rate": 0.3333333333333333,
        "open_f1_avg": 0.5384615384615384,
        "open_bleu_1_avg": 0.5238095238095238,
        "open_bleu_2_avg": 0.4362022333080613
      },
      "X0|Y2": {
        "open_exact_rate": 0.0,
        "open_contains_rate": 0.0,
        "open_f1_avg": 0.42857142857142855,
        "open_bleu_1_avg": 0.35826565528689464,
        "open_bleu_2_avg": 0.274777214311509
      },
      "X1|Y1": {
        "open_exact_rate": 0.0,
        "open_contains_rate": 0.0,
        "open_f1_avg": 0.11111111111111112,
        "open_bleu_1_avg": 0.07142857142857142,
        "open_bleu_2_avg": 0.024397501823713332
      }
    },
    "x_metrics": {
      "X3": {
        "open_exact_rate": 0.0,
        "open_contains_rate": 0.09090909090909091,
        "open_f1_avg": 0.48077343916744797,
        "open_bleu_1_avg": 0.2696607095453648,
        "open_bleu_2_avg": 0.20144574060961148
      },
      "X4": {
        "open_exact_rate": 0.125,
        "open_contains_rate": 0.125,
        "open_f1_avg": 0.46175432878153666,
        "open_bleu_1_avg": 0.3340581373328695,
        "open_bleu_2_avg": 0.26561939436503124
      },
      "X2": {
        "open_exact_rate": 0.0,
        "open_contains_rate": 0.0,
        "open_f1_avg": 0.27777777777777773,
        "open_bleu_1_avg": 0.1064250012741113,
        "open_bleu_2_avg": 0.06432764241207088
      },
      "X0": {
        "open_exact_rate": 0.3333333333333333,
        "open_contains_rate": 0.3333333333333333,
        "open_f1_avg": 0.645682001614205,
        "open_bleu_1_avg": 0.5494404742925901,
        "open_bleu_2_avg": 0.2542730629161181
      },
      "X1": {
        "open_exact_rate": 0.0,
        "open_contains_rate": 0.0,
        "open_f1_avg": 0.18051665110488643,
        "open_bleu_1_avg": 0.12485481997677121,
        "open_bleu_2_avg": 0.06343383406333436
      }
    },
    "y_metrics": {
      "Y2": {
        "open_exact_rate": 0.0,
        "open_contains_rate": 0.0,
        "open_f1_avg": 0.4404761904761905,
        "open_bleu_1_avg": 0.23055088108292682,
        "open_bleu_2_avg": 0.17481498469921672
      },
      "Y1": {
        "open_exact_rate": 0.058823529411764705,
        "open_contains_rate": 0.11764705882352941,
        "open_f1_avg": 0.41918321579110385,
        "open_bleu_1_avg": 0.2787655361917688,
        "open_bleu_2_avg": 0.20712560653445602
      },
      "Y3": {
        "open_exact_rate": 0.25,
        "open_contains_rate": 0.25,
        "open_f1_avg": 0.4569505768409059,
        "open_bleu_1_avg": 0.38044077116601166,
        "open_bleu_2_avg": 0.15738711824485546
      }
    }
  }
}