{
  "task_name": "cartoon_entertainment_companion_open",
  "model_name": "qwen3_vl_8b_openrouter",
  "model_path": "qwen/qwen3-vl-8b-instruct",
  "method_name": "mma",
  "base_method_name": "mma",
  "method_modality": "",
  "mode": "open",
  "num_qas": 112,
  "num_qas_run": 112,
  "dialog_json": "/common/home/mg1998/MemoryBench/Benchmark_Pipeline/data/dialog/Cartoon_Entertainment_Companion_Open.json",
  "image_root": "/common/home/mg1998/.cache/memeye_hf/MemEye/data/image",
  "run_dir": "/common/home/mg1998/MemoryBench/Benchmark_Pipeline/runs/cartoon_entertainment_companion_open/20260420_195558_qwen3_vl_8b_openrouter_mma",
  "git_commit": "e3df13f29ca74b06578be06696cb2ed6310a339b",
  "summary": {
    "open_count": 112,
    "overall": {
      "em": 0.08035714285714286,
      "contains_gt": 0.08928571428571429,
      "f1": 0.32931287746140797,
      "bleu": 0.08141379463513905,
      "bleu_1": 0.26061441678312147,
      "bleu_2": 0.16420654448375557
    },
    "by_x": {
      "X3": {
        "em": 0.07142857142857142,
        "contains_gt": 0.10714285714285714,
        "f1": 0.23146775864647495,
        "bleu": 0.03811187299621533,
        "bleu_1": 0.1778385023262822,
        "bleu_2": 0.08836363196667463
      },
      "X4": {
        "em": 0.08888888888888889,
        "contains_gt": 0.08888888888888889,
        "f1": 0.4025779988613122,
        "bleu": 0.1033253213325177,
        "bleu_1": 0.31263450996070336,
        "bleu_2": 0.18618020457059545
      },
      "X2": {
        "em": 0.05555555555555555,
        "contains_gt": 0.05555555555555555,
        "f1": 0.32964394562615246,
        "bleu": 0.11896879520805644,
        "bleu_1": 0.2572266406990798,
        "bleu_2": 0.19419538840796016
      },
      "X1": {
        "em": 0.09523809523809523,
        "contains_gt": 0.09523809523809523,
        "f1": 0.3024925744546001,
        "bleu": 0.0600064181682491,
        "bleu_1": 0.262414482559934,
        "bleu_2": 0.19253929000445985
      }
    },
    "by_y": {
      "Y1": {
        "em": 0.11363636363636363,
        "contains_gt": 0.11363636363636363,
        "f1": 0.3154366022969255,
        "bleu": 0.0718386525283135,
        "bleu_1": 0.25218050171232576,
        "bleu_2": 0.12492755670717298
      },
      "Y2": {
        "em": 0.07017543859649122,
        "contains_gt": 0.08771929824561403,
        "f1": 0.3434808394330841,
        "bleu": 0.0927632781402781,
        "bleu_1": 0.26989582460444245,
        "bleu_2": 0.20069118288387225
      },
      "Y3": {
        "em": 0.0,
        "contains_gt": 0.0,
        "f1": 0.31140217517519814,
        "bleu": 0.060903403081266114,
        "bleu_1": 0.24625550926491366,
        "bleu_2": 0.13226573297129954
      }
    },
    "by_cell": {
      "X3_Y1": {
        "em": 0.06666666666666667,
        "contains_gt": 0.06666666666666667,
        "f1": 0.20334578275754747,
        "bleu": 0.03428746870737823,
        "bleu_1": 0.16618165234563897,
        "bleu_2": 0.059901252181834674
      },
      "X4_Y2": {
        "em": 0.0,
        "contains_gt": 0.0,
        "f1": 0.3673294560037829,
        "bleu": 0.08755675952137477,
        "bleu_1": 0.26281483994738003,
        "bleu_2": 0.1767792589562354
      },
      "X2_Y2": {
        "em": 0.1,
        "contains_gt": 0.1,
        "f1": 0.41515151515151516,
        "bleu": 0.18001103255834247,
        "bleu_1": 0.3347583048519203,
        "bleu_2": 0.27283984194097755
      },
      "X3_Y2": {
        "em": 0.07692307692307693,
        "contains_gt": 0.15384615384615385,
        "f1": 0.2639161923644682,
        "bleu": 0.042524647175642756,
        "bleu_1": 0.19128871384240903,
        "bleu_2": 0.12120483941072073
      },
      "X2_Y1": {
        "em": 0.0,
        "contains_gt": 0.0,
        "f1": 0.19805555555555557,
        "bleu": 0.05313411148399548,
        "bleu_1": 0.1458481794428043,
        "bleu_2": 0.10144562213915813
      },
      "X4_Y1": {
        "em": 0.21052631578947367,
        "contains_gt": 0.21052631578947367,
        "f1": 0.43954538753300365,
        "bleu": 0.1191587662993486,
        "bleu_1": 0.3690354988666522,
        "bleu_2": 0.19846197750195402
      },
      "X1_Y1": {
        "em": 0.0,
        "contains_gt": 0.0,
        "f1": 0.32233201581027665,
        "bleu": 0.015941863010881133,
        "bleu_1": 0.17911343375863265,
        "bleu_2": 0.054710601754003926
      },
      "X4_Y3": {
        "em": 0.0,
        "contains_gt": 0.0,
        "f1": 0.4101458019105078,
        "bleu": 0.10938619006536063,
        "bleu_1": 0.3075533661740558,
        "bleu_2": 0.17899343901174514
      },
      "X2_Y3": {
        "em": 0.0,
        "contains_gt": 0.0,
        "f1": 0.2968712682111297,
        "bleu": 0.011261659628809144,
        "bleu_1": 0.2037037037037037,
        "bleu_2": 0.07922241954927943
      },
      "X1_Y2": {
        "em": 0.15384615384615385,
        "contains_gt": 0.15384615384615385,
        "f1": 0.3293895091810088,
        "bleu": 0.08429878193693853,
        "bleu_1": 0.3100472334682861,
        "bleu_2": 0.26330551188851004
      },
      "X1_Y3": {
        "em": 0.0,
        "contains_gt": 0.0,
        "f1": 0.19523809523809527,
        "bleu": 0.025120791077376456,
        "bleu_1": 0.19090909090909092,
        "bleu_2": 0.10037775713175259
      }
    }
  }
}