{
  "task_name": "social_chat_memory_test_open",
  "model_name": "qwen3_vl_8b_openrouter",
  "model_path": "qwen/qwen3-vl-8b-instruct",
  "method_name": "semantic_rag_text_only",
  "base_method_name": "semantic_rag_text_only",
  "method_modality": "",
  "mode": "open",
  "num_qas": 44,
  "num_qas_run": 44,
  "dialog_json": "/common/home/mg1998/.cache/memeye_hf/MemEye/data/dialog/Social_Chat_Memory_Test_Open.json",
  "image_root": "/common/home/mg1998/.cache/memeye_hf/MemEye/data/image",
  "run_dir": "/common/home/mg1998/MemoryBench/Benchmark_Pipeline/runs/social_chat_memory_test_open/20260418_150256_qwen3_vl_8b_openrouter_semantic_rag_text_only",
  "git_commit": "cd2e56c2640bfd72d223220b9d57a2098b3a4f9d",
  "summary": {
    "open_count": 44,
    "overall": {
      "em": 0.06818181818181818,
      "contains_gt": 0.06818181818181818,
      "f1": 0.22687452621379978,
      "bleu": 0.06197655623903027,
      "bleu_1": 0.1760178541535052,
      "bleu_2": 0.09812153903766467
    },
    "by_x": {
      "X2": {
        "em": 0.08333333333333333,
        "contains_gt": 0.08333333333333333,
        "f1": 0.2065485747468682,
        "bleu": 0.050987644992645756,
        "bleu_1": 0.15492528626894347,
        "bleu_2": 0.07931706986025687
      },
      "X1": {
        "em": 0.0,
        "contains_gt": 0.0,
        "f1": 0.3293460925039872,
        "bleu": 0.14040296107545644,
        "bleu_1": 0.28349505541445286,
        "bleu_2": 0.2175141465298275
      },
      "X3": {
        "em": 0.0,
        "contains_gt": 0.0,
        "f1": 0.45,
        "bleu": 0.09469922470240112,
        "bleu_1": 0.375,
        "bleu_2": 0.1871812350194304
      },
      "X4": {
        "em": 0.0,
        "contains_gt": 0.0,
        "f1": 0.0,
        "bleu": 0.0,
        "bleu_1": 0.0,
        "bleu_2": 0.0
      }
    },
    "by_y": {
      "Y2": {
        "em": 0.1,
        "contains_gt": 0.1,
        "f1": 0.1839639132322059,
        "bleu": 0.05353911543069029,
        "bleu_1": 0.14536606967095328,
        "bleu_2": 0.07171964458196867
      },
      "Y3": {
        "em": 0.0,
        "contains_gt": 0.0,
        "f1": 0.3802576293675365,
        "bleu": 0.0981548896808832,
        "bleu_1": 0.2752847375180093,
        "bleu_2": 0.1837245975110409
      },
      "Y1": {
        "em": 0.0,
        "contains_gt": 0.0,
        "f1": 0.23691678691678691,
        "bleu": 0.05592598235825959,
        "bleu_1": 0.1969209320802594,
        "bleu_2": 0.11599360001830977
      }
    },
    "by_cell": {
      "X2_Y2": {
        "em": 0.1111111111111111,
        "contains_gt": 0.1111111111111111,
        "f1": 0.18958953322096952,
        "bleu": 0.058011477468075126,
        "bleu_1": 0.15225859593068883,
        "bleu_2": 0.07410495056185845
      },
      "X2_Y3": {
        "em": 0.0,
        "contains_gt": 0.0,
        "f1": 0.2628581257064229,
        "bleu": 0.017447453974918266,
        "bleu_1": 0.14129352622516622,
        "bleu_2": 0.06776829715261362
      },
      "X2_Y1": {
        "em": 0.0,
        "contains_gt": 0.0,
        "f1": 0.24656084656084656,
        "bleu": 0.05485353474923642,
        "bleu_1": 0.2061890194007897,
        "bleu_2": 0.14932368896112916
      },
      "X1_Y1": {
        "em": 0.0,
        "contains_gt": 0.0,
        "f1": 0.09090909090909091,
        "bleu": 0.010730205889863079,
        "bleu_1": 0.03147926713959364,
        "bleu_2": 0.012191867738246058
      },
      "X1_Y2": {
        "em": 0.0,
        "contains_gt": 0.0,
        "f1": 0.0,
        "bleu": 0.0,
        "bleu_1": 0.0,
        "bleu_2": 0.0
      },
      "X3_Y1": {
        "em": 0.0,
        "contains_gt": 0.0,
        "f1": 0.5,
        "bleu": 0.1495348781221221,
        "bleu_1": 0.5,
        "bleu_2": 0.223606797749979
      },
      "X3_Y2": {
        "em": 0.0,
        "contains_gt": 0.0,
        "f1": 0.4,
        "bleu": 0.03986357128268015,
        "bleu_1": 0.25,
        "bleu_2": 0.1507556722888818
      },
      "X4_Y2": {
        "em": 0.0,
        "contains_gt": 0.0,
        "f1": 0.0,
        "bleu": 0.0,
        "bleu_1": 0.0,
        "bleu_2": 0.0
      },
      "X1_Y3": {
        "em": 0.0,
        "contains_gt": 0.0,
        "f1": 0.7324561403508771,
        "bleu": 0.340277196798778,
        "bleu_1": 0.6772583713965385,
        "bleu_2": 0.5315934985863227
      }
    }
  },
  "method_runtime": {
    "retrieval_backend": "dense_text",
    "retrieval_corpus": "round_text",
    "method_modality": "text_only",
    "top_k": 10,
    "neighbor_window": 0,
    "seed_round_ids": [
      "R4b:1",
      "R4:2",
      "R1:1",
      "R4:1",
      "CX4:1",
      "R3:1",
      "B5:1",
      "B5b:1",
      "R2:2",
      "R3b:1"
    ],
    "selected_round_ids": [
      "R4b:1",
      "R4:2",
      "R1:1",
      "R4:1",
      "CX4:1",
      "R3:1",
      "B5:1",
      "B5b:1",
      "R2:2",
      "R3b:1"
    ],
    "top_candidates": [
      {
        "round_id": "R4b:1",
        "score": 0.7398800267090753,
        "text_dense_score": 0.7398800267090753
      },
      {
        "round_id": "R4:2",
        "score": 0.6700342690898548,
        "text_dense_score": 0.6700342690898548
      },
      {
        "round_id": "R1:1",
        "score": 0.5930114036129694,
        "text_dense_score": 0.5930114036129694
      },
      {
        "round_id": "R4:1",
        "score": 0.5876630412838653,
        "text_dense_score": 0.5876630412838653
      },
      {
        "round_id": "CX4:1",
        "score": 0.5518209907815899,
        "text_dense_score": 0.5518209907815899
      }
    ],
    "clue_hit_count": 3,
    "corpus_entry_count": 53,
    "text_embedding_model": "all-MiniLM-L6-v2",
    "caption_text_included": true,
    "image_embeddings_built": false,
    "history_source": "retrieval",
    "captions_loaded": true,
    "images_loaded": false,
    "history_turns_after_truncation": 20
  }
}