{
  "task_name": "social_chat_memory_test_open",
  "model_name": "qwen3_vl_8b_openrouter",
  "model_path": "qwen/qwen3-vl-8b-instruct",
  "method_name": "reflexion",
  "base_method_name": "reflexion",
  "method_modality": "",
  "mode": "open",
  "num_qas": 44,
  "num_qas_run": 44,
  "dialog_json": "/common/home/mg1998/.cache/memeye_hf/MemEye/data/dialog/Social_Chat_Memory_Test_Open.json",
  "image_root": "/common/home/mg1998/.cache/memeye_hf/MemEye/data/image",
  "run_dir": "/common/home/mg1998/MemoryBench/Benchmark_Pipeline/runs/social_chat_memory_test_open/20260419_143951_qwen3_vl_8b_openrouter_reflexion",
  "git_commit": "2ede73a357fc683261e8335004aafee97dabd948",
  "summary": {
    "open_count": 44,
    "overall": {
      "em": 0.09090909090909091,
      "contains_gt": 0.11363636363636363,
      "f1": 0.2538052619235473,
      "bleu": 0.08558816660604465,
      "bleu_1": 0.21246799670483799,
      "bleu_2": 0.11634089757962511
    },
    "by_x": {
      "X2": {
        "em": 0.1111111111111111,
        "contains_gt": 0.1388888888888889,
        "f1": 0.2582314605557701,
        "bleu": 0.09599876721365735,
        "bleu_1": 0.21999638212531905,
        "bleu_2": 0.12470660250589084
      },
      "X1": {
        "em": 0.0,
        "contains_gt": 0.0,
        "f1": 0.20363155363155364,
        "bleu": 0.02539203432731011,
        "bleu_1": 0.14288727684313424,
        "bleu_2": 0.05551337155763635
      },
      "X3": {
        "em": 0.0,
        "contains_gt": 0.0,
        "f1": 0.42647058823529416,
        "bleu": 0.09148176966887471,
        "bleu_1": 0.3571428571428571,
        "bleu_2": 0.17599747275162642
      },
      "X4": {
        "em": 0.0,
        "contains_gt": 0.0,
        "f1": 0.0,
        "bleu": 0.0,
        "bleu_1": 0.0,
        "bleu_2": 0.0
      }
    },
    "by_y": {
      "Y2": {
        "em": 0.13333333333333333,
        "contains_gt": 0.16666666666666666,
        "f1": 0.26392573083254933,
        "bleu": 0.11210215917600069,
        "bleu_1": 0.23397586753717822,
        "bleu_2": 0.1435774662215514
      },
      "Y3": {
        "em": 0.0,
        "contains_gt": 0.0,
        "f1": 0.18297535797535797,
        "bleu": 0.013073186251372607,
        "bleu_1": 0.12859701964647086,
        "bleu_2": 0.034772335266626465
      },
      "Y1": {
        "em": 0.0,
        "contains_gt": 0.0,
        "f1": 0.297642789309456,
        "bleu": 0.049704844229160494,
        "bleu_1": 0.21675661195429294,
        "bleu_2": 0.08891613745399182
      }
    },
    "by_cell": {
      "X2_Y2": {
        "em": 0.14814814814814814,
        "contains_gt": 0.18518518518518517,
        "f1": 0.2801789166113293,
        "bleu": 0.12331985607645901,
        "bleu_1": 0.2520366782159123,
        "bleu_2": 0.15477540144049143
      },
      "X2_Y3": {
        "em": 0.0,
        "contains_gt": 0.0,
        "f1": 0.16532356532356532,
        "bleu": 0.012100549992654261,
        "bleu_1": 0.11525545923537267,
        "bleu_2": 0.03521511230736117
      },
      "X2_Y1": {
        "em": 0.0,
        "contains_gt": 0.0,
        "f1": 0.24652014652014653,
        "bleu": 0.017905401890448543,
        "bleu_1": 0.14111556308987241,
        "bleu_2": 0.033070392491544975
      },
      "X1_Y1": {
        "em": 0.0,
        "contains_gt": 0.0,
        "f1": 0.27314814814814814,
        "bleu": 0.04748899079074763,
        "bleu_1": 0.18859649122807018,
        "bleu_2": 0.10533942474966854
      },
      "X1_Y2": {
        "em": 0.0,
        "contains_gt": 0.0,
        "f1": 0.0,
        "bleu": 0.0,
        "bleu_1": 0.0,
        "bleu_2": 0.0
      },
      "X3_Y1": {
        "em": 0.0,
        "contains_gt": 0.0,
        "f1": 0.5,
        "bleu": 0.1495348781221221,
        "bleu_1": 0.5,
        "bleu_2": 0.223606797749979
      },
      "X3_Y2": {
        "em": 0.0,
        "contains_gt": 0.0,
        "f1": 0.35294117647058826,
        "bleu": 0.03342866121562732,
        "bleu_1": 0.21428571428571425,
        "bleu_2": 0.12838814775327384
      },
      "X4_Y2": {
        "em": 0.0,
        "contains_gt": 0.0,
        "f1": 0.0,
        "bleu": 0.0,
        "bleu_1": 0.0,
        "bleu_2": 0.0
      },
      "X1_Y3": {
        "em": 0.0,
        "contains_gt": 0.0,
        "f1": 0.23593073593073594,
        "bleu": 0.015991095027527647,
        "bleu_1": 0.16862170087976538,
        "bleu_2": 0.03344400414442235
      }
    }
  },
  "method_runtime": {
    "num_memories": 53,
    "debug_dir": "/common/home/mg1998/MemoryBench/output/social_chat_memory_test_open/reflexion"
  }
}