{
  "task_name": "personal_health_dashboard_assistant_open",
  "model_name": "qwen3_vl_8b_openrouter",
  "model_path": "qwen/qwen3-vl-8b-instruct",
  "method_name": "mma",
  "base_method_name": "mma",
  "method_modality": "",
  "mode": "open",
  "num_qas": 63,
  "num_qas_run": 63,
  "dialog_json": "/common/home/mg1998/.cache/memeye_hf/MemEye/data/dialog/Personal_Health_Dashboard_Assistant_Open.json",
  "image_root": "/common/home/mg1998/.cache/memeye_hf/MemEye/data/image",
  "run_dir": "/common/home/mg1998/MemoryBench/Benchmark_Pipeline/runs/personal_health_dashboard_assistant_open/20260420_204355_qwen3_vl_8b_openrouter_mma",
  "git_commit": "e3df13f29ca74b06578be06696cb2ed6310a339b",
  "summary": {
    "open_count": 63,
    "overall": {
      "em": 0.06349206349206349,
      "contains_gt": 0.14285714285714285,
      "f1": 0.1705408526942299,
      "bleu": 0.06465165055976452,
      "bleu_1": 0.14054797761607743,
      "bleu_2": 0.10935359599172507
    },
    "by_x": {
      "X4": {
        "em": 0.05357142857142857,
        "contains_gt": 0.14285714285714285,
        "f1": 0.16953703070958007,
        "bleu": 0.053834259605233685,
        "bleu_1": 0.13720327768098833,
        "bleu_2": 0.10398204790041034
      },
      "X3": {
        "em": 0.0,
        "contains_gt": 0.0,
        "f1": 0.0,
        "bleu": 0.0,
        "bleu_1": 0.0,
        "bleu_2": 0.0
      },
      "X1": {
        "em": 0.3333333333333333,
        "contains_gt": 0.3333333333333333,
        "f1": 0.4166666666666667,
        "bleu": 0.3527784824573593,
        "bleu_1": 0.3903796798925102,
        "bleu_2": 0.35542728835190024
      }
    },
    "by_y": {
      "Y2": {
        "em": 0.058823529411764705,
        "contains_gt": 0.1568627450980392,
        "f1": 0.12983817368543704,
        "bleu": 0.048917708296679824,
        "bleu_1": 0.11231456012324076,
        "bleu_2": 0.09093019226103008
      },
      "Y3": {
        "em": 0.09090909090909091,
        "contains_gt": 0.09090909090909091,
        "f1": 0.3520297147071995,
        "bleu": 0.13817412861476502,
        "bleu_1": 0.268667362168188,
        "bleu_2": 0.19868680701004046
      },
      "Y1": {
        "em": 0.0,
        "contains_gt": 0.0,
        "f1": 0.25,
        "bleu": 0.05833544737207805,
        "bleu_1": 0.17113903967753066,
        "bleu_2": 0.06628186505570068
      }
    },
    "by_cell": {
      "X4_Y2": {
        "em": 0.06382978723404255,
        "contains_gt": 0.1702127659574468,
        "f1": 0.14088823102036785,
        "bleu": 0.053080917513418535,
        "bleu_1": 0.12187324609117614,
        "bleu_2": 0.09866893202792626
      },
      "X4_Y3": {
        "em": 0.0,
        "contains_gt": 0.0,
        "f1": 0.3191474290865772,
        "bleu": 0.05776837941804613,
        "bleu_1": 0.21726010931667422,
        "bleu_2": 0.13172831967893833
      },
      "X3_Y2": {
        "em": 0.0,
        "contains_gt": 0.0,
        "f1": 0.0,
        "bleu": 0.0,
        "bleu_1": 0.0,
        "bleu_2": 0.0
      },
      "X1_Y3": {
        "em": 0.5,
        "contains_gt": 0.5,
        "f1": 0.5,
        "bleu": 0.5,
        "bleu_1": 0.5,
        "bleu_2": 0.5
      },
      "X1_Y1": {
        "em": 0.0,
        "contains_gt": 0.0,
        "f1": 0.25,
        "bleu": 0.05833544737207805,
        "bleu_1": 0.17113903967753066,
        "bleu_2": 0.06628186505570068
      }
    }
  }
}