{
  "task_name": "multi_scene_visual_case_archive_assistant_open",
  "model_name": "qwen3_vl_8b_openrouter",
  "model_path": "qwen/qwen3-vl-8b-instruct",
  "method_name": "m2a",
  "base_method_name": "m2a",
  "method_modality": "",
  "mode": "open",
  "num_qas": 59,
  "num_qas_run": 59,
  "dialog_json": "/common/home/mg1998/.cache/memeye_hf/MemEye/data/dialog/Multi-Scene_Visual_Case_Archive_Assistant_Open.json",
  "image_root": "/common/home/mg1998/.cache/memeye_hf/MemEye/data/image",
  "run_dir": "/common/home/mg1998/MemoryBench/Benchmark_Pipeline/runs/multi_scene_visual_case_archive_assistant_open/20260421_000405_qwen3_vl_8b_openrouter_m2a",
  "git_commit": "072863614aba6beee60562ec88ebb4c322ab94cd",
  "summary": {
    "open_count": 59,
    "overall": {
      "em": 0.0,
      "contains_gt": 0.01694915254237288,
      "f1": 0.4262188636735014,
      "bleu": 0.15917827304239074,
      "bleu_1": 0.35205279535050854,
      "bleu_2": 0.3012580228329425
    },
    "by_x": {
      "X4": {
        "em": 0.0,
        "contains_gt": 0.0,
        "f1": 0.10002141786249732,
        "bleu": 0.04409002162200402,
        "bleu_1": 0.06746031746031746,
        "bleu_2": 0.0607623873049763
      },
      "X2": {
        "em": 0.0,
        "contains_gt": 0.1111111111111111,
        "f1": 0.17561369387456344,
        "bleu": 0.029724836285279846,
        "bleu_1": 0.12948113634586708,
        "bleu_2": 0.06447051752726868
      },
      "X3": {
        "em": 0.0,
        "contains_gt": 0.0,
        "f1": 0.5317730182983263,
        "bleu": 0.2050084751530118,
        "bleu_1": 0.444966569217325,
        "bleu_2": 0.3899686506572873
      }
    },
    "by_y": {
      "Y2": {
        "em": 0.0,
        "contains_gt": 0.1,
        "f1": 0.25370932715460454,
        "bleu": 0.10495871127779333,
        "bleu_1": 0.1753350716980559,
        "bleu_2": 0.14948237926456784
      },
      "Y3": {
        "em": 0.0,
        "contains_gt": 0.0,
        "f1": 0.08900022637982927,
        "bleu": 0.00890493190832332,
        "bleu_1": 0.06303933936783025,
        "bleu_2": 0.01596255869126949
      },
      "Y1": {
        "em": 0.0,
        "contains_gt": 0.0,
        "f1": 0.5959115761736877,
        "bleu": 0.2285046356087477,
        "bleu_1": 0.5055070221366014,
        "bleu_2": 0.44644128587531734
      }
    },
    "by_cell": {
      "X4_Y2": {
        "em": 0.0,
        "contains_gt": 0.0,
        "f1": 0.14002998500749625,
        "bleu": 0.06172603027080562,
        "bleu_1": 0.09444444444444444,
        "bleu_2": 0.08506734222696682
      },
      "X2_Y2": {
        "em": 0.0,
        "contains_gt": 0.3333333333333333,
        "f1": 0.29231444883618796,
        "bleu": 0.06046606977891488,
        "bleu_1": 0.20336817653890824,
        "bleu_2": 0.14397822075968073
      },
      "X3_Y3": {
        "em": 0.0,
        "contains_gt": 0.0,
        "f1": 0.09068460891505467,
        "bleu": 0.0059277595154858375,
        "bleu_1": 0.05285714285714285,
        "bleu_2": 0.011842653504025514
      },
      "X2_Y3": {
        "em": 0.0,
        "contains_gt": 0.0,
        "f1": 0.11726331639375118,
        "bleu": 0.01435421953846233,
        "bleu_1": 0.0925376162493465,
        "bleu_2": 0.02471666591106264
      },
      "X3_Y1": {
        "em": 0.0,
        "contains_gt": 0.0,
        "f1": 0.5959115761736877,
        "bleu": 0.2285046356087477,
        "bleu_1": 0.5055070221366014,
        "bleu_2": 0.44644128587531734
      },
      "X3_Y2": {
        "em": 0.0,
        "contains_gt": 0.0,
        "f1": 0.48,
        "bleu": 0.2797793760435803,
        "bleu_1": 0.33551198257080606,
        "bleu_2": 0.3187762096159011
      },
      "X4_Y3": {
        "em": 0.0,
        "contains_gt": 0.0,
        "f1": 0.0,
        "bleu": 0.0,
        "bleu_1": 0.0,
        "bleu_2": 0.0
      }
    }
  }
}