{
  "task_name": "cartoon_entertainment_companion_open",
  "model_name": "qwen3_vl_8b_openrouter",
  "model_path": "qwen/qwen3-vl-8b-instruct",
  "method_name": "full_context_multimodal",
  "base_method_name": "full_context_multimodal",
  "method_modality": "",
  "mode": "open",
  "num_qas": 113,
  "num_qas_run": 113,
  "dialog_json": "/common/home/mg1998/MemoryBench/Benchmark_Pipeline/data/dialog/Visual_Entertainment_Companion_Open.json",
  "image_root": "/common/home/mg1998/.cache/memeye_hf/MemEye/data/image",
  "run_dir": "/common/home/mg1998/MemoryBench/Benchmark_Pipeline/runs/visual_entertainment_companion_open/20260419_214938_qwen3_vl_8b_openrouter_full_context_multimodal",
  "git_commit": "2ede73a357fc683261e8335004aafee97dabd948",
  "summary": {
    "open_count": 113,
    "overall": {
      "em": 0.061946902654867256,
      "contains_gt": 0.12389380530973451,
      "f1": 0.3110363297916592,
      "bleu": 0.08428575587312702,
      "bleu_1": 0.2425901223782567,
      "bleu_2": 0.1834436198074567
    },
    "by_x": {
      "X3": {
        "em": 0.0,
        "contains_gt": 0.14285714285714285,
        "f1": 0.17562434171926652,
        "bleu": 0.021502314085131743,
        "bleu_1": 0.10410471933836374,
        "bleu_2": 0.06184822486485587
      },
      "X4": {
        "em": 0.044444444444444446,
        "contains_gt": 0.044444444444444446,
        "f1": 0.2784191084241254,
        "bleu": 0.07548518020970339,
        "bleu_1": 0.21539196975964553,
        "bleu_2": 0.15070109381547428
      },
      "X2": {
        "em": 0.1111111111111111,
        "contains_gt": 0.1111111111111111,
        "f1": 0.43061897978564645,
        "bleu": 0.12748215270785498,
        "bleu_1": 0.3690517518329055,
        "bleu_2": 0.29652460006074227
      },
      "X1": {
        "em": 0.13636363636363635,
        "contains_gt": 0.2727272727272727,
        "f1": 0.45225555377685195,
        "bleu": 0.1468506255046192,
        "bleu_1": 0.3710082506860216,
        "bleu_2": 0.31265394178349715
      }
    },
    "by_y": {
      "Y1": {
        "em": 0.045454545454545456,
        "contains_gt": 0.09090909090909091,
        "f1": 0.19529603629889553,
        "bleu": 0.047524194492283726,
        "bleu_1": 0.14743639933559438,
        "bleu_2": 0.09809832846552749
      },
      "Y2": {
        "em": 0.08771929824561403,
        "contains_gt": 0.17543859649122806,
        "f1": 0.39873882671429633,
        "bleu": 0.11104513452849886,
        "bleu_1": 0.3172449611240921,
        "bleu_2": 0.2552680209064682
      },
      "Y3": {
        "em": 0.0,
        "contains_gt": 0.0,
        "f1": 0.3188305455492661,
        "bleu": 0.0919710989898695,
        "bleu_1": 0.23687662282530025,
        "bleu_2": 0.15521044950755894
      }
    },
    "by_cell": {
      "X3_Y1": {
        "em": 0.0,
        "contains_gt": 0.13333333333333333,
        "f1": 0.127785966470177,
        "bleu": 0.01648198080376831,
        "bleu_1": 0.07219860210798303,
        "bleu_2": 0.04085194085207101
      },
      "X4_Y2": {
        "em": 0.0,
        "contains_gt": 0.0,
        "f1": 0.37083742318061513,
        "bleu": 0.0713170275811909,
        "bleu_1": 0.27138940771792525,
        "bleu_2": 0.17957662806347904
      },
      "X2_Y2": {
        "em": 0.2,
        "contains_gt": 0.2,
        "f1": 0.4882936507936508,
        "bleu": 0.20044665692833857,
        "bleu_1": 0.47727272727272724,
        "bleu_2": 0.4309099442450784
      },
      "X3_Y2": {
        "em": 0.0,
        "contains_gt": 0.15384615384615385,
        "f1": 0.23082246700667752,
        "bleu": 0.027295006332858786,
        "bleu_1": 0.14091946998880303,
        "bleu_2": 0.08607470641806918
      },
      "X2_Y1": {
        "em": 0.0,
        "contains_gt": 0.0,
        "f1": 0.3782051282051282,
        "bleu": 0.04205480984133167,
        "bleu_1": 0.2470512085168363,
        "bleu_2": 0.14288418987603507
      },
      "X4_Y1": {
        "em": 0.10526315789473684,
        "contains_gt": 0.10526315789473684,
        "f1": 0.15529896168993912,
        "bleu": 0.07247392434624933,
        "bleu_1": 0.1408906882591093,
        "bleu_2": 0.11423614855816035
      },
      "X1_Y1": {
        "em": 0.0,
        "contains_gt": 0.0,
        "f1": 0.36408126468978397,
        "bleu": 0.05362535599430797,
        "bleu_1": 0.3112480527805782,
        "bleu_2": 0.16893884446022187
      },
      "X4_Y3": {
        "em": 0.0,
        "contains_gt": 0.0,
        "f1": 0.3581187440367768,
        "bleu": 0.10443419353058121,
        "bleu_1": 0.26330760003690834,
        "bleu_2": 0.16799064195164726
      },
      "X2_Y3": {
        "em": 0.0,
        "contains_gt": 0.0,
        "f1": 0.2994871794871795,
        "bleu": 0.018941660205006997,
        "bleu_1": 0.19394850458200427,
        "bleu_2": 0.08551910969318297
      },
      "X1_Y3": {
        "em": 0.0,
        "contains_gt": 0.0,
        "f1": 0.28727969348659005,
        "bleu": 0.10871977996310281,
        "bleu_1": 0.22761689291101056,
        "bleu_2": 0.170306792989221
      },
      "X1_Y2": {
        "em": 0.23076923076923078,
        "contains_gt": 0.46153846153846156,
        "f1": 0.5428383582229737,
        "bleu": 0.19020103363914434,
        "bleu_1": 0.44454652610885464,
        "bleu_2": 0.4116228751115342
      }
    }
  },
  "method_runtime": {
    "method_modality": "multimodal",
    "history_source": "full_context",
    "captions_loaded": false,
    "images_loaded": true,
    "history_turns_after_truncation": 598,
    "history_turns_before_truncation": 598
  }
}