{
  "task_name": "personal_health_dashboard_assistant_open",
  "model_name": "gpt_5_4_mini",
  "model_path": "gpt-5.4-mini",
  "method_name": "memoryos",
  "base_method_name": "memoryos",
  "method_modality": "",
  "mode": "open",
  "num_qas": 51,
  "num_qas_run": 51,
  "dialog_json": "/Users/qingyuejiao/Desktop/MemoryBench/Benchmark_Pipeline/data/dialog/Personal_Health_Dashboard_Assistant_Open.json",
  "image_root": "/Users/qingyuejiao/Desktop/MemoryBench/Benchmark_Pipeline/data/image",
  "run_dir": "/Users/qingyuejiao/Desktop/MemoryBench/Benchmark_Pipeline/runs/personal_health_dashboard_assistant_open/20260426_124528_gpt_5_4_mini_memoryos",
  "git_commit": "f50478ca8d87824ef1e9bc48c2b9e0d49e54305a",
  "summary": {
    "open_count": 51,
    "overall": {
      "em": 0.23529411764705882,
      "contains_gt": 0.2549019607843137,
      "f1": 0.32244752151872896,
      "bleu": 0.1967504895593205,
      "bleu_1": 0.30651160938082056,
      "bleu_2": 0.2774727225611461,
      "judge": 0.3137254901960784
    },
    "by_x": {
      "X4": {
        "em": 0.2727272727272727,
        "contains_gt": 0.29545454545454547,
        "f1": 0.33996836496836497,
        "bleu": 0.21448973781552463,
        "bleu_1": 0.3260540407433537,
        "bleu_2": 0.29891112980443413,
        "judge": 0.3181818181818182
      },
      "X3": {
        "em": 0.0,
        "contains_gt": 0.0,
        "f1": 0.0,
        "bleu": 0.0,
        "bleu_1": 0.0,
        "bleu_2": 0.0,
        "judge": 0.0
      },
      "X1": {
        "em": 0.0,
        "contains_gt": 0.0,
        "f1": 0.4954051796157059,
        "bleu": 0.19890883454742095,
        "bleu_1": 0.42857142857142855,
        "bleu_2": 0.3330063797411163,
        "judge": 0.6666666666666666
      }
    },
    "by_y": {
      "Y2": {
        "em": 0.2727272727272727,
        "contains_gt": 0.29545454545454547,
        "f1": 0.3243839493839494,
        "bleu": 0.21243821038298133,
        "bleu_1": 0.319494248957919,
        "bleu_2": 0.2964509514445225,
        "judge": 0.29545454545454547
      },
      "Y3": {
        "em": 0.0,
        "contains_gt": 0.0,
        "f1": 0.34444444444444444,
        "bleu": 0.11211834634925144,
        "bleu_1": 0.25048609214080686,
        "bleu_2": 0.1806377709187561,
        "judge": 0.5
      },
      "Y1": {
        "em": 0.0,
        "contains_gt": 0.0,
        "f1": 0.10526315789473682,
        "bleu": 0.01428363257865929,
        "bleu_1": 0.07142857142857141,
        "bleu_2": 0.023440361546924773,
        "judge": 0.0
      }
    },
    "by_cell": {
      "X4_Y2": {
        "em": 0.3,
        "contains_gt": 0.325,
        "f1": 0.35682234432234433,
        "bleu": 0.23368203142127947,
        "bleu_1": 0.3514436738537109,
        "bleu_2": 0.32609604658897473,
        "judge": 0.325
      },
      "X4_Y3": {
        "em": 0.0,
        "contains_gt": 0.0,
        "f1": 0.17142857142857143,
        "bleu": 0.022566801757976266,
        "bleu_1": 0.07215770963978176,
        "bleu_2": 0.027061961959028137,
        "judge": 0.25
      },
      "X3_Y2": {
        "em": 0.0,
        "contains_gt": 0.0,
        "f1": 0.0,
        "bleu": 0.0,
        "bleu_1": 0.0,
        "bleu_2": 0.0,
        "judge": 0.0
      },
      "X1_Y3": {
        "em": 0.0,
        "contains_gt": 0.0,
        "f1": 0.6904761904761905,
        "bleu": 0.2912214355318018,
        "bleu_1": 0.6071428571428572,
        "bleu_2": 0.48778938883821205,
        "judge": 1.0
      },
      "X1_Y1": {
        "em": 0.0,
        "contains_gt": 0.0,
        "f1": 0.10526315789473682,
        "bleu": 0.01428363257865929,
        "bleu_1": 0.07142857142857141,
        "bleu_2": 0.023440361546924773,
        "judge": 0.0
      }
    }
  },
  "method_runtime": {
    "caption_validation_passed": true,
    "caption_validation_round_count": 62,
    "num_memories": 97,
    "debug_dir": "/Users/qingyuejiao/Desktop/MemoryBench/Benchmark_Pipeline/output/personal_health_dashboard_assistant/memoryos/cba809dfe7e299f1",
    "data_storage_path": "/Users/qingyuejiao/Desktop/MemoryBench/Benchmark_Pipeline/runs/personal_health_dashboard_assistant/memoryos_data/cba809dfe7e299f1",
    "runtime_signature": "cba809dfe7e299f1"
  },
  "judge_model": "gpt-5.2",
  "judge_rescored_from_predictions": true,
  "judge": {
    "enabled": true,
    "model": "gpt-5.2",
    "scored_open_rows": 51
  }
}