{
  "task_name": "home_renovation_interior_design_open",
  "model_name": "gpt_4_1_nano",
  "model_path": "gpt-4.1-nano",
  "method_name": "reflexion",
  "base_method_name": "reflexion",
  "method_modality": "",
  "mode": "open",
  "num_qas": 52,
  "num_qas_run": 52,
  "dialog_json": "/Users/qingyuejiao/Desktop/MemoryBench/Benchmark_Pipeline/data/dialog/Home_Renovation_Interior_Design_Open.json",
  "image_root": "/Users/qingyuejiao/Desktop/MemoryBench/Benchmark_Pipeline/data/image",
  "run_dir": "/Users/qingyuejiao/Desktop/MemoryBench/Benchmark_Pipeline/runs/home_renovation_interior_design_open/20260424_195141_gpt_4_1_nano_reflexion",
  "git_commit": "b24985b9af7b246db9e6e807768083d0acb8c78a",
  "summary": {
    "open_count": 52,
    "overall": {
      "em": 0.0,
      "contains_gt": 0.057692307692307696,
      "f1": 0.2145230428623796,
      "bleu": 0.046659960221876136,
      "bleu_1": 0.16117857759723547,
      "bleu_2": 0.09399890385757646
    },
    "by_x": {
      "X4": {
        "em": 0.0,
        "contains_gt": 0.125,
        "f1": 0.13143868658574542,
        "bleu": 0.01333081368773197,
        "bleu_1": 0.0781047077922078,
        "bleu_2": 0.032608835764202385
      },
      "X3": {
        "em": 0.0,
        "contains_gt": 0.05555555555555555,
        "f1": 0.22242756777393,
        "bleu": 0.0459667962909124,
        "bleu_1": 0.1691826188517365,
        "bleu_2": 0.10301062476461204
      },
      "X2": {
        "em": 0.0,
        "contains_gt": 0.0,
        "f1": 0.1851851851851852,
        "bleu": 0.02469132914632944,
        "bleu_1": 0.14274391819848586,
        "bleu_2": 0.04306806044370805
      },
      "X1": {
        "em": 0.0,
        "contains_gt": 0.0,
        "f1": 0.8,
        "bleu": 0.4920274515385508,
        "bleu_1": 0.6666666666666666,
        "bleu_2": 0.6172133998483675
      }
    },
    "by_y": {
      "Y2": {
        "em": 0.0,
        "contains_gt": 0.0,
        "f1": 0.10162588183421517,
        "bleu": 0.01475371000714092,
        "bleu_1": 0.0736799543049543,
        "bleu_2": 0.02881997431550069
      },
      "Y1": {
        "em": 0.0,
        "contains_gt": 0.05128205128205128,
        "f1": 0.24621421316666217,
        "bleu": 0.056529257694188075,
        "bleu_1": 0.18710580983068698,
        "bleu_2": 0.11264184898225595
      },
      "Y3": {
        "em": 0.0,
        "contains_gt": 1.0,
        "f1": 0.33333333333333337,
        "bleu": 0.0446323613785333,
        "bleu_1": 0.2,
        "bleu_2": 0.14907119849998599
      }
    },
    "by_cell": {
      "X4_Y2": {
        "em": 0.0,
        "contains_gt": 0.0,
        "f1": 0.08333333333333333,
        "bleu": 0.006150343144231884,
        "bleu_1": 0.03125,
        "bleu_2": 0.010206207261596574
      },
      "X3_Y2": {
        "em": 0.0,
        "contains_gt": 0.0,
        "f1": 0.1513095238095238,
        "bleu": 0.02550776369709383,
        "bleu_1": 0.1107965367965368,
        "bleu_2": 0.051602080486985925
      },
      "X3_Y1": {
        "em": 0.0,
        "contains_gt": 0.06451612903225806,
        "f1": 0.23389822002625357,
        "bleu": 0.04926664025765733,
        "bleu_1": 0.17859972886063968,
        "bleu_2": 0.11130232545455174
      },
      "X2_Y1": {
        "em": 0.0,
        "contains_gt": 0.0,
        "f1": 0.5,
        "bleu": 0.06781714435627398,
        "bleu_1": 0.3657653298563167,
        "bleu_2": 0.11702977413903544
      },
      "X2_Y2": {
        "em": 0.0,
        "contains_gt": 0.0,
        "f1": 0.059259259259259255,
        "bleu": 0.007441003062351625,
        "bleu_1": 0.05353535353535353,
        "bleu_2": 0.013483374965577097
      },
      "X4_Y1": {
        "em": 0.0,
        "contains_gt": 0.0,
        "f1": 0.11030189853719266,
        "bleu": 0.00994269236697174,
        "bleu_1": 0.07246753246753246,
        "bleu_2": 0.018277414618087982
      },
      "X4_Y3": {
        "em": 0.0,
        "contains_gt": 1.0,
        "f1": 0.33333333333333337,
        "bleu": 0.0446323613785333,
        "bleu_1": 0.2,
        "bleu_2": 0.14907119849998599
      },
      "X1_Y1": {
        "em": 0.0,
        "contains_gt": 0.0,
        "f1": 0.8,
        "bleu": 0.4920274515385508,
        "bleu_1": 0.6666666666666666,
        "bleu_2": 0.6172133998483675
      }
    }
  },
  "method_runtime": {
    "num_memories": 120,
    "debug_dir": "/Users/qingyuejiao/Desktop/MemoryBench/output/home_renovation_interior_design/reflexion"
  }
}