{
  "task_name": "social_chat_memory_test_open",
  "model_name": "gpt_5_4_mini",
  "model_path": "gpt-5.4-mini",
  "method_name": "m2a",
  "base_method_name": "m2a",
  "method_modality": "",
  "mode": "open",
  "num_qas": 37,
  "num_qas_run": 37,
  "dialog_json": "/common/home/mg1998/.cache/memeye_hf/MemEye/data/dialog/Social_Chat_Memory_Test_Open.json",
  "image_root": "/common/home/mg1998/.cache/memeye_hf/MemEye/data/image",
  "run_dir": "/common/home/mg1998/MemoryBench/Benchmark_Pipeline/runs/social_chat_memory_test_open/20260425_190706_gpt_5_4_mini_m2a",
  "git_commit": "7eb4b31f1f56487e02ecff48e751fe66ab6c6c5f",
  "summary": {
    "open_count": 37,
    "overall": {
      "em": 0.0,
      "contains_gt": 0.08108108108108109,
      "f1": 0.1825692059511405,
      "bleu": 0.03926173118870873,
      "bleu_1": 0.1255317112946143,
      "bleu_2": 0.07087224695312892,
      "judge": 0.43243243243243246
    },
    "by_x": {
      "X2": {
        "em": 0.0,
        "contains_gt": 0.06896551724137931,
        "f1": 0.17490321525765104,
        "bleu": 0.03708978815584545,
        "bleu_1": 0.12079890194467474,
        "bleu_2": 0.0617856005090777,
        "judge": 0.43103448275862066
      },
      "X1": {
        "em": 0.0,
        "contains_gt": 0.0,
        "f1": 0.19464285714285715,
        "bleu": 0.05323711837624057,
        "bleu_1": 0.13003263403263404,
        "bleu_2": 0.10661744788374282,
        "judge": 0.5
      },
      "X3": {
        "em": 0.0,
        "contains_gt": 0.5,
        "f1": 0.2714932126696833,
        "bleu": 0.03503488826755785,
        "bleu_1": 0.16233766233766234,
        "bleu_2": 0.11983422808242014,
        "judge": 0.5
      },
      "X4": {
        "em": 0.0,
        "contains_gt": 0.0,
        "f1": 0.16666666666666666,
        "bleu": 0.040824829046386304,
        "bleu_1": 0.16666666666666669,
        "bleu_2": 0.05773502691896258,
        "judge": 0.0
      }
    },
    "by_y": {
      "Y2": {
        "em": 0.0,
        "contains_gt": 0.08,
        "f1": 0.1396701255400946,
        "bleu": 0.0322530314445924,
        "bleu_1": 0.09234030262394644,
        "bleu_2": 0.04894481242066068,
        "judge": 0.32
      },
      "Y3": {
        "em": 0.0,
        "contains_gt": 0.0,
        "f1": 0.33343664042193455,
        "bleu": 0.07454370424642225,
        "bleu_1": 0.24290826208637215,
        "bleu_2": 0.15853437510432142,
        "judge": 1.0
      },
      "Y1": {
        "em": 0.0,
        "contains_gt": 0.16666666666666666,
        "f1": 0.21044793985970456,
        "bleu": 0.03318267373147993,
        "bleu_1": 0.1464526966306392,
        "bleu_2": 0.07457442935388749,
        "judge": 0.3333333333333333
      }
    },
    "by_cell": {
      "X2_Y2": {
        "em": 0.0,
        "contains_gt": 0.09090909090909091,
        "f1": 0.14044510700857452,
        "bleu": 0.03342248871890855,
        "bleu_1": 0.09086289800340233,
        "bleu_2": 0.048229854542061926,
        "judge": 0.36363636363636365
      },
      "X2_Y3": {
        "em": 0.0,
        "contains_gt": 0.0,
        "f1": 0.32827996063290177,
        "bleu": 0.0644933683309053,
        "bleu_1": 0.2595139082810734,
        "bleu_2": 0.15355878658634964,
        "judge": 1.0
      },
      "X2_Y1": {
        "em": 0.0,
        "contains_gt": 0.0,
        "f1": 0.22309368191721132,
        "bleu": 0.02744521045996961,
        "bleu_1": 0.15537625573214087,
        "bleu_2": 0.038830156164164145,
        "judge": 0.16666666666666666
      },
      "X1_Y1": {
        "em": 0.0,
        "contains_gt": 0.0,
        "f1": 0.14285714285714285,
        "bleu": 0.0384484198631453,
        "bleu_1": 0.11538461538461539,
        "bleu_2": 0.09805806756909204,
        "judge": 0.25
      },
      "X1_Y2": {
        "em": 0.0,
        "contains_gt": 0.0,
        "f1": 0.0,
        "bleu": 0.0,
        "bleu_1": 0.0,
        "bleu_2": 0.0,
        "judge": 0.0
      },
      "X3_Y1": {
        "em": 0.0,
        "contains_gt": 1.0,
        "f1": 0.3076923076923077,
        "bleu": 0.03986357128268015,
        "bleu_1": 0.18181818181818182,
        "bleu_2": 0.13483997249264845,
        "judge": 1.0
      },
      "X3_Y2": {
        "em": 0.0,
        "contains_gt": 0.0,
        "f1": 0.23529411764705882,
        "bleu": 0.030206205252435548,
        "bleu_1": 0.14285714285714285,
        "bleu_2": 0.10482848367219184,
        "judge": 0.0
      },
      "X4_Y2": {
        "em": 0.0,
        "contains_gt": 0.0,
        "f1": 0.16666666666666666,
        "bleu": 0.040824829046386304,
        "bleu_1": 0.16666666666666669,
        "bleu_2": 0.05773502691896258,
        "judge": 0.0
      },
      "X1_Y3": {
        "em": 0.0,
        "contains_gt": 0.0,
        "f1": 0.34375,
        "bleu": 0.09464437607745613,
        "bleu_1": 0.2096969696969697,
        "bleu_2": 0.16848555214026503,
        "judge": 1.0
      }
    }
  },
  "judge": {
    "enabled": true,
    "model": "gpt-5.2",
    "scored_open_rows": 37
  }
}