{
  "task_name": "home_renovation_interior_design_open",
  "model_name": "gpt_4_1_nano",
  "model_path": "gpt-4.1-nano",
  "method_name": "clue_only_context__multimodal",
  "base_method_name": "clue_only_context",
  "method_modality": "multimodal",
  "mode": "open",
  "num_qas": 52,
  "num_qas_run": 52,
  "dialog_json": "/common/home/mg1998/.cache/memeye_hf/MemEye/data/dialog/Home_Renovation_Interior_Design_Open.json",
  "image_root": "/common/home/mg1998/.cache/memeye_hf/MemEye/data/image",
  "run_dir": "/common/home/mg1998/MemoryBench/Benchmark_Pipeline/runs/home_renovation_interior_design_open/20260424_220333_gpt_4_1_nano_clue_only_context__multimodal",
  "git_commit": "658ab1743219fa7a98e5672df9c7253b6b5b5e6d",
  "summary": {
    "open_count": 52,
    "overall": {
      "em": 0.0,
      "contains_gt": 0.17307692307692307,
      "f1": 0.30439100979926276,
      "bleu": 0.08027686611834155,
      "bleu_1": 0.2190180275525101,
      "bleu_2": 0.1422510428016283,
      "judge": 0.6153846153846154
    },
    "by_x": {
      "X4": {
        "em": 0.0,
        "contains_gt": 0.0,
        "f1": 0.15095238095238095,
        "bleu": 0.021726086946467917,
        "bleu_1": 0.09693627450980392,
        "bleu_2": 0.04786227883350323,
        "judge": 0.1875
      },
      "X3": {
        "em": 0.0,
        "contains_gt": 0.2222222222222222,
        "f1": 0.3410258266740049,
        "bleu": 0.0981246633572336,
        "bleu_1": 0.24825090188461169,
        "bleu_2": 0.1647754025914282,
        "judge": 0.7083333333333334
      },
      "X2": {
        "em": 0.0,
        "contains_gt": 0.14285714285714285,
        "f1": 0.2681595764302531,
        "bleu": 0.057910755475923927,
        "bleu_1": 0.19663068125801045,
        "bleu_2": 0.12351408952746118,
        "judge": 0.5714285714285714
      },
      "X1": {
        "em": 0.0,
        "contains_gt": 0.0,
        "f1": 0.4666666666666667,
        "bleu": 0.0627251733901403,
        "bleu_1": 0.3,
        "bleu_2": 0.21764287503300347,
        "judge": 1.0
      }
    },
    "by_y": {
      "Y2": {
        "em": 0.0,
        "contains_gt": 0.16666666666666666,
        "f1": 0.2497081310013331,
        "bleu": 0.0468970924789983,
        "bleu_1": 0.18886180062526006,
        "bleu_2": 0.10972189384778754,
        "judge": 0.5833333333333334
      },
      "Y1": {
        "em": 0.0,
        "contains_gt": 0.1794871794871795,
        "f1": 0.32902140865501706,
        "bleu": 0.09260594688219952,
        "bleu_1": 0.23391271346736933,
        "bleu_2": 0.1559074743464416,
        "judge": 0.6282051282051282
      },
      "Y3": {
        "em": 0.0,
        "contains_gt": 0.0,
        "f1": 0.0,
        "bleu": 0.0,
        "bleu_1": 0.0,
        "bleu_2": 0.0,
        "judge": 0.5
      }
    },
    "by_cell": {
      "X4_Y2": {
        "em": 0.0,
        "contains_gt": 0.0,
        "f1": 0.07999999999999999,
        "bleu": 0.005751391809950023,
        "bleu_1": 0.02941176470588235,
        "bleu_2": 0.009587062360592131,
        "judge": 0.0
      },
      "X3_Y2": {
        "em": 0.0,
        "contains_gt": 0.2,
        "f1": 0.30096701649175417,
        "bleu": 0.0404361535331543,
        "bleu_1": 0.23566510630150103,
        "bleu_2": 0.10557046303318736,
        "judge": 0.8
      },
      "X3_Y1": {
        "em": 0.0,
        "contains_gt": 0.22580645161290322,
        "f1": 0.34748692509049695,
        "bleu": 0.10742926171595607,
        "bleu_1": 0.25028086891414564,
        "bleu_2": 0.17432458639114445,
        "judge": 0.6935483870967742
      },
      "X2_Y1": {
        "em": 0.0,
        "contains_gt": 0.0,
        "f1": 0.2727272727272727,
        "bleu": 0.028146864934579713,
        "bleu_1": 0.1736111111111111,
        "bleu_2": 0.04748117020294941,
        "judge": 0.5
      },
      "X2_Y2": {
        "em": 0.0,
        "contains_gt": 0.2,
        "f1": 0.2663324979114453,
        "bleu": 0.06981631169246161,
        "bleu_1": 0.2058385093167702,
        "bleu_2": 0.1539272572572659,
        "judge": 0.6
      },
      "X4_Y1": {
        "em": 0.0,
        "contains_gt": 0.0,
        "f1": 0.20952380952380953,
        "bleu": 0.03246118239036866,
        "bleu_1": 0.14333333333333334,
        "bleu_2": 0.07274482118936833,
        "judge": 0.2
      },
      "X4_Y3": {
        "em": 0.0,
        "contains_gt": 0.0,
        "f1": 0.0,
        "bleu": 0.0,
        "bleu_1": 0.0,
        "bleu_2": 0.0,
        "judge": 0.5
      },
      "X1_Y1": {
        "em": 0.0,
        "contains_gt": 0.0,
        "f1": 0.4666666666666667,
        "bleu": 0.0627251733901403,
        "bleu_1": 0.3,
        "bleu_2": 0.21764287503300347,
        "judge": 1.0
      }
    }
  },
  "method_runtime": {
    "method_modality": "multimodal",
    "history_source": "clue_only",
    "captions_loaded": false,
    "images_loaded": true,
    "history_turns_after_truncation": 2
  },
  "judge": {
    "enabled": true,
    "model": "gpt-5.2",
    "scored_open_rows": 52
  }
}
