{
  "task_name": "multi_scene_visual_case_archive_assistant",
  "model_name": "gpt_5_1_mini",
  "model_path": "gpt-5.1-mini",
  "method_name": "m2a",
  "base_method_name": "m2a",
  "method_modality": "",
  "mode": "mcq",
  "num_qas": 50,
  "num_qas_run": 50,
  "dialog_json": "/common/home/mg1998/MemoryBench/Benchmark_Pipeline/data/dialog/Multi-Scene_Visual_Case_Archive_Assistant.json",
  "image_root": "/common/home/mg1998/MemoryBench/Benchmark_Pipeline/data/image",
  "run_dir": "/common/home/mg1998/MemoryBench/Benchmark_Pipeline/runs/multi_scene_visual_case_archive_assistant/20260425_041844_gpt_5_1_mini_m2a",
  "git_commit": "b6a188308ff7c48ebcc509618341807cfdaa773c",
  "summary": {
    "open_count": 50,
    "overall": {
      "em": 0.235,
      "contains_gt": 0.2,
      "f1": 0.235
    },
    "by_x": {
      "X4": {
        "em": 0.5,
        "contains_gt": 0.5,
        "f1": 0.5
      },
      "X2": {
        "em": 0.3125,
        "contains_gt": 0.125,
        "f1": 0.3125
      },
      "X3": {
        "em": 0.19078947368421054,
        "contains_gt": 0.18421052631578946,
        "f1": 0.19078947368421054
      }
    },
    "by_y": {
      "Y2": {
        "em": 0.375,
        "contains_gt": 0.25,
        "f1": 0.375
      },
      "Y3": {
        "em": 0.2727272727272727,
        "contains_gt": 0.18181818181818182,
        "f1": 0.2727272727272727
      },
      "Y1": {
        "em": 0.18548387096774194,
        "contains_gt": 0.1935483870967742,
        "f1": 0.18548387096774194
      }
    },
    "by_cell": {
      "X4_Y2": {
        "em": 0.6666666666666666,
        "contains_gt": 0.6666666666666666,
        "f1": 0.6666666666666666
      },
      "X2_Y2": {
        "em": 0.25,
        "contains_gt": 0.0,
        "f1": 0.25
      },
      "X3_Y3": {
        "em": 0.25,
        "contains_gt": 0.2,
        "f1": 0.25
      },
      "X2_Y3": {
        "em": 0.35,
        "contains_gt": 0.2,
        "f1": 0.35
      },
      "X3_Y1": {
        "em": 0.18548387096774194,
        "contains_gt": 0.1935483870967742,
        "f1": 0.18548387096774194
      },
      "X3_Y2": {
        "em": 0.125,
        "contains_gt": 0.0,
        "f1": 0.125
      },
      "X4_Y3": {
        "em": 0.0,
        "contains_gt": 0.0,
        "f1": 0.0
      }
    },
    "mcq_count": 50,
    "mcq_valid_rate": 0.82,
    "mcq_overall": {
      "em": 0.235,
      "contains_gt": 0.2,
      "f1": 0.235
    },
    "mcq_per_position_accuracy": {
      "A": 0.22,
      "B": 0.24,
      "C": 0.28,
      "D": 0.2
    }
  }
}