{
  "task_name": "brand_memory_test_open",
  "model_name": "gpt_5_4_mini",
  "model_path": "gpt-5.4-mini",
  "method_name": "reflexion",
  "base_method_name": "reflexion",
  "method_modality": "",
  "mode": "open",
  "num_qas": 29,
  "num_qas_run": 29,
  "dialog_json": "/Users/qingyuejiao/Desktop/MemoryBench/Benchmark_Pipeline/data/dialog/Brand_Memory_Test_Open.json",
  "image_root": "/Users/qingyuejiao/Desktop/MemoryBench/Benchmark_Pipeline/data/image",
  "run_dir": "/Users/qingyuejiao/Desktop/MemoryBench/Benchmark_Pipeline/runs/brand_memory_test_open/20260426_131403_gpt_5_4_mini_reflexion",
  "git_commit": "f50478ca8d87824ef1e9bc48c2b9e0d49e54305a",
  "summary": {
    "open_count": 29,
    "overall": {
      "em": 0.41379310344827586,
      "contains_gt": 0.41379310344827586,
      "f1": 0.47030651340996166,
      "bleu": 0.09007877670207516,
      "bleu_1": 0.44394323324433055,
      "bleu_2": 0.1882207128092784,
      "judge": 0.5344827586206896
    },
    "by_x": {
      "X4": {
        "em": 0.0,
        "contains_gt": 0.0,
        "f1": 0.0,
        "bleu": 0.0,
        "bleu_1": 0.0,
        "bleu_2": 0.0,
        "judge": 0.0
      },
      "X2": {
        "em": 0.3333333333333333,
        "contains_gt": 0.3333333333333333,
        "f1": 0.48148148148148145,
        "bleu": 0.10220057452884791,
        "bleu_1": 0.42797990686190707,
        "bleu_2": 0.2505453563301101,
        "judge": 0.6666666666666666
      },
      "X1": {
        "em": 0.47619047619047616,
        "contains_gt": 0.47619047619047616,
        "f1": 0.5119047619047619,
        "bleu": 0.09519433700890914,
        "bleu_1": 0.49078449156734016,
        "bleu_2": 0.1883394539756387,
        "judge": 0.5476190476190477
      }
    },
    "by_y": {
      "Y1": {
        "em": 0.0,
        "contains_gt": 0.0,
        "f1": 0.25,
        "bleu": 0.012033197381572708,
        "bleu_1": 0.06766764161830635,
        "bleu_2": 0.02139838714058503,
        "judge": 0.5
      },
      "Y2": {
        "em": 0.4444444444444444,
        "contains_gt": 0.4444444444444444,
        "f1": 0.48662551440329216,
        "bleu": 0.09585993072581608,
        "bleu_1": 0.4718154992907027,
        "bleu_2": 0.2005779221180705,
        "judge": 0.5370370370370371
      }
    },
    "by_cell": {
      "X4_Y1": {
        "em": 0.0,
        "contains_gt": 0.0,
        "f1": 0.0,
        "bleu": 0.0,
        "bleu_1": 0.0,
        "bleu_2": 0.0,
        "judge": 0.0
      },
      "X2_Y2": {
        "em": 0.3333333333333333,
        "contains_gt": 0.3333333333333333,
        "f1": 0.48148148148148145,
        "bleu": 0.10220057452884791,
        "bleu_1": 0.42797990686190707,
        "bleu_2": 0.2505453563301101,
        "judge": 0.6666666666666666
      },
      "X1_Y2": {
        "em": 0.5,
        "contains_gt": 0.5,
        "f1": 0.5125,
        "bleu": 0.09875073412119734,
        "bleu_1": 0.5085569519838765,
        "bleu_2": 0.19561658796036213,
        "judge": 0.525
      },
      "X4_Y2": {
        "em": 0.0,
        "contains_gt": 0.0,
        "f1": 0.0,
        "bleu": 0.0,
        "bleu_1": 0.0,
        "bleu_2": 0.0,
        "judge": 0.0
      },
      "X1_Y1": {
        "em": 0.0,
        "contains_gt": 0.0,
        "f1": 0.5,
        "bleu": 0.024066394763145416,
        "bleu_1": 0.1353352832366127,
        "bleu_2": 0.04279677428117006,
        "judge": 1.0
      }
    }
  },
  "method_runtime": {
    "num_memories": 72,
    "debug_dir": "/Users/qingyuejiao/Desktop/MemoryBench/output/brand_memory_test_open/reflexion"
  },
  "judge_model": "gpt-5.2",
  "judge_rescored_from_predictions": true,
  "judge": {
    "enabled": true,
    "model": "gpt-5.2",
    "scored_open_rows": 29
  }
}