{
  "task_name": "cartoon_entertainment_companion",
  "model_name": "gemini_2_5_flash_lite",
  "model_path": "gemini-2.5-flash-lite",
  "method_name": "m2a",
  "base_method_name": "m2a",
  "method_modality": "",
  "mode": "mcq",
  "num_qas": 76,
  "num_qas_run": 76,
  "dialog_json": "/common/home/mg1998/MemoryBench/Benchmark_Pipeline/data/dialog/Cartoon_Entertainment_Companion.json",
  "image_root": "/common/home/mg1998/.cache/memeye_hf/MemEye/data/image",
  "run_dir": "/common/home/mg1998/MemoryBench/Benchmark_Pipeline/runs/cartoon_entertainment_companion/20260424_192221_gemini_2_5_flash_lite_m2a",
  "git_commit": "658ab1743219fa7a98e5672df9c7253b6b5b5e6d",
  "summary": {
    "open_count": 76,
    "overall": {
      "em": 0.17105263157894737,
      "contains_gt": 0.17105263157894737,
      "f1": 0.17105263157894737
    },
    "by_x": {
      "X2": {
        "em": 0.08333333333333333,
        "contains_gt": 0.0,
        "f1": 0.08333333333333333
      },
      "X4": {
        "em": 0.11458333333333333,
        "contains_gt": 0.08333333333333333,
        "f1": 0.11458333333333333
      },
      "X3": {
        "em": 0.18333333333333332,
        "contains_gt": 0.16666666666666666,
        "f1": 0.18333333333333332
      },
      "X1": {
        "em": 0.265625,
        "contains_gt": 0.375,
        "f1": 0.265625
      }
    },
    "by_y": {
      "Y1": {
        "em": 0.12121212121212122,
        "contains_gt": 0.12121212121212122,
        "f1": 0.12121212121212122
      },
      "Y2": {
        "em": 0.20394736842105263,
        "contains_gt": 0.21052631578947367,
        "f1": 0.20394736842105263
      },
      "Y3": {
        "em": 0.25,
        "contains_gt": 0.2,
        "f1": 0.25
      }
    },
    "by_cell": {
      "X2_Y1": {
        "em": 0.0625,
        "contains_gt": 0.0,
        "f1": 0.0625
      },
      "X4_Y2": {
        "em": 0.13636363636363635,
        "contains_gt": 0.09090909090909091,
        "f1": 0.13636363636363635
      },
      "X3_Y2": {
        "em": 0.23529411764705882,
        "contains_gt": 0.23529411764705882,
        "f1": 0.23529411764705882
      },
      "X2_Y2": {
        "em": 0.125,
        "contains_gt": 0.0,
        "f1": 0.125
      },
      "X4_Y1": {
        "em": 0.08333333333333333,
        "contains_gt": 0.08333333333333333,
        "f1": 0.08333333333333333
      },
      "X3_Y1": {
        "em": 0.11538461538461539,
        "contains_gt": 0.07692307692307693,
        "f1": 0.11538461538461539
      },
      "X1_Y1": {
        "em": 0.3125,
        "contains_gt": 0.5,
        "f1": 0.3125
      },
      "X1_Y2": {
        "em": 0.25,
        "contains_gt": 0.375,
        "f1": 0.25
      },
      "X1_Y3": {
        "em": 0.25,
        "contains_gt": 0.25,
        "f1": 0.25
      },
      "X4_Y3": {
        "em": 0.25,
        "contains_gt": 0.0,
        "f1": 0.25
      }
    },
    "mcq_count": 76,
    "mcq_valid_rate": 0.15789473684210525,
    "mcq_overall": {
      "em": 0.17105263157894737,
      "contains_gt": 0.17105263157894737,
      "f1": 0.17105263157894737
    },
    "mcq_per_position_accuracy": {
      "A": 0.18421052631578946,
      "B": 0.10526315789473684,
      "C": 0.2236842105263158,
      "D": 0.17105263157894737
    }
  }
}
