{
  "task_name": "cartoon_entertainment_companion",
  "model_name": "gemini_2_5_flash_lite",
  "model_path": "gemini-2.5-flash-lite",
  "method_name": "m2a",
  "base_method_name": "m2a",
  "method_modality": "",
  "mode": "mcq",
  "num_qas": 76,
  "num_qas_run": 76,
  "dialog_json": "/common/home/mg1998/MemoryBench/Benchmark_Pipeline/data/dialog/Cartoon_Entertainment_Companion.json",
  "image_root": "/common/home/mg1998/.cache/memeye_hf/MemEye/data/image",
  "run_dir": "/common/home/mg1998/MemoryBench/Benchmark_Pipeline/runs/cartoon_entertainment_companion/20260424_192221_gemini_2_5_flash_lite_m2a",
  "git_commit": "658ab1743219fa7a98e5672df9c7253b6b5b5e6d",
  "summary": {
    "open_count": 76,
    "overall": {
      "em": 0.17105263157894737,
      "contains_gt": 0.17105263157894737,
      "f1": 0.17105263157894737
    },
    "by_x": {
      "X3": {
        "em": 0.10869565217391304,
        "contains_gt": 0.043478260869565216,
        "f1": 0.10869565217391304
      },
      "X4": {
        "em": 0.11956521739130435,
        "contains_gt": 0.08695652173913043,
        "f1": 0.11956521739130435
      },
      "X2": {
        "em": 0.25,
        "contains_gt": 0.2857142857142857,
        "f1": 0.25
      },
      "X1": {
        "em": 0.265625,
        "contains_gt": 0.375,
        "f1": 0.265625
      }
    },
    "by_y": {
      "Y1": {
        "em": 0.125,
        "contains_gt": 0.125,
        "f1": 0.125
      },
      "Y2": {
        "em": 0.1987179487179487,
        "contains_gt": 0.20512820512820512,
        "f1": 0.1987179487179487
      },
      "Y3": {
        "em": 0.25,
        "contains_gt": 0.2,
        "f1": 0.25
      }
    },
    "by_cell": {
      "X3_Y1": {
        "em": 0.06818181818181818,
        "contains_gt": 0.0,
        "f1": 0.06818181818181818
      },
      "X4_Y2": {
        "em": 0.15,
        "contains_gt": 0.1,
        "f1": 0.15
      },
      "X2_Y2": {
        "em": 0.2777777777777778,
        "contains_gt": 0.3333333333333333,
        "f1": 0.2777777777777778
      },
      "X3_Y2": {
        "em": 0.14583333333333334,
        "contains_gt": 0.08333333333333333,
        "f1": 0.14583333333333334
      },
      "X4_Y1": {
        "em": 0.08333333333333333,
        "contains_gt": 0.08333333333333333,
        "f1": 0.08333333333333333
      },
      "X1_Y1": {
        "em": 0.3125,
        "contains_gt": 0.5,
        "f1": 0.3125
      },
      "X1_Y2": {
        "em": 0.25,
        "contains_gt": 0.375,
        "f1": 0.25
      },
      "X2_Y1": {
        "em": 0.2,
        "contains_gt": 0.2,
        "f1": 0.2
      },
      "X1_Y3": {
        "em": 0.25,
        "contains_gt": 0.25,
        "f1": 0.25
      },
      "X4_Y3": {
        "em": 0.25,
        "contains_gt": 0.0,
        "f1": 0.25
      }
    },
    "mcq_count": 76,
    "mcq_valid_rate": 0.15789473684210525,
    "mcq_overall": {
      "em": 0.17105263157894737,
      "contains_gt": 0.17105263157894737,
      "f1": 0.17105263157894737
    },
    "mcq_per_position_accuracy": {
      "A": 0.18421052631578946,
      "B": 0.10526315789473684,
      "C": 0.2236842105263158,
      "D": 0.17105263157894737
    }
  }
}