{
  "task_name": "outdoor_navigation_route_memory_assistant",
  "model_name": "gemini_2_5_flash_lite",
  "model_path": "gemini-2.5-flash-lite",
  "method_name": "simplemem__multimodal",
  "base_method_name": "simplemem",
  "method_modality": "multimodal",
  "mode": "mcq",
  "num_qas": 28,
  "num_qas_run": 28,
  "dialog_json": "/common/home/mg1998/MemoryBench/Benchmark_Pipeline/data/dialog/Outdoor_Navigation_Route_Memory_Assistant.json",
  "image_root": "/common/home/mg1998/MemoryBench/Benchmark_Pipeline/data/image",
  "run_dir": "/common/home/mg1998/MemoryBench/Benchmark_Pipeline/runs/outdoor_navigation_route_memory_assistant/20260424_182549_gemini_2_5_flash_lite_simplemem__multimodal",
  "git_commit": "658ab1743219fa7a98e5672df9c7253b6b5b5e6d",
  "summary": {
    "open_count": 28,
    "overall": {
      "em": 0.08035714285714286,
      "contains_gt": 0.10714285714285714,
      "f1": 0.08035714285714286
    },
    "by_x": {
      "X2": {
        "em": 0.06944444444444445,
        "contains_gt": 0.1111111111111111,
        "f1": 0.06944444444444445
      },
      "X1": {
        "em": 0.3333333333333333,
        "contains_gt": 0.3333333333333333,
        "f1": 0.3333333333333333
      },
      "X4": {
        "em": 0.0,
        "contains_gt": 0.0,
        "f1": 0.0
      },
      "X3": {
        "em": 0.0,
        "contains_gt": 0.0,
        "f1": 0.0
      }
    },
    "by_y": {
      "Y2": {
        "em": 0.05,
        "contains_gt": 0.0,
        "f1": 0.05
      },
      "Y1": {
        "em": 1.0,
        "contains_gt": 1.0,
        "f1": 1.0
      },
      "Y3": {
        "em": 0.041666666666666664,
        "contains_gt": 0.16666666666666666,
        "f1": 0.041666666666666664
      }
    },
    "by_cell": {
      "X2_Y2": {
        "em": 0.057692307692307696,
        "contains_gt": 0.0,
        "f1": 0.057692307692307696
      },
      "X1_Y1": {
        "em": 1.0,
        "contains_gt": 1.0,
        "f1": 1.0
      },
      "X4_Y2": {
        "em": 0.0,
        "contains_gt": 0.0,
        "f1": 0.0
      },
      "X3_Y2": {
        "em": 0.0,
        "contains_gt": 0.0,
        "f1": 0.0
      },
      "X2_Y3": {
        "em": 0.1,
        "contains_gt": 0.4,
        "f1": 0.1
      },
      "X4_Y3": {
        "em": 0.0,
        "contains_gt": 0.0,
        "f1": 0.0
      },
      "X1_Y3": {
        "em": 0.0,
        "contains_gt": 0.0,
        "f1": 0.0
      },
      "X3_Y3": {
        "em": 0.0,
        "contains_gt": 0.0,
        "f1": 0.0
      }
    },
    "mcq_count": 28,
    "mcq_valid_rate": 0.10714285714285714,
    "mcq_overall": {
      "em": 0.08035714285714286,
      "contains_gt": 0.10714285714285714,
      "f1": 0.08035714285714286
    },
    "mcq_per_position_accuracy": {
      "A": 0.10714285714285714,
      "B": 0.03571428571428571,
      "C": 0.07142857142857142,
      "D": 0.10714285714285714
    }
  },
  "method_runtime": {
    "num_memories": 60,
    "debug_dir": "/common/home/mg1998/MemoryBench/output/outdoor_navigation_route_memory_assistant/simplemem",
    "data_dir": "/common/home/mg1998/MemoryBench/runs/simplemem/outdoor_navigation_route_memory_assistant"
  }
}