{
  "task_name": "visual_case_archive_assistant",
  "model_name": "gpt_4_1_nano",
  "model_path": "gpt-4.1-nano",
  "method_name": "full_context",
  "mode": "open",
  "num_qas": 17,
  "num_qas_run": 17,
  "dialog_json": "/common/home/mg1998/.cache/memeye_hf/MemEye/data/dialog/Visual_Case_Archive_Assistant.json",
  "image_root": "/common/home/mg1998/.cache/memeye_hf/MemEye/data/image",
  "run_dir": "/common/home/mg1998/MemoryBench/Benchmark_Pipeline/runs/visual_case_archive_assistant/20260325_172128_gpt_4_1_nano_full_context",
  "git_commit": "0b3879c74772b7b6db65d3b7188aeae97bed5155",
  "summary": {
    "open_count": 17,
    "open_exact_rate": 0.0,
    "open_contains_rate": 0.11764705882352941,
    "open_f1_avg": 0.17921943897176096,
    "open_bleu_1_avg": 0.13200036313202057,
    "open_bleu_2_avg": 0.07300390699806163,
    "point_metrics": {
      "X2|Y1": {
        "open_exact_rate": 0.0,
        "open_contains_rate": 0.0,
        "open_f1_avg": 0.22222222222222224,
        "open_bleu_1_avg": 0.19607843137254902,
        "open_bleu_2_avg": 0.09038769075777342
      },
      "X2|Y2": {
        "open_exact_rate": 0.0,
        "open_contains_rate": 0.125,
        "open_f1_avg": 0.09561403508771929,
        "open_bleu_1_avg": 0.08720599847854399,
        "open_bleu_2_avg": 0.06030471529660873
      },
      "X3|Y2": {
        "open_exact_rate": 0.0,
        "open_contains_rate": 0.0,
        "open_f1_avg": 0.25,
        "open_bleu_1_avg": 0.19230769230769232,
        "open_bleu_2_avg": 0.12659242088545833
      },
      "X4|Y1": {
        "open_exact_rate": 0.0,
        "open_contains_rate": 0.0,
        "open_f1_avg": 0.33333333333333337,
        "open_bleu_1_avg": 0.01831563888873418,
        "open_bleu_2_avg": 0.00579191356895553
      },
      "X2|Y3": {
        "open_exact_rate": 0.0,
        "open_contains_rate": 0.0,
        "open_f1_avg": 0.1818181818181818,
        "open_bleu_1_avg": 0.10033075668312062,
        "open_bleu_2_avg": 0.0859181269592097
      },
      "X0|Y2": {
        "open_exact_rate": 0.0,
        "open_contains_rate": 0.5,
        "open_f1_avg": 0.3,
        "open_bleu_1_avg": 0.22743055555555552,
        "open_bleu_2_avg": 0.07128537101088774
      }
    },
    "x_metrics": {
      "X2": {
        "open_exact_rate": 0.0,
        "open_contains_rate": 0.08333333333333333,
        "open_f1_avg": 0.13444976076555024,
        "open_bleu_1_avg": 0.11551783655242664,
        "open_bleu_2_avg": 0.06995991013378332
      },
      "X3": {
        "open_exact_rate": 0.0,
        "open_contains_rate": 0.0,
        "open_f1_avg": 0.25,
        "open_bleu_1_avg": 0.19230769230769232,
        "open_bleu_2_avg": 0.12659242088545833
      },
      "X4": {
        "open_exact_rate": 0.0,
        "open_contains_rate": 0.0,
        "open_f1_avg": 0.33333333333333337,
        "open_bleu_1_avg": 0.01831563888873418,
        "open_bleu_2_avg": 0.00579191356895553
      },
      "X0": {
        "open_exact_rate": 0.0,
        "open_contains_rate": 0.5,
        "open_f1_avg": 0.3,
        "open_bleu_1_avg": 0.22743055555555552,
        "open_bleu_2_avg": 0.07128537101088774
      }
    },
    "y_metrics": {
      "Y1": {
        "open_exact_rate": 0.0,
        "open_contains_rate": 0.0,
        "open_f1_avg": 0.25,
        "open_bleu_1_avg": 0.15163773325159532,
        "open_bleu_2_avg": 0.06923874646056895
      },
      "Y2": {
        "open_exact_rate": 0.0,
        "open_contains_rate": 0.16666666666666666,
        "open_f1_avg": 0.1554093567251462,
        "open_bleu_1_avg": 0.12809370696290398,
        "open_bleu_2_avg": 0.07318277551379683
      },
      "Y3": {
        "open_exact_rate": 0.0,
        "open_contains_rate": 0.0,
        "open_f1_avg": 0.1818181818181818,
        "open_bleu_1_avg": 0.10033075668312062,
        "open_bleu_2_avg": 0.0859181269592097
      }
    }
  }
}