{
  "task_name": "cartoon_entertainment_companion",
  "model_name": "gpt_4_1_nano",
  "model_path": "gpt-4.1-nano",
  "method_name": "full_context_text_only",
  "base_method_name": "full_context_text_only",
  "method_modality": "",
  "mode": "mcq",
  "num_qas": 112,
  "num_qas_run": 112,
  "dialog_json": "/Users/qingyuejiao/Desktop/MemoryBench/Benchmark_Pipeline/data/dialog/Cartoon_Entertainment_Companion.json",
  "image_root": "/Users/qingyuejiao/Desktop/MemoryBench/Benchmark_Pipeline/data/image",
  "run_dir": "/Users/qingyuejiao/Desktop/MemoryBench/Benchmark_Pipeline/runs/cartoon_entertainment_companion/20260420_013006_gpt_4_1_nano_full_context_text_only",
  "git_commit": "2ede73a357fc683261e8335004aafee97dabd948",
  "summary": {
    "open_count": 112,
    "overall": {
      "em": 0.6428571428571429,
      "contains_gt": 0.6428571428571429,
      "f1": 0.6428571428571429
    },
    "by_x": {
      "X3": {
        "em": 0.5555555555555556,
        "contains_gt": 0.5555555555555556,
        "f1": 0.5555555555555556
      },
      "X4": {
        "em": 0.6944444444444444,
        "contains_gt": 0.6944444444444444,
        "f1": 0.6944444444444444
      },
      "X2": {
        "em": 0.6785714285714286,
        "contains_gt": 0.6785714285714286,
        "f1": 0.6785714285714286
      },
      "X1": {
        "em": 0.6190476190476191,
        "contains_gt": 0.6190476190476191,
        "f1": 0.6190476190476191
      }
    },
    "by_y": {
      "Y1": {
        "em": 0.627906976744186,
        "contains_gt": 0.627906976744186,
        "f1": 0.627906976744186
      },
      "Y2": {
        "em": 0.6379310344827587,
        "contains_gt": 0.6379310344827587,
        "f1": 0.6379310344827587
      },
      "Y3": {
        "em": 0.7272727272727273,
        "contains_gt": 0.7272727272727273,
        "f1": 0.7272727272727273
      }
    },
    "by_cell": {
      "X3_Y1": {
        "em": 0.6428571428571429,
        "contains_gt": 0.6428571428571429,
        "f1": 0.6428571428571429
      },
      "X4_Y2": {
        "em": 0.6923076923076923,
        "contains_gt": 0.6923076923076923,
        "f1": 0.6923076923076923
      },
      "X2_Y2": {
        "em": 0.6842105263157895,
        "contains_gt": 0.6842105263157895,
        "f1": 0.6842105263157895
      },
      "X3_Y2": {
        "em": 0.46153846153846156,
        "contains_gt": 0.46153846153846156,
        "f1": 0.46153846153846156
      },
      "X2_Y1": {
        "em": 0.5714285714285714,
        "contains_gt": 0.5714285714285714,
        "f1": 0.5714285714285714
      },
      "X4_Y1": {
        "em": 0.6666666666666666,
        "contains_gt": 0.6666666666666666,
        "f1": 0.6666666666666666
      },
      "X1_Y1": {
        "em": 0.5,
        "contains_gt": 0.5,
        "f1": 0.5
      },
      "X4_Y3": {
        "em": 0.8,
        "contains_gt": 0.8,
        "f1": 0.8
      },
      "X2_Y3": {
        "em": 1.0,
        "contains_gt": 1.0,
        "f1": 1.0
      },
      "X1_Y2": {
        "em": 0.6923076923076923,
        "contains_gt": 0.6923076923076923,
        "f1": 0.6923076923076923
      },
      "X1_Y3": {
        "em": 0.5,
        "contains_gt": 0.5,
        "f1": 0.5
      }
    },
    "mcq_count": 112,
    "mcq_valid_rate": 0.9910714285714286,
    "mcq_overall": {
      "em": 0.6428571428571429,
      "contains_gt": 0.6428571428571429,
      "f1": 0.6428571428571429
    }
  },
  "method_runtime": {
    "caption_validation_passed": true,
    "caption_validation_round_count": 87,
    "method_modality": "text_only",
    "history_source": "full_context",
    "captions_loaded": true,
    "images_loaded": false,
    "history_turns_after_truncation": 598,
    "history_turns_before_truncation": 598
  }
}