{
  "task_name": "home_renovation_interior_design_open",
  "model_name": "gpt_4_1_nano",
  "model_path": "gpt-4.1-nano",
  "method_name": "question_only",
  "base_method_name": "question_only",
  "method_modality": "",
  "mode": "open",
  "num_qas": 52,
  "num_qas_run": 52,
  "dialog_json": "/Users/qingyuejiao/Desktop/MemoryBench/Benchmark_Pipeline/data/dialog/Home_Renovation_Interior_Design_Open.json",
  "image_root": "/Users/qingyuejiao/Desktop/MemoryBench/Benchmark_Pipeline/data/image",
  "run_dir": "/Users/qingyuejiao/Desktop/MemoryBench/Benchmark_Pipeline/runs/home_renovation_interior_design_open/20260424_162016_gpt_4_1_nano_question_only",
  "git_commit": "b24985b9af7b246db9e6e807768083d0acb8c78a",
  "summary": {
    "open_count": 52,
    "overall": {
      "em": 0.0,
      "contains_gt": 0.09615384615384616,
      "f1": 0.2032727066381067,
      "bleu": 0.04174580380993337,
      "bleu_1": 0.14098339581199296,
      "bleu_2": 0.08277301138580842,
      "judge": 0.20192307692307693
    },
    "by_x": {
      "X4": {
        "em": 0.0,
        "contains_gt": 0.125,
        "f1": 0.1342339020628494,
        "bleu": 0.022072456191409382,
        "bleu_1": 0.08216105521155831,
        "bleu_2": 0.04696781195680626,
        "judge": 0.125
      },
      "X3": {
        "em": 0.0,
        "contains_gt": 0.1111111111111111,
        "f1": 0.2492753232421012,
        "bleu": 0.05418046743066253,
        "bleu_1": 0.17807561297551516,
        "bleu_2": 0.10705391995042629,
        "judge": 0.2361111111111111
      },
      "X2": {
        "em": 0.0,
        "contains_gt": 0.0,
        "f1": 0.05081874647092038,
        "bleu": 0.005852356321779059,
        "bleu_1": 0.03628117913832199,
        "bleu_2": 0.01005963954736947,
        "judge": 0.14285714285714285
      },
      "X1": {
        "em": 0.0,
        "contains_gt": 0.0,
        "f1": 0.16666666666666669,
        "bleu": 0.002738826828955665,
        "bleu_1": 0.00915781944436709,
        "bleu_2": 0.004095501360654834,
        "judge": 0.0
      }
    },
    "by_y": {
      "Y2": {
        "em": 0.0,
        "contains_gt": 0.0,
        "f1": 0.10853845254791958,
        "bleu": 0.016224342554541603,
        "bleu_1": 0.08072617650560443,
        "bleu_2": 0.039089281338844296,
        "judge": 0.041666666666666664
      },
      "Y1": {
        "em": 0.0,
        "contains_gt": 0.1282051282051282,
        "f1": 0.23763382857965418,
        "bleu": 0.050668966345180415,
        "bleu_1": 0.16313903754247128,
        "bleu_2": 0.09833654399989503,
        "judge": 0.2564102564102564
      },
      "Y3": {
        "em": 0.0,
        "contains_gt": 0.0,
        "f1": 0.0,
        "bleu": 0.0,
        "bleu_1": 0.0,
        "bleu_2": 0.0,
        "judge": 0.0
      }
    },
    "by_cell": {
      "X4_Y2": {
        "em": 0.0,
        "contains_gt": 0.0,
        "f1": 0.07999999999999999,
        "bleu": 0.005751391809950023,
        "bleu_1": 0.02941176470588235,
        "bleu_2": 0.009587062360592131,
        "judge": 0.0
      },
      "X3_Y2": {
        "em": 0.0,
        "contains_gt": 0.0,
        "f1": 0.19370967741935483,
        "bleu": 0.03324062590879458,
        "bleu_1": 0.15340668915966912,
        "bleu_2": 0.0833495148276715,
        "judge": 0.1
      },
      "X3_Y1": {
        "em": 0.0,
        "contains_gt": 0.12903225806451613,
        "f1": 0.25823752418125384,
        "bleu": 0.0575578612245122,
        "bleu_1": 0.18205447165549032,
        "bleu_2": 0.11087721109925772,
        "judge": 0.25806451612903225
      },
      "X2_Y1": {
        "em": 0.0,
        "contains_gt": 0.0,
        "f1": 0.0909090909090909,
        "bleu": 0.011990148380913553,
        "bleu_1": 0.055555555555555546,
        "bleu_2": 0.018633899812498245,
        "judge": 0.5
      },
      "X2_Y2": {
        "em": 0.0,
        "contains_gt": 0.0,
        "f1": 0.034782608695652174,
        "bleu": 0.0033972394981252605,
        "bleu_1": 0.02857142857142857,
        "bleu_2": 0.00662993544131796,
        "judge": 0.0
      },
      "X4_Y1": {
        "em": 0.0,
        "contains_gt": 0.2,
        "f1": 0.18277424330055908,
        "bleu": 0.033015373182275,
        "bleu_1": 0.11969298245614035,
        "bleu_2": 0.07131367418665316,
        "judge": 0.2
      },
      "X4_Y3": {
        "em": 0.0,
        "contains_gt": 0.0,
        "f1": 0.0,
        "bleu": 0.0,
        "bleu_1": 0.0,
        "bleu_2": 0.0,
        "judge": 0.0
      },
      "X1_Y1": {
        "em": 0.0,
        "contains_gt": 0.0,
        "f1": 0.16666666666666669,
        "bleu": 0.002738826828955665,
        "bleu_1": 0.00915781944436709,
        "bleu_2": 0.004095501360654834,
        "judge": 0.0
      }
    }
  },
  "judge": {
    "enabled": true,
    "model": "gpt-5.2",
    "scored_open_rows": 52
  }
}