{
  "task_name": "cartoon_entertainment_companion_open",
  "model_name": "gpt_5_4_mini",
  "model_path": "gpt-5.4-mini",
  "method_name": "semantic_rag_text_only",
  "base_method_name": "semantic_rag_text_only",
  "method_modality": "",
  "mode": "open",
  "num_qas": 76,
  "num_qas_run": 76,
  "dialog_json": "/Users/qingyuejiao/Desktop/MemoryBench/Benchmark_Pipeline/data/dialog/Cartoon_Entertainment_Companion_Open.json",
  "image_root": "/Users/qingyuejiao/Desktop/MemoryBench/Benchmark_Pipeline/data/image",
  "run_dir": "/Users/qingyuejiao/Desktop/MemoryBench/Benchmark_Pipeline/runs/cartoon_entertainment_companion_open/20260426_105719_gpt_5_4_mini_semantic_rag_text_only",
  "git_commit": "f50478ca8d87824ef1e9bc48c2b9e0d49e54305a",
  "summary": {
    "open_count": 76,
    "overall": {
      "em": 0.11842105263157894,
      "contains_gt": 0.14473684210526316,
      "f1": 0.3433965115895307,
      "bleu": 0.10077318250510145,
      "bleu_1": 0.28136376695614956,
      "bleu_2": 0.1775455262798855,
      "judge": 0.47368421052631576
    },
    "by_x": {
      "X2": {
        "em": 0.0,
        "contains_gt": 0.0,
        "f1": 0.06666666666666667,
        "bleu": 0.006092587047575207,
        "bleu_1": 0.0625,
        "bleu_2": 0.012198750911856668,
        "judge": 0.25
      },
      "X4": {
        "em": 0.20833333333333334,
        "contains_gt": 0.20833333333333334,
        "f1": 0.438364206244641,
        "bleu": 0.11994775651632443,
        "bleu_1": 0.3659841193476655,
        "bleu_2": 0.1883634522303992,
        "judge": 0.5833333333333334
      },
      "X3": {
        "em": 0.06666666666666667,
        "contains_gt": 0.06666666666666667,
        "f1": 0.31776905288702023,
        "bleu": 0.09543054977142673,
        "bleu_1": 0.24889976818519832,
        "bleu_2": 0.19981965005023924,
        "judge": 0.4166666666666667
      },
      "X1": {
        "em": 0.125,
        "contains_gt": 0.25,
        "f1": 0.35277014652014654,
        "bleu": 0.11753398116047942,
        "bleu_1": 0.2973771486729653,
        "bleu_2": 0.18155969604771255,
        "judge": 0.5
      }
    },
    "by_y": {
      "Y1": {
        "em": 0.12121212121212122,
        "contains_gt": 0.12121212121212122,
        "f1": 0.32988933741284837,
        "bleu": 0.08028718452087505,
        "bleu_1": 0.261683034063659,
        "bleu_2": 0.1390249233022654,
        "judge": 0.42424242424242425
      },
      "Y2": {
        "em": 0.13157894736842105,
        "contains_gt": 0.18421052631578946,
        "f1": 0.3732926336714124,
        "bleu": 0.12932950125112427,
        "bleu_1": 0.3189597178498982,
        "bleu_2": 0.22572201690450827,
        "judge": 0.5
      },
      "Y3": {
        "em": 0.0,
        "contains_gt": 0.0,
        "f1": 0.20533333333333334,
        "bleu": 0.018952746731222245,
        "bleu_1": 0.12552737725409743,
        "bleu_2": 0.06564017718504508,
        "judge": 0.6
      }
    },
    "by_cell": {
      "X2_Y1": {
        "em": 0.0,
        "contains_gt": 0.0,
        "f1": 0.0,
        "bleu": 0.0,
        "bleu_1": 0.0,
        "bleu_2": 0.0,
        "judge": 0.375
      },
      "X4_Y2": {
        "em": 0.09090909090909091,
        "contains_gt": 0.09090909090909091,
        "f1": 0.44483713475808334,
        "bleu": 0.10629850560838225,
        "bleu_1": 0.34583403119075584,
        "bleu_2": 0.20770254217952508,
        "judge": 0.7272727272727273
      },
      "X3_Y2": {
        "em": 0.11764705882352941,
        "contains_gt": 0.11764705882352941,
        "f1": 0.30904802112232455,
        "bleu": 0.12551210145782127,
        "bleu_1": 0.27693891775673435,
        "bleu_2": 0.23821840620907525,
        "judge": 0.4117647058823529
      },
      "X2_Y2": {
        "em": 0.0,
        "contains_gt": 0.0,
        "f1": 0.19999999999999998,
        "bleu": 0.01827776114272562,
        "bleu_1": 0.1875,
        "bleu_2": 0.03659625273557,
        "judge": 0.0
      },
      "X4_Y1": {
        "em": 0.3333333333333333,
        "contains_gt": 0.3333333333333333,
        "f1": 0.4556277056277056,
        "bleu": 0.1416940142527514,
        "bleu_1": 0.4109854561355508,
        "bleu_2": 0.18504704621321627,
        "judge": 0.5
      },
      "X3_Y1": {
        "em": 0.0,
        "contains_gt": 0.0,
        "f1": 0.32917347904085303,
        "bleu": 0.05609313602768002,
        "bleu_1": 0.21223318797626659,
        "bleu_2": 0.14960589199637675,
        "judge": 0.4230769230769231
      },
      "X1_Y1": {
        "em": 0.0,
        "contains_gt": 0.0,
        "f1": 0.2848901098901099,
        "bleu": 0.05498453744900487,
        "bleu_1": 0.2361708016956678,
        "bleu_2": 0.10559532961581619,
        "judge": 0.25
      },
      "X1_Y2": {
        "em": 0.25,
        "contains_gt": 0.5,
        "f1": 0.45476190476190476,
        "bleu": 0.19687202984776306,
        "bleu_1": 0.4041666666666667,
        "bleu_2": 0.2712254084213899,
        "judge": 0.5
      },
      "X1_Y3": {
        "em": 0.0,
        "contains_gt": 0.0,
        "f1": 0.21666666666666667,
        "bleu": 0.021407327497386688,
        "bleu_1": 0.1450044596628599,
        "bleu_2": 0.07819263773225406,
        "judge": 0.75
      },
      "X4_Y3": {
        "em": 0.0,
        "contains_gt": 0.0,
        "f1": 0.16,
        "bleu": 0.00913442366656447,
        "bleu_1": 0.047619047619047616,
        "bleu_2": 0.01543033499620919,
        "judge": 0.0
      }
    }
  },
  "method_runtime": {
    "retrieval_backend": "dense_text",
    "retrieval_corpus": "round_text",
    "method_modality": "text_only",
    "top_k": 10,
    "neighbor_window": 0,
    "seed_round_ids": [
      "CARTOON_S40:R1",
      "CARTOON_S23:R1",
      "CARTOON_S61:R1",
      "CARTOON_S41:R1",
      "CARTOON_S47:R1",
      "CARTOON_S59:R1",
      "CARTOON_S14:R1",
      "CARTOON_S54:R1",
      "CARTOON_S13:R1",
      "CARTOON_S38:R1"
    ],
    "selected_round_ids": [
      "CARTOON_S40:R1",
      "CARTOON_S23:R1",
      "CARTOON_S61:R1",
      "CARTOON_S41:R1",
      "CARTOON_S47:R1",
      "CARTOON_S59:R1",
      "CARTOON_S14:R1",
      "CARTOON_S54:R1",
      "CARTOON_S13:R1",
      "CARTOON_S38:R1"
    ],
    "top_candidates": [
      {
        "round_id": "CARTOON_S40:R1",
        "score": 0.5544204136332266,
        "text_dense_score": 0.5544204136332266
      },
      {
        "round_id": "CARTOON_S23:R1",
        "score": 0.5372509319710623,
        "text_dense_score": 0.5372509319710623
      },
      {
        "round_id": "CARTOON_S61:R1",
        "score": 0.5367384459479194,
        "text_dense_score": 0.5367384459479194
      },
      {
        "round_id": "CARTOON_S41:R1",
        "score": 0.5310101660086198,
        "text_dense_score": 0.5310101660086198
      },
      {
        "round_id": "CARTOON_S47:R1",
        "score": 0.5228604773727975,
        "text_dense_score": 0.5228604773727975
      }
    ],
    "clue_hit_count": 2,
    "corpus_entry_count": 299,
    "text_embedding_model": "all-MiniLM-L6-v2",
    "caption_text_included": true,
    "image_embeddings_built": false,
    "history_source": "retrieval",
    "captions_loaded": true,
    "images_loaded": false,
    "history_turns_after_truncation": 20
  },
  "judge_model": "gpt-5.2",
  "judge_rescored_from_predictions": true,
  "judge": {
    "enabled": true,
    "model": "gpt-5.2",
    "scored_open_rows": 76
  }
}
