{
  "task_name": "multi_scene_visual_case_archive_assistant",
  "model_name": "gpt_5_4_mini",
  "model_path": "gpt-5.4-mini",
  "method_name": "memoryos",
  "base_method_name": "memoryos",
  "method_modality": "",
  "mode": "mcq",
  "num_qas": 50,
  "num_qas_run": 50,
  "dialog_json": "/Users/qingyuejiao/Desktop/MemoryBench/Benchmark_Pipeline/data/dialog/Multi-Scene_Visual_Case_Archive_Assistant.json",
  "image_root": "/Users/qingyuejiao/Desktop/MemoryBench/Benchmark_Pipeline/data/image",
  "run_dir": "/Users/qingyuejiao/Desktop/MemoryBench/Benchmark_Pipeline/runs/multi_scene_visual_case_archive_assistant/20260426_125142_gpt_5_4_mini_memoryos",
  "git_commit": "f50478ca8d87824ef1e9bc48c2b9e0d49e54305a",
  "summary": {
    "open_count": 50,
    "overall": {
      "em": 0.32,
      "contains_gt": 0.34,
      "f1": 0.32
    },
    "by_x": {
      "X4": {
        "em": 0.5,
        "contains_gt": 0.5,
        "f1": 0.5
      },
      "X3": {
        "em": 0.2804878048780488,
        "contains_gt": 0.3170731707317073,
        "f1": 0.2804878048780488
      },
      "X2": {
        "em": 0.5,
        "contains_gt": 0.4,
        "f1": 0.5
      }
    },
    "by_y": {
      "Y2": {
        "em": 0.40625,
        "contains_gt": 0.5,
        "f1": 0.40625
      },
      "Y3": {
        "em": 0.5227272727272727,
        "contains_gt": 0.45454545454545453,
        "f1": 0.5227272727272727
      },
      "Y1": {
        "em": 0.22580645161290322,
        "contains_gt": 0.25806451612903225,
        "f1": 0.22580645161290322
      }
    },
    "by_cell": {
      "X4_Y2": {
        "em": 0.6666666666666666,
        "contains_gt": 0.6666666666666666,
        "f1": 0.6666666666666666
      },
      "X3_Y2": {
        "em": 0.25,
        "contains_gt": 0.4,
        "f1": 0.25
      },
      "X3_Y3": {
        "em": 0.65,
        "contains_gt": 0.6,
        "f1": 0.65
      },
      "X3_Y1": {
        "em": 0.22580645161290322,
        "contains_gt": 0.25806451612903225,
        "f1": 0.22580645161290322
      },
      "X2_Y3": {
        "em": 0.5,
        "contains_gt": 0.4,
        "f1": 0.5
      },
      "X4_Y3": {
        "em": 0.0,
        "contains_gt": 0.0,
        "f1": 0.0
      }
    },
    "mcq_count": 50,
    "mcq_valid_rate": 1.0,
    "mcq_overall": {
      "em": 0.32,
      "contains_gt": 0.34,
      "f1": 0.32
    },
    "mcq_per_position_accuracy": {
      "A": 0.26,
      "B": 0.34,
      "C": 0.34,
      "D": 0.34
    }
  },
  "method_runtime": {
    "caption_validation_passed": true,
    "caption_validation_round_count": 57,
    "num_memories": 117,
    "debug_dir": "/Users/qingyuejiao/Desktop/MemoryBench/Benchmark_Pipeline/output/multi-scene_visual_case_archive_assistant/memoryos/a62e4abda40352ad",
    "data_storage_path": "/Users/qingyuejiao/Desktop/MemoryBench/Benchmark_Pipeline/runs/multi-scene_visual_case_archive_assistant/memoryos_data/a62e4abda40352ad",
    "runtime_signature": "a62e4abda40352ad"
  }
}
