{
  "task_name": "cartoon_entertainment_companion",
  "model_name": "gpt_5_4_mini",
  "model_path": "gpt-5.4-mini",
  "method_name": "simplemem",
  "base_method_name": "simplemem",
  "method_modality": "",
  "mode": "mcq",
  "num_qas": 76,
  "num_qas_run": 76,
  "dialog_json": "/Users/qingyuejiao/Desktop/MemoryBench/Benchmark_Pipeline/data/dialog/Cartoon_Entertainment_Companion.json",
  "image_root": "/Users/qingyuejiao/Desktop/MemoryBench/Benchmark_Pipeline/data/image",
  "run_dir": "/Users/qingyuejiao/Desktop/MemoryBench/Benchmark_Pipeline/runs/cartoon_entertainment_companion/20260426_134116_gpt_5_4_mini_simplemem",
  "git_commit": "f50478ca8d87824ef1e9bc48c2b9e0d49e54305a",
  "summary": {
    "open_count": 76,
    "overall": {
      "em": 0.5789473684210527,
      "contains_gt": 0.6052631578947368,
      "f1": 0.5789473684210527
    },
    "by_x": {
      "X3": {
        "em": 0.44565217391304346,
        "contains_gt": 0.4782608695652174,
        "f1": 0.44565217391304346
      },
      "X4": {
        "em": 0.5,
        "contains_gt": 0.5217391304347826,
        "f1": 0.5
      },
      "X2": {
        "em": 0.625,
        "contains_gt": 0.6428571428571429,
        "f1": 0.625
      },
      "X1": {
        "em": 0.84375,
        "contains_gt": 0.875,
        "f1": 0.84375
      }
    },
    "by_y": {
      "Y1": {
        "em": 0.609375,
        "contains_gt": 0.65625,
        "f1": 0.609375
      },
      "Y2": {
        "em": 0.5448717948717948,
        "contains_gt": 0.5641025641025641,
        "f1": 0.5448717948717948
      },
      "Y3": {
        "em": 0.65,
        "contains_gt": 0.6,
        "f1": 0.65
      }
    },
    "by_cell": {
      "X3_Y1": {
        "em": 0.4318181818181818,
        "contains_gt": 0.45454545454545453,
        "f1": 0.4318181818181818
      },
      "X4_Y2": {
        "em": 0.55,
        "contains_gt": 0.5,
        "f1": 0.55
      },
      "X2_Y2": {
        "em": 0.4166666666666667,
        "contains_gt": 0.4444444444444444,
        "f1": 0.4166666666666667
      },
      "X3_Y2": {
        "em": 0.4583333333333333,
        "contains_gt": 0.5,
        "f1": 0.4583333333333333
      },
      "X4_Y1": {
        "em": 0.5,
        "contains_gt": 0.5833333333333334,
        "f1": 0.5
      },
      "X1_Y1": {
        "em": 0.9375,
        "contains_gt": 1.0,
        "f1": 0.9375
      },
      "X1_Y2": {
        "em": 0.8125,
        "contains_gt": 0.875,
        "f1": 0.8125
      },
      "X2_Y1": {
        "em": 1.0,
        "contains_gt": 1.0,
        "f1": 1.0
      },
      "X1_Y3": {
        "em": 0.8125,
        "contains_gt": 0.75,
        "f1": 0.8125
      },
      "X4_Y3": {
        "em": 0.0,
        "contains_gt": 0.0,
        "f1": 0.0
      }
    },
    "mcq_count": 76,
    "mcq_valid_rate": 0.9210526315789473,
    "mcq_overall": {
      "em": 0.5789473684210527,
      "contains_gt": 0.6052631578947368,
      "f1": 0.5789473684210527
    },
    "mcq_per_position_accuracy": {
      "A": 0.4868421052631579,
      "B": 0.631578947368421,
      "C": 0.5921052631578947,
      "D": 0.6052631578947368
    }
  },
  "method_runtime": {
    "num_memories": 299,
    "debug_dir": "/Users/qingyuejiao/Desktop/MemoryBench/output/cartoon_entertainment_companion/simplemem",
    "data_dir": "/Users/qingyuejiao/Desktop/MemoryBench/runs/simplemem/cartoon_entertainment_companion"
  }
}