{
  "task_name": "social_chat_memory_test_open",
  "model_name": "gpt_5_4_mini",
  "model_path": "gpt-5.4-mini",
  "method_name": "simplemem__multimodal",
  "base_method_name": "simplemem",
  "method_modality": "multimodal",
  "mode": "open",
  "num_qas": 37,
  "num_qas_run": 37,
  "dialog_json": "/common/home/mg1998/.cache/memeye_hf/MemEye/data/dialog/Social_Chat_Memory_Test_Open.json",
  "image_root": "/common/home/mg1998/.cache/memeye_hf/MemEye/data/image",
  "run_dir": "/common/home/mg1998/MemoryBench/Benchmark_Pipeline/runs/social_chat_memory_test_open/20260425_191619_gpt_5_4_mini_simplemem__multimodal",
  "git_commit": "7eb4b31f1f56487e02ecff48e751fe66ab6c6c5f",
  "summary": {
    "open_count": 37,
    "overall": {
      "em": 0.08108108108108109,
      "contains_gt": 0.08108108108108109,
      "f1": 0.2304999804999805,
      "bleu": 0.04270628580461031,
      "bleu_1": 0.18005197522320815,
      "bleu_2": 0.07999219171099894,
      "judge": 0.3918918918918919
    },
    "by_x": {
      "X2": {
        "em": 0.10344827586206896,
        "contains_gt": 0.10344827586206896,
        "f1": 0.20856595511767925,
        "bleu": 0.030308318512050965,
        "bleu_1": 0.166206409888419,
        "bleu_2": 0.062794612031385,
        "judge": 0.3448275862068966
      },
      "X1": {
        "em": 0.0,
        "contains_gt": 0.0,
        "f1": 0.396017316017316,
        "bleu": 0.11033129195979628,
        "bleu_1": 0.26838743929890996,
        "bleu_2": 0.18301210932936332,
        "judge": 0.9
      },
      "X3": {
        "em": 0.0,
        "contains_gt": 0.0,
        "f1": 0.25,
        "bleu": 0.07476743906106105,
        "bleu_1": 0.25,
        "bleu_2": 0.1118033988749895,
        "judge": 0.0
      },
      "X4": {
        "em": 0.0,
        "contains_gt": 0.0,
        "f1": 0.0,
        "bleu": 0.0,
        "bleu_1": 0.0,
        "bleu_2": 0.0,
        "judge": 0.0
      }
    },
    "by_y": {
      "Y2": {
        "em": 0.12,
        "contains_gt": 0.12,
        "f1": 0.15466666666666667,
        "bleu": 0.02590533853881179,
        "bleu_1": 0.14078048424398404,
        "bleu_2": 0.04481541650344794,
        "judge": 0.22
      },
      "Y3": {
        "em": 0.0,
        "contains_gt": 0.0,
        "f1": 0.4583213083213083,
        "bleu": 0.08614145737167142,
        "bleu_1": 0.26595553804593675,
        "bleu_2": 0.18257176018268456,
        "judge": 0.9166666666666666
      },
      "Y1": {
        "em": 0.0,
        "contains_gt": 0.0,
        "f1": 0.31865079365079363,
        "bleu": 0.06927506117837638,
        "bleu_1": 0.2577796248139133,
        "bleu_2": 0.12398251993744251,
        "judge": 0.5833333333333334
      }
    },
    "by_cell": {
      "X2_Y2": {
        "em": 0.13636363636363635,
        "contains_gt": 0.13636363636363635,
        "f1": 0.17575757575757575,
        "bleu": 0.02943788470319522,
        "bleu_1": 0.15997782300452731,
        "bleu_2": 0.05092660966300902,
        "judge": 0.22727272727272727
      },
      "X2_Y3": {
        "em": 0.0,
        "contains_gt": 0.0,
        "f1": 0.3996031746031746,
        "bleu": 0.03681867217136115,
        "bleu_1": 0.23634875510032474,
        "bleu_2": 0.13401413873668447,
        "judge": 0.875
      },
      "X2_Y1": {
        "em": 0.0,
        "contains_gt": 0.0,
        "f1": 0.19444444444444445,
        "bleu": 0.028011028231246217,
        "bleu_1": 0.11835958675441728,
        "bleu_2": 0.054867260459076334,
        "judge": 0.5
      },
      "X1_Y1": {
        "em": 0.0,
        "contains_gt": 0.0,
        "f1": 0.41428571428571426,
        "bleu": 0.09104120212719877,
        "bleu_1": 0.345799494310114,
        "bleu_2": 0.17784327024872354,
        "judge": 1.0
      },
      "X1_Y2": {
        "em": 0.0,
        "contains_gt": 0.0,
        "f1": 0.0,
        "bleu": 0.0,
        "bleu_1": 0.0,
        "bleu_2": 0.0,
        "judge": 0.5
      },
      "X3_Y1": {
        "em": 0.0,
        "contains_gt": 0.0,
        "f1": 0.5,
        "bleu": 0.1495348781221221,
        "bleu_1": 0.5,
        "bleu_2": 0.223606797749979,
        "judge": 0.0
      },
      "X3_Y2": {
        "em": 0.0,
        "contains_gt": 0.0,
        "f1": 0.0,
        "bleu": 0.0,
        "bleu_1": 0.0,
        "bleu_2": 0.0,
        "judge": 0.0
      },
      "X4_Y2": {
        "em": 0.0,
        "contains_gt": 0.0,
        "f1": 0.0,
        "bleu": 0.0,
        "bleu_1": 0.0,
        "bleu_2": 0.0,
        "judge": 0.0
      },
      "X1_Y3": {
        "em": 0.0,
        "contains_gt": 0.0,
        "f1": 0.5757575757575757,
        "bleu": 0.18478702777229195,
        "bleu_1": 0.32516910393716086,
        "bleu_2": 0.27968700307468475,
        "judge": 1.0
      }
    }
  },
  "method_runtime": {
    "num_memories": 53,
    "debug_dir": "/common/home/mg1998/MemoryBench/output/social_chat_memory_test_open/simplemem",
    "data_dir": "/common/home/mg1998/MemoryBench/runs/simplemem/social_chat_memory_test_open"
  },
  "judge": {
    "enabled": true,
    "model": "gpt-5.2",
    "scored_open_rows": 37
  }
}