{
  "task_name": "card_playlog_test_open",
  "model_name": "gpt_5_4_mini",
  "model_path": "gpt-5.4-mini",
  "method_name": "semantic_rag_multimodal",
  "base_method_name": "semantic_rag_multimodal",
  "method_modality": "multimodal",
  "mode": "open",
  "num_qas": 48,
  "num_qas_run": 48,
  "dialog_json": "/common/home/mg1998/.cache/memeye_hf/MemEye/data/dialog/Card_Playlog_Test_Open.json",
  "image_root": "/common/home/mg1998/.cache/memeye_hf/MemEye/data/image",
  "run_dir": "/common/home/mg1998/MemoryBench/Benchmark_Pipeline/runs/card_playlog_test_open/20260425_153328_gpt_5_4_mini_semantic_rag_multimodal",
  "git_commit": "7eb4b31f1f56487e02ecff48e751fe66ab6c6c5f",
  "summary": {
    "open_count": 48,
    "overall": {
      "em": 0.25,
      "contains_gt": 0.25,
      "f1": 0.25,
      "bleu": 0.04445698525097307,
      "bleu_1": 0.25,
      "bleu_2": 0.0790569415042095,
      "judge": 0.25
    },
    "by_x": {
      "X4": {
        "em": 0.25,
        "contains_gt": 0.25,
        "f1": 0.25,
        "bleu": 0.04445698525097307,
        "bleu_1": 0.25,
        "bleu_2": 0.0790569415042095,
        "judge": 0.25
      }
    },
    "by_y": {
      "Y3": {
        "em": 0.21052631578947367,
        "contains_gt": 0.21052631578947367,
        "f1": 0.21052631578947367,
        "bleu": 0.037437461263977324,
        "bleu_1": 0.21052631578947367,
        "bleu_2": 0.06657426652986063,
        "judge": 0.21052631578947367
      },
      "Y2": {
        "em": 0.27586206896551724,
        "contains_gt": 0.27586206896551724,
        "f1": 0.27586206896551724,
        "bleu": 0.049055983725211666,
        "bleu_1": 0.27586206896551724,
        "bleu_2": 0.08723524579774841,
        "judge": 0.27586206896551724
      }
    },
    "by_cell": {
      "X4_Y3": {
        "em": 0.21052631578947367,
        "contains_gt": 0.21052631578947367,
        "f1": 0.21052631578947367,
        "bleu": 0.037437461263977324,
        "bleu_1": 0.21052631578947367,
        "bleu_2": 0.06657426652986063,
        "judge": 0.21052631578947367
      },
      "X4_Y2": {
        "em": 0.27586206896551724,
        "contains_gt": 0.27586206896551724,
        "f1": 0.27586206896551724,
        "bleu": 0.049055983725211666,
        "bleu_1": 0.27586206896551724,
        "bleu_2": 0.08723524579774841,
        "judge": 0.27586206896551724
      }
    }
  },
  "method_runtime": {
    "retrieval_backend": "dense_multimodal",
    "retrieval_corpus": "round_text",
    "method_modality": "multimodal",
    "top_k": 10,
    "neighbor_window": 0,
    "seed_round_ids": [
      "PLAY_S1:R1",
      "PLAY_S3:R1",
      "PLAY_S2:R1",
      "PLAY_S4:R1",
      "PLAY_S3:R3",
      "PLAY_S4:R6",
      "PLAY_S4:R5",
      "PLAY_S2:R3",
      "PLAY_S4:R3",
      "PLAY_S3:R6"
    ],
    "selected_round_ids": [
      "PLAY_S1:R1",
      "PLAY_S3:R1",
      "PLAY_S2:R1",
      "PLAY_S4:R1",
      "PLAY_S3:R3",
      "PLAY_S4:R6",
      "PLAY_S4:R5",
      "PLAY_S2:R3",
      "PLAY_S4:R3",
      "PLAY_S3:R6"
    ],
    "top_candidates": [
      {
        "round_id": "PLAY_S1:R1",
        "score": 0.3562928682650114,
        "text_dense_score": 0.5862275032085359,
        "image_dense_score": 0.1263582333214869,
        "indexed_image_count": 1,
        "best_image_path": "/common/home/mg1998/.cache/memeye_hf/MemEye/data/image/Card_Playlog_Test/uno_44/state_0000.jpg"
      },
      {
        "round_id": "PLAY_S3:R1",
        "score": 0.33529164571875,
        "text_dense_score": 0.5518056481000736,
        "image_dense_score": 0.11877764333742631,
        "indexed_image_count": 1,
        "best_image_path": "/common/home/mg1998/.cache/memeye_hf/MemEye/data/image/Card_Playlog_Test/uno_44/state_0002.jpg"
      },
      {
        "round_id": "PLAY_S2:R1",
        "score": 0.3335254804470187,
        "text_dense_score": 0.5434318127044421,
        "image_dense_score": 0.12361914818959527,
        "indexed_image_count": 1,
        "best_image_path": "/common/home/mg1998/.cache/memeye_hf/MemEye/data/image/Card_Playlog_Test/uno_44/state_0001.jpg"
      },
      {
        "round_id": "PLAY_S4:R1",
        "score": 0.32247392729521845,
        "text_dense_score": 0.5244686848606102,
        "image_dense_score": 0.12047916972982674,
        "indexed_image_count": 1,
        "best_image_path": "/common/home/mg1998/.cache/memeye_hf/MemEye/data/image/Card_Playlog_Test/uno_44/state_0003.jpg"
      },
      {
        "round_id": "PLAY_S3:R3",
        "score": 0.3084836022919121,
        "text_dense_score": 0.48823736180102767,
        "image_dense_score": 0.12872984278279653,
        "indexed_image_count": 1,
        "best_image_path": "/common/home/mg1998/.cache/memeye_hf/MemEye/data/image/Card_Playlog_Test/uno_44/state_0010.jpg"
      }
    ],
    "clue_hit_count": 1,
    "corpus_entry_count": 30,
    "text_embedding_model": "all-MiniLM-L6-v2",
    "multimodal_embedding_model": "siglip2-base-patch16-384",
    "text_dense_weight": 0.5,
    "image_dense_weight": 0.5,
    "caption_text_included": false,
    "image_embeddings_built": true,
    "multi_image_indexing_enabled": true,
    "indexed_image_count": 30,
    "history_source": "retrieval",
    "captions_loaded": false,
    "images_loaded": true,
    "history_turns_after_truncation": 20
  },
  "judge": {
    "enabled": true,
    "model": "gpt-5.2",
    "scored_open_rows": 48
  }
}