{
  "task_name": "social_chat_memory_test_open",
  "model_name": "gpt_4_1_nano",
  "model_path": "gpt-4.1-nano",
  "method_name": "question_only",
  "base_method_name": "question_only",
  "method_modality": "",
  "mode": "open",
  "num_qas": 37,
  "num_qas_run": 37,
  "dialog_json": "/Users/qingyuejiao/Desktop/MemoryBench/Benchmark_Pipeline/data/dialog/Social_Chat_Memory_Test_Open.json",
  "image_root": "/Users/qingyuejiao/Desktop/MemoryBench/Benchmark_Pipeline/data/image",
  "run_dir": "/Users/qingyuejiao/Desktop/MemoryBench/Benchmark_Pipeline/runs/social_chat_memory_test_open/20260424_162349_gpt_4_1_nano_question_only",
  "git_commit": "b24985b9af7b246db9e6e807768083d0acb8c78a",
  "summary": {
    "open_count": 37,
    "overall": {
      "em": 0.0,
      "contains_gt": 0.02702702702702703,
      "f1": 0.17960349144699203,
      "bleu": 0.03489694919500145,
      "bleu_1": 0.12849604440439763,
      "bleu_2": 0.0634316575568161,
      "judge": 0.1891891891891892
    },
    "by_x": {
      "X2": {
        "em": 0.0,
        "contains_gt": 0.034482758620689655,
        "f1": 0.15216204102005104,
        "bleu": 0.023408291503854824,
        "bleu_1": 0.10214353450936448,
        "bleu_2": 0.04839069487453106,
        "judge": 0.2413793103448276
      },
      "X1": {
        "em": 0.0,
        "contains_gt": 0.0,
        "f1": 0.3189069511723974,
        "bleu": 0.09333129266147784,
        "bleu_1": 0.2602564102564103,
        "bleu_2": 0.15251376197716776,
        "judge": 0.0
      },
      "X3": {
        "em": 0.0,
        "contains_gt": 0.0,
        "f1": 0.27142857142857146,
        "bleu": 0.06623612783474865,
        "bleu_1": 0.2121212121212121,
        "bleu_2": 0.07962528966567847,
        "judge": 0.0
      },
      "X4": {
        "em": 0.0,
        "contains_gt": 0.0,
        "f1": 0.09523809523809522,
        "bleu": 0.013217947626377298,
        "bleu_1": 0.06666666666666667,
        "bleu_2": 0.02182178902359924,
        "judge": 0.0
      }
    },
    "by_y": {
      "Y2": {
        "em": 0.0,
        "contains_gt": 0.04,
        "f1": 0.14147838441503674,
        "bleu": 0.020722047892804393,
        "bleu_1": 0.09293087654569424,
        "bleu_2": 0.03915586521240054,
        "judge": 0.22
      },
      "Y3": {
        "em": 0.0,
        "contains_gt": 0.0,
        "f1": 0.23236666714927584,
        "bleu": 0.023838684567659682,
        "bleu_1": 0.16428301705587434,
        "bleu_2": 0.07134524182411701,
        "judge": 0.25
      },
      "Y1": {
        "em": 0.0,
        "contains_gt": 0.0,
        "f1": 0.2856949283778552,
        "bleu": 0.10501730258149762,
        "bleu_1": 0.24089727116418502,
        "bleu_2": 0.15666720805791334,
        "judge": 0.0
      }
    },
    "by_cell": {
      "X2_Y2": {
        "em": 0.0,
        "contains_gt": 0.045454545454545456,
        "f1": 0.14516369156299744,
        "bleu": 0.02148931741111854,
        "bleu_1": 0.09541043133636053,
        "bleu_2": 0.041140996263865394,
        "judge": 0.25
      },
      "X2_Y3": {
        "em": 0.0,
        "contains_gt": 0.0,
        "f1": 0.17266067266067267,
        "bleu": 0.02226071823951608,
        "bleu_1": 0.11277067942996535,
        "bleu_2": 0.05523628952184826,
        "judge": 0.375
      },
      "X2_Y1": {
        "em": 0.0,
        "contains_gt": 0.0,
        "f1": 0.17615176151761514,
        "bleu": 0.0390108658697059,
        "bleu_1": 0.1373500978839256,
        "bleu_2": 0.09242769182298965,
        "judge": 0.0
      },
      "X1_Y1": {
        "em": 0.0,
        "contains_gt": 0.0,
        "f1": 0.3928571428571429,
        "bleu": 0.19972464061655903,
        "bleu_1": 0.35,
        "bleu_2": 0.2668103640024653,
        "judge": 0.0
      },
      "X1_Y2": {
        "em": 0.0,
        "contains_gt": 0.0,
        "f1": 0.10526315789473685,
        "bleu": 0.013217947626377298,
        "bleu_1": 0.06666666666666667,
        "bleu_2": 0.02182178902359924,
        "judge": 0.0
      },
      "X3_Y1": {
        "em": 0.0,
        "contains_gt": 0.0,
        "f1": 0.4,
        "bleu": 0.11362193664674995,
        "bleu_1": 0.3333333333333333,
        "bleu_2": 0.12909944487358058,
        "judge": 0.0
      },
      "X3_Y2": {
        "em": 0.0,
        "contains_gt": 0.0,
        "f1": 0.14285714285714288,
        "bleu": 0.018850319022747353,
        "bleu_1": 0.0909090909090909,
        "bleu_2": 0.03015113445777637,
        "judge": 0.0
      },
      "X4_Y2": {
        "em": 0.0,
        "contains_gt": 0.0,
        "f1": 0.09523809523809522,
        "bleu": 0.013217947626377298,
        "bleu_1": 0.06666666666666667,
        "bleu_2": 0.02182178902359924,
        "judge": 0.0
      },
      "X1_Y3": {
        "em": 0.0,
        "contains_gt": 0.0,
        "f1": 0.35177865612648224,
        "bleu": 0.02699461722394689,
        "bleu_1": 0.2673076923076923,
        "bleu_2": 0.10356314642865452,
        "judge": 0.0
      }
    }
  },
  "judge": {
    "enabled": true,
    "model": "gpt-5.2",
    "scored_open_rows": 37
  }
}