{
  "task_name": "concat_multiscene_outdoor_open",
  "model_name": "gpt_5_4_mini",
  "model_path": "gpt-5.4-mini",
  "method_name": "semantic_rag_multimodal",
  "base_method_name": "semantic_rag_multimodal",
  "method_modality": "multimodal",
  "mode": "open",
  "num_qas": 78,
  "num_qas_run": 78,
  "dialog_json": "/common/home/mg1998/MemoryBench/Benchmark_Pipeline/data/dialog/concat_multiscene_outdoor_open.json",
  "image_root": "/common/home/mg1998/.cache/memeye_hf/MemEye/data/image",
  "run_dir": "/common/home/mg1998/MemoryBench/Benchmark_Pipeline/runs/concat_multiscene_outdoor_open/20260427_005656_gpt_5_4_mini_semantic_rag_multimodal",
  "git_commit": "d8ac0cb71367c6f0314274b4a514968eab3f678b",
  "summary": {
    "open_count": 78,
    "overall": {
      "em": 0.15384615384615385,
      "contains_gt": 0.20512820512820512,
      "f1": 0.32214742822030273,
      "bleu": 0.16192781430353012,
      "bleu_1": 0.27698162081377875,
      "bleu_2": 0.22991083399268786
    },
    "by_x": {
      "X4": {
        "em": 0.0,
        "contains_gt": 0.0,
        "f1": 0.1305046805046805,
        "bleu": 0.02212177900833514,
        "bleu_1": 0.09783748731506038,
        "bleu_2": 0.04752008291051486
      },
      "X2": {
        "em": 0.0,
        "contains_gt": 0.2,
        "f1": 0.19343434343434343,
        "bleu": 0.050237828038946,
        "bleu_1": 0.1575,
        "bleu_2": 0.11909638683608177
      },
      "X3": {
        "em": 0.21428571428571427,
        "contains_gt": 0.23214285714285715,
        "f1": 0.3759276281362748,
        "bleu": 0.20845066117534675,
        "bleu_1": 0.3292366180338154,
        "bleu_2": 0.28070675817405216
      },
      "X1": {
        "em": 0.0,
        "contains_gt": 0.3333333333333333,
        "f1": 0.32222222222222224,
        "bleu": 0.0852193994638186,
        "bleu_1": 0.23725947591517918,
        "bleu_2": 0.19827399304242707
      }
    },
    "by_y": {
      "Y2": {
        "em": 0.043478260869565216,
        "contains_gt": 0.08695652173913043,
        "f1": 0.18724319159101768,
        "bleu": 0.04527393441260671,
        "bleu_1": 0.16284234279055393,
        "bleu_2": 0.11576521783478128
      },
      "Y3": {
        "em": 0.0,
        "contains_gt": 0.043478260869565216,
        "f1": 0.18355215849495027,
        "bleu": 0.04829466137696495,
        "bleu_1": 0.1349555553124909,
        "bleu_2": 0.07563845748118639
      },
      "Y1": {
        "em": 0.34375,
        "contains_gt": 0.40625,
        "f1": 0.5187251984126984,
        "bleu": 0.32744661914110007,
        "bleu_1": 0.46110046147202227,
        "bleu_2": 0.42283626622382486
      }
    },
    "by_cell": {
      "X4_Y2": {
        "em": 0.0,
        "contains_gt": 0.0,
        "f1": 0.17857142857142858,
        "bleu": 0.03967979818620558,
        "bleu_1": 0.1668537996906729,
        "bleu_2": 0.08994125908550993
      },
      "X2_Y2": {
        "em": 0.0,
        "contains_gt": 0.25,
        "f1": 0.29166666666666663,
        "bleu": 0.08495221224235612,
        "bleu_1": 0.25,
        "bleu_2": 0.2041241452319315
      },
      "X3_Y3": {
        "em": 0.0,
        "contains_gt": 0.0,
        "f1": 0.28270998007840115,
        "bleu": 0.08924539049419841,
        "bleu_1": 0.22707438240355676,
        "bleu_2": 0.12798298148439458
      },
      "X2_Y3": {
        "em": 0.0,
        "contains_gt": 0.16666666666666666,
        "f1": 0.12794612794612795,
        "bleu": 0.02709490523667258,
        "bleu_1": 0.09583333333333334,
        "bleu_2": 0.062411214572181954
      },
      "X3_Y1": {
        "em": 0.3548387096774194,
        "contains_gt": 0.3870967741935484,
        "f1": 0.5096518177163338,
        "bleu": 0.330258408745217,
        "bleu_1": 0.45446929356251764,
        "bleu_2": 0.4178519435475087
      },
      "X3_Y2": {
        "em": 0.06666666666666667,
        "contains_gt": 0.06666666666666667,
        "f1": 0.1617094017094017,
        "bleu": 0.036184829985047164,
        "bleu_1": 0.13853057902800325,
        "bleu_2": 0.09908922619534691
      },
      "X4_Y3": {
        "em": 0.0,
        "contains_gt": 0.0,
        "f1": 0.09205128205128205,
        "bleu": 0.008075363666038785,
        "bleu_1": 0.042624437414570365,
        "bleu_2": 0.01358314197051881
      },
      "X1_Y1": {
        "em": 0.0,
        "contains_gt": 1.0,
        "f1": 0.8,
        "bleu": 0.24028114141347542,
        "bleu_1": 0.6666666666666666,
        "bleu_2": 0.5773502691896257
      },
      "X1_Y3": {
        "em": 0.0,
        "contains_gt": 0.0,
        "f1": 0.08333333333333333,
        "bleu": 0.007688528488990184,
        "bleu_1": 0.022555880539435448,
        "bleu_2": 0.008735854968827747
      }
    }
  },
  "method_runtime": {
    "retrieval_backend": "dense_multimodal",
    "retrieval_corpus": "round_text",
    "method_modality": "multimodal",
    "top_k": 10,
    "neighbor_window": 0,
    "seed_round_ids": [
      "SCENE_S12:R8",
      "SCENE_S6:R2",
      "SCENE_S11:R7",
      "SCENE_S6:R3",
      "OUTDOOR_S5:R5",
      "OUTDOOR_S6:R5",
      "OUTDOOR_S8:R5",
      "SCENE_S4:R6",
      "SCENE_S14:R8",
      "OUTDOOR_S5:R2"
    ],
    "selected_round_ids": [
      "SCENE_S12:R8",
      "SCENE_S6:R2",
      "SCENE_S11:R7",
      "SCENE_S6:R3",
      "OUTDOOR_S5:R5",
      "OUTDOOR_S6:R5",
      "OUTDOOR_S8:R5",
      "SCENE_S4:R6",
      "SCENE_S14:R8",
      "OUTDOOR_S5:R2"
    ],
    "top_candidates": [
      {
        "round_id": "SCENE_S12:R8",
        "score": 0.1983535904361095,
        "text_dense_score": 0.3635217466633513,
        "image_dense_score": 0.033185434208867735,
        "indexed_image_count": 1,
        "best_image_path": "/common/home/mg1998/.cache/memeye_hf/MemEye/data/image/Multi-Scene_Visual_Case_Archive_Assistant/S12-IMG3.png"
      },
      {
        "round_id": "SCENE_S6:R2",
        "score": 0.14322541091608143,
        "text_dense_score": 0.27101279595037325,
        "image_dense_score": 0.015438025881789582,
        "indexed_image_count": 1,
        "best_image_path": "/common/home/mg1998/.cache/memeye_hf/MemEye/data/image/Multi-Scene_Visual_Case_Archive_Assistant/S6-IMG1.png"
      },
      {
        "round_id": "SCENE_S11:R7",
        "score": 0.1352484962912655,
        "text_dense_score": 0.270496992582531,
        "image_dense_score": 0.0,
        "indexed_image_count": 1,
        "best_image_path": ""
      },
      {
        "round_id": "SCENE_S6:R3",
        "score": 0.132997706279618,
        "text_dense_score": 0.2471803322915122,
        "image_dense_score": 0.01881508026772377,
        "indexed_image_count": 1,
        "best_image_path": "/common/home/mg1998/.cache/memeye_hf/MemEye/data/image/Multi-Scene_Visual_Case_Archive_Assistant/S6-IMG2.png"
      },
      {
        "round_id": "OUTDOOR_S5:R5",
        "score": 0.12762181375149506,
        "text_dense_score": 0.11541251786212249,
        "image_dense_score": 0.13983110964086765,
        "indexed_image_count": 1,
        "best_image_path": "/common/home/mg1998/.cache/memeye_hf/MemEye/data/image/Outdoor_Navigation_Route_Memory_Assistant/S5_R5.jpg"
      }
    ],
    "clue_hit_count": 1,
    "corpus_entry_count": 177,
    "text_embedding_model": "all-MiniLM-L6-v2",
    "multimodal_embedding_model": "siglip2-base-patch16-384",
    "text_dense_weight": 0.5,
    "image_dense_weight": 0.5,
    "caption_text_included": false,
    "image_embeddings_built": true,
    "multi_image_indexing_enabled": true,
    "indexed_image_count": 97,
    "history_source": "retrieval",
    "captions_loaded": false,
    "images_loaded": true,
    "history_turns_after_truncation": 20
  }
}