{
  "task_name": "social_chat_memory_test",
  "model_name": "gpt_4_1_nano",
  "model_path": "gpt-4.1-nano",
  "method_name": "full_context_text_only",
  "base_method_name": "full_context_text_only",
  "method_modality": "",
  "mode": "mcq",
  "num_qas": 37,
  "num_qas_run": 37,
  "dialog_json": "/Users/qingyuejiao/Desktop/MemoryBench/Benchmark_Pipeline/data/dialog/Social_Chat_Memory_Test.json",
  "image_root": "/Users/qingyuejiao/Desktop/MemoryBench/Benchmark_Pipeline/data/image",
  "run_dir": "/Users/qingyuejiao/Desktop/MemoryBench/Benchmark_Pipeline/Benchmark_Pipeline/runs/mcq_clean_ablation_20260424_full/social_chat_memory_test/20260424_164731_gpt_4_1_nano_full_context_text_only",
  "git_commit": "b24985b9af7b246db9e6e807768083d0acb8c78a",
  "summary": {
    "open_count": 37,
    "overall": {
      "em": 0.4527027027027027,
      "contains_gt": 0.2972972972972973,
      "f1": 0.4527027027027027
    },
    "by_x": {
      "X3": {
        "em": 0.45689655172413796,
        "contains_gt": 0.27586206896551724,
        "f1": 0.45689655172413796
      },
      "X1": {
        "em": 0.5,
        "contains_gt": 0.4,
        "f1": 0.5
      },
      "X2": {
        "em": 0.5,
        "contains_gt": 0.5,
        "f1": 0.5
      },
      "X4": {
        "em": 0.0,
        "contains_gt": 0.0,
        "f1": 0.0
      }
    },
    "by_y": {
      "Y2": {
        "em": 0.42,
        "contains_gt": 0.28,
        "f1": 0.42
      },
      "Y3": {
        "em": 0.7916666666666666,
        "contains_gt": 0.5,
        "f1": 0.7916666666666666
      },
      "Y1": {
        "em": 0.25,
        "contains_gt": 0.16666666666666666,
        "f1": 0.25
      }
    },
    "by_cell": {
      "X3_Y2": {
        "em": 0.4659090909090909,
        "contains_gt": 0.3181818181818182,
        "f1": 0.4659090909090909
      },
      "X3_Y3": {
        "em": 0.6875,
        "contains_gt": 0.25,
        "f1": 0.6875
      },
      "X3_Y1": {
        "em": 0.08333333333333333,
        "contains_gt": 0.0,
        "f1": 0.08333333333333333
      },
      "X1_Y1": {
        "em": 0.125,
        "contains_gt": 0.0,
        "f1": 0.125
      },
      "X1_Y2": {
        "em": 0.25,
        "contains_gt": 0.0,
        "f1": 0.25
      },
      "X2_Y1": {
        "em": 1.0,
        "contains_gt": 1.0,
        "f1": 1.0
      },
      "X2_Y2": {
        "em": 0.0,
        "contains_gt": 0.0,
        "f1": 0.0
      },
      "X4_Y2": {
        "em": 0.0,
        "contains_gt": 0.0,
        "f1": 0.0
      },
      "X1_Y3": {
        "em": 1.0,
        "contains_gt": 1.0,
        "f1": 1.0
      }
    },
    "mcq_count": 37,
    "mcq_valid_rate": 1.0,
    "mcq_overall": {
      "em": 0.4527027027027027,
      "contains_gt": 0.2972972972972973,
      "f1": 0.4527027027027027
    },
    "mcq_per_position_accuracy": {
      "A": 0.6486486486486487,
      "B": 0.43243243243243246,
      "C": 0.43243243243243246,
      "D": 0.2972972972972973
    }
  },
  "method_runtime": {
    "caption_validation_passed": true,
    "caption_validation_round_count": 43,
    "method_modality": "text_only",
    "history_source": "full_context",
    "captions_loaded": true,
    "images_loaded": false,
    "history_turns_after_truncation": 106,
    "history_turns_before_truncation": 106
  }
}
