{
  "task_name": "personal_health_dashboard_assistant_open",
  "model_name": "gpt_4_1_nano",
  "model_path": "gpt-4.1-nano",
  "method_name": "semantic_rag_multimodal",
  "base_method_name": "semantic_rag_multimodal",
  "method_modality": "multimodal",
  "mode": "open",
  "num_qas": 51,
  "num_qas_run": 51,
  "dialog_json": "/Users/qingyuejiao/Desktop/MemoryBench/Benchmark_Pipeline/data/dialog/Personal_Health_Dashboard_Assistant_Open.json",
  "image_root": "/Users/qingyuejiao/Desktop/MemoryBench/Benchmark_Pipeline/data/image",
  "run_dir": "/Users/qingyuejiao/Desktop/MemoryBench/Benchmark_Pipeline/runs/personal_health_dashboard_assistant_open/20260424_193534_gpt_4_1_nano_semantic_rag_multimodal",
  "git_commit": "b24985b9af7b246db9e6e807768083d0acb8c78a",
  "summary": {
    "open_count": 51,
    "overall": {
      "em": 0.0,
      "contains_gt": 0.2549019607843137,
      "f1": 0.13118372741944515,
      "bleu": 0.029462532531848034,
      "bleu_1": 0.08159117317170415,
      "bleu_2": 0.05712835755729493,
      "judge": 0.2549019607843137
    },
    "by_x": {
      "X4": {
        "em": 0.0,
        "contains_gt": 0.22727272727272727,
        "f1": 0.11681413827986993,
        "bleu": 0.029453548868358312,
        "bleu_1": 0.07241337913172187,
        "bleu_2": 0.05284354391347046,
        "judge": 0.19318181818181818
      },
      "X3": {
        "em": 0.0,
        "contains_gt": 0.75,
        "f1": 0.2094017094017094,
        "bleu": 0.026434981742349557,
        "bleu_1": 0.12215909090909091,
        "bleu_2": 0.09024175947570615,
        "judge": 0.75
      },
      "X1": {
        "em": 0.0,
        "contains_gt": 0.0,
        "f1": 0.2376470588235294,
        "bleu": 0.03363102731569529,
        "bleu_1": 0.16210826210826212,
        "bleu_2": 0.07582108844217224,
        "judge": 0.5
      }
    },
    "by_y": {
      "Y2": {
        "em": 0.0,
        "contains_gt": 0.2727272727272727,
        "f1": 0.12119969619483961,
        "bleu": 0.02721365915301337,
        "bleu_1": 0.07435482536664637,
        "bleu_2": 0.05424916022437078,
        "judge": 0.2159090909090909
      },
      "Y3": {
        "em": 0.0,
        "contains_gt": 0.16666666666666666,
        "f1": 0.19293057763646,
        "bleu": 0.04190994330008074,
        "bleu_1": 0.11492291927074536,
        "bleu_2": 0.07597875123851208,
        "judge": 0.5
      },
      "Y1": {
        "em": 0.0,
        "contains_gt": 0.0,
        "f1": 0.20000000000000004,
        "bleu": 0.05372849659117709,
        "bleu_1": 0.2,
        "bleu_2": 0.07071067811865477,
        "judge": 0.5
      }
    },
    "by_cell": {
      "X4_Y2": {
        "em": 0.0,
        "contains_gt": 0.225,
        "f1": 0.11237949487415264,
        "bleu": 0.02729152689407975,
        "bleu_1": 0.0695743988124019,
        "bleu_2": 0.050649900299237244,
        "judge": 0.1625
      },
      "X4_Y3": {
        "em": 0.0,
        "contains_gt": 0.25,
        "f1": 0.16116057233704292,
        "bleu": 0.05107376861114392,
        "bleu_1": 0.10080318232492144,
        "bleu_2": 0.07477998005580264,
        "judge": 0.5
      },
      "X3_Y2": {
        "em": 0.0,
        "contains_gt": 0.75,
        "f1": 0.2094017094017094,
        "bleu": 0.026434981742349557,
        "bleu_1": 0.12215909090909091,
        "bleu_2": 0.09024175947570615,
        "judge": 0.75
      },
      "X1_Y3": {
        "em": 0.0,
        "contains_gt": 0.0,
        "f1": 0.2564705882352941,
        "bleu": 0.02358229267795439,
        "bleu_1": 0.14316239316239315,
        "bleu_2": 0.07837629360393097,
        "judge": 0.5
      },
      "X1_Y1": {
        "em": 0.0,
        "contains_gt": 0.0,
        "f1": 0.20000000000000004,
        "bleu": 0.05372849659117709,
        "bleu_1": 0.2,
        "bleu_2": 0.07071067811865477,
        "judge": 0.5
      }
    }
  },
  "method_runtime": {
    "retrieval_backend": "dense_multimodal",
    "retrieval_corpus": "round_text",
    "method_modality": "multimodal",
    "top_k": 10,
    "neighbor_window": 0,
    "seed_round_ids": [
      "HEALTH_S1:R1",
      "HEALTH_S6:R2",
      "HEALTH_S2:R7",
      "HEALTH_S12:R7",
      "HEALTH_S1:R2",
      "HEALTH_S3:R7",
      "HEALTH_S3:R2",
      "HEALTH_S11:R2",
      "HEALTH_S11:R6",
      "HEALTH_S3:R3"
    ],
    "selected_round_ids": [
      "HEALTH_S1:R1",
      "HEALTH_S6:R2",
      "HEALTH_S2:R7",
      "HEALTH_S12:R7",
      "HEALTH_S1:R2",
      "HEALTH_S3:R7",
      "HEALTH_S3:R2",
      "HEALTH_S11:R2",
      "HEALTH_S11:R6",
      "HEALTH_S3:R3"
    ],
    "top_candidates": [
      {
        "round_id": "HEALTH_S1:R1",
        "score": 0.20077697273241027,
        "text_dense_score": 0.40155394546482054,
        "image_dense_score": 0.0,
        "indexed_image_count": 0,
        "best_image_path": ""
      },
      {
        "round_id": "HEALTH_S6:R2",
        "score": 0.19060078863696978,
        "text_dense_score": 0.261618207521708,
        "image_dense_score": 0.11958336975223158,
        "indexed_image_count": 1,
        "best_image_path": "/Users/qingyuejiao/Desktop/MemoryBench/Benchmark_Pipeline/data/image/Personal_Health_Dashboard_Assistant/D6_IMG_001.jpg"
      },
      {
        "round_id": "HEALTH_S2:R7",
        "score": 0.18726251815521233,
        "text_dense_score": 0.2623997580907625,
        "image_dense_score": 0.11212527821966219,
        "indexed_image_count": 1,
        "best_image_path": "/Users/qingyuejiao/Desktop/MemoryBench/Benchmark_Pipeline/data/image/Personal_Health_Dashboard_Assistant/D2_IMG_005.jpg"
      },
      {
        "round_id": "HEALTH_S12:R7",
        "score": 0.180520967947851,
        "text_dense_score": 0.2484662942471056,
        "image_dense_score": 0.1125756416485964,
        "indexed_image_count": 1,
        "best_image_path": "/Users/qingyuejiao/Desktop/MemoryBench/Benchmark_Pipeline/data/image/Personal_Health_Dashboard_Assistant/D12_IMG_005.jpg"
      },
      {
        "round_id": "HEALTH_S1:R2",
        "score": 0.17290686968172297,
        "text_dense_score": 0.23420740752506156,
        "image_dense_score": 0.11160633183838442,
        "indexed_image_count": 1,
        "best_image_path": "/Users/qingyuejiao/Desktop/MemoryBench/Benchmark_Pipeline/data/image/Personal_Health_Dashboard_Assistant/D1_IMG_001.jpg"
      }
    ],
    "clue_hit_count": 1,
    "corpus_entry_count": 97,
    "text_embedding_model": "all-MiniLM-L6-v2",
    "multimodal_embedding_model": "siglip2-base-patch16-384",
    "text_dense_weight": 0.5,
    "image_dense_weight": 0.5,
    "caption_text_included": false,
    "image_embeddings_built": true,
    "multi_image_indexing_enabled": true,
    "indexed_image_count": 62,
    "history_source": "retrieval",
    "captions_loaded": false,
    "images_loaded": true,
    "history_turns_after_truncation": 20
  },
  "judge": {
    "enabled": true,
    "model": "gpt-5.2",
    "scored_open_rows": 51
  }
}
