{
  "task_name": "brand_memory_test",
  "model_name": "gpt_4_1_nano",
  "model_path": "gpt-4.1-nano",
  "method_name": "full_context_text_only",
  "base_method_name": "full_context_text_only",
  "method_modality": "",
  "mode": "mcq",
  "num_qas": 29,
  "num_qas_run": 29,
  "dialog_json": "/Users/qingyuejiao/Desktop/MemoryBench/Benchmark_Pipeline/data/dialog/Brand_Memory_Test.json",
  "image_root": "/Users/qingyuejiao/Desktop/MemoryBench/Benchmark_Pipeline/data/image",
  "run_dir": "/Users/qingyuejiao/Desktop/MemoryBench/Benchmark_Pipeline/Benchmark_Pipeline/runs/mcq_clean_ablation_20260424_full/brand_memory_test/20260424_161520_gpt_4_1_nano_full_context_text_only",
  "git_commit": "b24985b9af7b246db9e6e807768083d0acb8c78a",
  "summary": {
    "open_count": 29,
    "overall": {
      "em": 0.3275862068965517,
      "contains_gt": 0.20689655172413793,
      "f1": 0.3275862068965517
    },
    "by_x": {
      "X4": {
        "em": 0.125,
        "contains_gt": 0.5,
        "f1": 0.125
      },
      "X3": {
        "em": 0.55,
        "contains_gt": 0.4,
        "f1": 0.55
      },
      "X1": {
        "em": 0.2976190476190476,
        "contains_gt": 0.14285714285714285,
        "f1": 0.2976190476190476
      },
      "X2": {
        "em": 0.25,
        "contains_gt": 0.0,
        "f1": 0.25
      }
    },
    "by_y": {
      "Y1": {
        "em": 0.625,
        "contains_gt": 1.0,
        "f1": 0.625
      },
      "Y2": {
        "em": 0.3055555555555556,
        "contains_gt": 0.14814814814814814,
        "f1": 0.3055555555555556
      }
    },
    "by_cell": {
      "X4_Y1": {
        "em": 0.25,
        "contains_gt": 1.0,
        "f1": 0.25
      },
      "X3_Y2": {
        "em": 0.55,
        "contains_gt": 0.4,
        "f1": 0.55
      },
      "X1_Y2": {
        "em": 0.2625,
        "contains_gt": 0.1,
        "f1": 0.2625
      },
      "X2_Y2": {
        "em": 0.25,
        "contains_gt": 0.0,
        "f1": 0.25
      },
      "X4_Y2": {
        "em": 0.0,
        "contains_gt": 0.0,
        "f1": 0.0
      },
      "X1_Y1": {
        "em": 1.0,
        "contains_gt": 1.0,
        "f1": 1.0
      }
    },
    "mcq_count": 29,
    "mcq_valid_rate": 1.0,
    "mcq_overall": {
      "em": 0.3275862068965517,
      "contains_gt": 0.20689655172413793,
      "f1": 0.3275862068965517
    },
    "mcq_per_position_accuracy": {
      "A": 0.4482758620689655,
      "B": 0.27586206896551724,
      "C": 0.3793103448275862,
      "D": 0.20689655172413793
    }
  },
  "method_runtime": {
    "caption_validation_passed": true,
    "caption_validation_round_count": 30,
    "method_modality": "text_only",
    "history_source": "full_context",
    "captions_loaded": true,
    "images_loaded": false,
    "history_turns_after_truncation": 144,
    "history_turns_before_truncation": 144
  }
}