{
  "task_name": "social_chat_memory_test_open",
  "model_name": "gpt_5_4_mini",
  "model_path": "gpt-5.4-mini",
  "method_name": "a_mem__no_visual",
  "base_method_name": "a_mem",
  "method_modality": "no_visual",
  "mode": "open",
  "num_qas": 37,
  "num_qas_run": 37,
  "dialog_json": "/Users/qingyuejiao/Desktop/MemoryBench/Benchmark_Pipeline/data/dialog/Social_Chat_Memory_Test_Open.json",
  "image_root": "/Users/qingyuejiao/Desktop/MemoryBench/Benchmark_Pipeline/data/image",
  "run_dir": "/Users/qingyuejiao/Desktop/MemoryBench/Benchmark_Pipeline/runs/social_chat_memory_test_open/20260428_223643_gpt_5_4_mini_a_mem__no_visual",
  "git_commit": "878c24f82b8c23afa35832b1e8f22677e85aa148",
  "summary": {
    "open_count": 37,
    "overall": {
      "em": 0.0,
      "contains_gt": 0.0,
      "f1": 0.01386176092058445,
      "bleu": 0.0013057069708906348,
      "bleu_1": 0.007019178959579052,
      "bleu_2": 0.0020755975124276786
    },
    "by_x": {
      "X3": {
        "em": 0.0,
        "contains_gt": 0.0,
        "f1": 0.01768569496764223,
        "bleu": 0.0016659019973432236,
        "bleu_1": 0.008955504189807756,
        "bleu_2": 0.0026481761365456592
      },
      "X1": {
        "em": 0.0,
        "contains_gt": 0.0,
        "f1": 0.0,
        "bleu": 0.0,
        "bleu_1": 0.0,
        "bleu_2": 0.0
      },
      "X2": {
        "em": 0.0,
        "contains_gt": 0.0,
        "f1": 0.0,
        "bleu": 0.0,
        "bleu_1": 0.0,
        "bleu_2": 0.0
      },
      "X4": {
        "em": 0.0,
        "contains_gt": 0.0,
        "f1": 0.0,
        "bleu": 0.0,
        "bleu_1": 0.0,
        "bleu_2": 0.0
      }
    },
    "by_y": {
      "Y2": {
        "em": 0.0,
        "contains_gt": 0.0,
        "f1": 0.012,
        "bleu": 0.0005856557194759421,
        "bleu_1": 0.004563707724734151,
        "bleu_2": 0.0010823783239098503
      },
      "Y3": {
        "em": 0.0,
        "contains_gt": 0.0,
        "f1": 0.015873015873015872,
        "bleu": 0.0020252770723472794,
        "bleu_1": 0.00875903431360577,
        "bleu_2": 0.002991779778962302
      },
      "Y1": {
        "em": 0.0,
        "contains_gt": 0.0,
        "f1": 0.0196078431372549,
        "bleu": 0.00358635041699521,
        "bleu_1": 0.015510453750739417,
        "bleu_2": 0.005297828531384007
      }
    },
    "by_cell": {
      "X3_Y2": {
        "em": 0.0,
        "contains_gt": 0.0,
        "f1": 0.013636363636363637,
        "bleu": 0.0006655178630408432,
        "bleu_1": 0.005186031505379717,
        "bleu_2": 0.0012299753680793753
      },
      "X3_Y3": {
        "em": 0.0,
        "contains_gt": 0.0,
        "f1": 0.023809523809523808,
        "bleu": 0.003037915608520919,
        "bleu_1": 0.013138551470408655,
        "bleu_2": 0.004487669668443453
      },
      "X3_Y1": {
        "em": 0.0,
        "contains_gt": 0.0,
        "f1": 0.0392156862745098,
        "bleu": 0.00717270083399042,
        "bleu_1": 0.031020907501478834,
        "bleu_2": 0.010595657062768014
      },
      "X1_Y1": {
        "em": 0.0,
        "contains_gt": 0.0,
        "f1": 0.0,
        "bleu": 0.0,
        "bleu_1": 0.0,
        "bleu_2": 0.0
      },
      "X1_Y2": {
        "em": 0.0,
        "contains_gt": 0.0,
        "f1": 0.0,
        "bleu": 0.0,
        "bleu_1": 0.0,
        "bleu_2": 0.0
      },
      "X2_Y1": {
        "em": 0.0,
        "contains_gt": 0.0,
        "f1": 0.0,
        "bleu": 0.0,
        "bleu_1": 0.0,
        "bleu_2": 0.0
      },
      "X2_Y2": {
        "em": 0.0,
        "contains_gt": 0.0,
        "f1": 0.0,
        "bleu": 0.0,
        "bleu_1": 0.0,
        "bleu_2": 0.0
      },
      "X4_Y2": {
        "em": 0.0,
        "contains_gt": 0.0,
        "f1": 0.0,
        "bleu": 0.0,
        "bleu_1": 0.0,
        "bleu_2": 0.0
      },
      "X1_Y3": {
        "em": 0.0,
        "contains_gt": 0.0,
        "f1": 0.0,
        "bleu": 0.0,
        "bleu_1": 0.0,
        "bleu_2": 0.0
      }
    }
  },
  "method_runtime": {
    "num_memories": 53,
    "debug_dir": "/Users/qingyuejiao/Desktop/MemoryBench/output/social_chat_memory_test_open/a_mem"
  }
}