{
  "task_name": "personal_health_dashboard_assistant",
  "model_name": "gpt_4_1_nano",
  "model_path": "gpt-4.1-nano",
  "method_name": "simplemem__multimodal",
  "base_method_name": "simplemem",
  "method_modality": "multimodal",
  "mode": "mcq",
  "num_qas": 51,
  "num_qas_run": 51,
  "dialog_json": "/common/home/mg1998/MemoryBench/Benchmark_Pipeline/data/dialog/Personal_Health_Dashboard_Assistant.json",
  "image_root": "/common/home/mg1998/MemoryBench/Benchmark_Pipeline/data/image",
  "run_dir": "/common/home/mg1998/MemoryBench/Benchmark_Pipeline/runs/personal_health_dashboard_assistant/20260424_155519_gpt_4_1_nano_simplemem__multimodal",
  "git_commit": "658ab1743219fa7a98e5672df9c7253b6b5b5e6d",
  "summary": {
    "open_count": 51,
    "overall": {
      "em": 0.25,
      "contains_gt": 0.19607843137254902,
      "f1": 0.25
    },
    "by_x": {
      "X4": {
        "em": 0.22727272727272727,
        "contains_gt": 0.1590909090909091,
        "f1": 0.22727272727272727
      },
      "X2": {
        "em": 0.1875,
        "contains_gt": 0.25,
        "f1": 0.1875
      },
      "X1": {
        "em": 0.6666666666666666,
        "contains_gt": 0.6666666666666666,
        "f1": 0.6666666666666666
      }
    },
    "by_y": {
      "Y2": {
        "em": 0.23295454545454544,
        "contains_gt": 0.18181818181818182,
        "f1": 0.23295454545454544
      },
      "Y3": {
        "em": 0.25,
        "contains_gt": 0.16666666666666666,
        "f1": 0.25
      },
      "Y1": {
        "em": 1.0,
        "contains_gt": 1.0,
        "f1": 1.0
      }
    },
    "by_cell": {
      "X4_Y2": {
        "em": 0.2375,
        "contains_gt": 0.175,
        "f1": 0.2375
      },
      "X4_Y3": {
        "em": 0.125,
        "contains_gt": 0.0,
        "f1": 0.125
      },
      "X2_Y2": {
        "em": 0.1875,
        "contains_gt": 0.25,
        "f1": 0.1875
      },
      "X1_Y3": {
        "em": 0.5,
        "contains_gt": 0.5,
        "f1": 0.5
      },
      "X1_Y1": {
        "em": 1.0,
        "contains_gt": 1.0,
        "f1": 1.0
      }
    },
    "mcq_count": 51,
    "mcq_valid_rate": 1.0,
    "mcq_overall": {
      "em": 0.25,
      "contains_gt": 0.19607843137254902,
      "f1": 0.25
    },
    "mcq_per_position_accuracy": {
      "A": 0.29411764705882354,
      "B": 0.23529411764705882,
      "C": 0.27450980392156865,
      "D": 0.19607843137254902
    }
  },
  "method_runtime": {
    "num_memories": 97,
    "debug_dir": "/common/home/mg1998/MemoryBench/output/personal_health_dashboard_assistant/simplemem",
    "data_dir": "/common/home/mg1998/MemoryBench/runs/simplemem/personal_health_dashboard_assistant"
  }
}