{
  "task_name": "personal_health_dashboard_assistant_open",
  "model_name": "gpt_4_1_nano",
  "model_path": "gpt-4.1-nano",
  "method_name": "mma",
  "base_method_name": "mma",
  "method_modality": "",
  "mode": "open",
  "num_qas": 51,
  "num_qas_run": 51,
  "dialog_json": "/common/home/mg1998/.cache/memeye_hf/MemEye/data/dialog/Personal_Health_Dashboard_Assistant_Open.json",
  "image_root": "/common/home/mg1998/.cache/memeye_hf/MemEye/data/image",
  "run_dir": "/common/home/mg1998/MemoryBench/Benchmark_Pipeline/runs/personal_health_dashboard_assistant_open/20260424_185206_gpt_4_1_nano_mma",
  "git_commit": "658ab1743219fa7a98e5672df9c7253b6b5b5e6d",
  "summary": {
    "open_count": 51,
    "overall": {
      "em": 0.0,
      "contains_gt": 0.1568627450980392,
      "f1": 0.07904746544028513,
      "bleu": 0.018612275340844635,
      "bleu_1": 0.04385593752964706,
      "bleu_2": 0.030007445732040804,
      "judge": 0.14705882352941177
    },
    "by_x": {
      "X4": {
        "em": 0.0,
        "contains_gt": 0.18181818181818182,
        "f1": 0.07173015045017006,
        "bleu": 0.01785926140556717,
        "bleu_1": 0.04163388430113853,
        "bleu_2": 0.028538413649431393,
        "judge": 0.11363636363636363
      },
      "X3": {
        "em": 0.0,
        "contains_gt": 0.0,
        "f1": 0.0,
        "bleu": 0.0,
        "bleu_1": 0.0,
        "bleu_2": 0.0,
        "judge": 0.0
      },
      "X1": {
        "em": 0.0,
        "contains_gt": 0.0,
        "f1": 0.2917647058823529,
        "bleu": 0.05447284684604028,
        "bleu_1": 0.1349206349206349,
        "bleu_2": 0.09156317725303319,
        "judge": 0.8333333333333334
      }
    },
    "by_y": {
      "Y2": {
        "em": 0.0,
        "contains_gt": 0.1590909090909091,
        "f1": 0.060717379282660015,
        "bleu": 0.015241079223067364,
        "bleu_1": 0.03531199239296999,
        "bleu_2": 0.02449332271084214,
        "judge": 0.09090909090909091
      },
      "Y3": {
        "em": 0.0,
        "contains_gt": 0.16666666666666666,
        "f1": 0.18742698856174034,
        "bleu": 0.04359756175507885,
        "bleu_1": 0.09993196923133117,
        "bleu_2": 0.07085823982147794,
        "judge": 0.5
      },
      "Y1": {
        "em": 0.0,
        "contains_gt": 0.0,
        "f1": 0.23529411764705882,
        "bleu": 0.017033186037639283,
        "bleu_1": 0.08333333333333333,
        "bleu_2": 0.027524094128159027,
        "judge": 0.5
      }
    },
    "by_cell": {
      "X4_Y2": {
        "em": 0.0,
        "contains_gt": 0.175,
        "f1": 0.06678911721092602,
        "bleu": 0.016765187145374102,
        "bleu_1": 0.038843191632266995,
        "bleu_2": 0.026942654981926356,
        "judge": 0.1
      },
      "X4_Y3": {
        "em": 0.0,
        "contains_gt": 0.25,
        "f1": 0.1211404828426105,
        "bleu": 0.028800004007497885,
        "bleu_1": 0.0695408109898539,
        "bleu_2": 0.04449600032448178,
        "judge": 0.25
      },
      "X3_Y2": {
        "em": 0.0,
        "contains_gt": 0.0,
        "f1": 0.0,
        "bleu": 0.0,
        "bleu_1": 0.0,
        "bleu_2": 0.0,
        "judge": 0.0
      },
      "X1_Y3": {
        "em": 0.0,
        "contains_gt": 0.0,
        "f1": 0.32,
        "bleu": 0.07319267725024078,
        "bleu_1": 0.1607142857142857,
        "bleu_2": 0.12358271881547027,
        "judge": 1.0
      },
      "X1_Y1": {
        "em": 0.0,
        "contains_gt": 0.0,
        "f1": 0.23529411764705882,
        "bleu": 0.017033186037639283,
        "bleu_1": 0.08333333333333333,
        "bleu_2": 0.027524094128159027,
        "judge": 0.5
      }
    }
  },
  "judge": {
    "enabled": true,
    "model": "gpt-5.2",
    "scored_open_rows": 51
  }
}
