{
  "task_name": "home_renovation_interior_design",
  "model_name": "gpt_4_1_nano",
  "model_path": "gpt-4.1-nano",
  "method_name": "m2a_lite",
  "mode": "open",
  "num_qas": 30,
  "num_qas_run": 30,
  "dialog_json": "/common/home/mg1998/.cache/memeye_hf/MemEye/data/dialog/Home_Renovation_Interior_Design.json",
  "image_root": "/common/home/mg1998/.cache/memeye_hf/MemEye/data/image",
  "run_dir": "/common/home/mg1998/MemoryBench/Benchmark_Pipeline/runs/home_renovation_interior_design/20260322_222252_gpt_4_1_nano_m2a_lite",
  "git_commit": "e73b45ce3934f16cdff09951c72a63718e3e5fc3",
  "summary": {
    "open_count": 30,
    "open_exact_rate": 0.2,
    "open_contains_rate": 0.26666666666666666,
    "open_f1_avg": 0.5228142194335885,
    "open_bleu_1_avg": 0.3877698371714528,
    "open_bleu_2_avg": 0.3011474275697391,
    "point_metrics": {
      "X1|Y1": {
        "open_exact_rate": 0.4444444444444444,
        "open_contains_rate": 0.4444444444444444,
        "open_f1_avg": 0.6151368760064412,
        "open_bleu_1_avg": 0.5779125305005306,
        "open_bleu_2_avg": 0.5382836416777319
      },
      "X3|Y2": {
        "open_exact_rate": 0.0,
        "open_contains_rate": 0.0,
        "open_f1_avg": 0.2666666666666667,
        "open_bleu_1_avg": 0.004086771438464067,
        "open_bleu_2_avg": 0.004086771438464067
      },
      "X3+X4|Y2": {
        "open_exact_rate": 0.0,
        "open_contains_rate": 0.0,
        "open_f1_avg": 0.33333333333333337,
        "open_bleu_1_avg": 0.01831563888873418,
        "open_bleu_2_avg": 0.01831563888873418
      },
      "X2|Y1": {
        "open_exact_rate": 0.0,
        "open_contains_rate": 0.0,
        "open_f1_avg": 0.5333333333333333,
        "open_bleu_1_avg": 0.20883325476965314,
        "open_bleu_2_avg": 0.08306038110651597
      },
      "X3|Y1": {
        "open_exact_rate": 0.2,
        "open_contains_rate": 0.4,
        "open_f1_avg": 0.6228715728715729,
        "open_bleu_1_avg": 0.47775734516099905,
        "open_bleu_2_avg": 0.436134754695785
      },
      "X0|Y3": {
        "open_exact_rate": 1.0,
        "open_contains_rate": 1.0,
        "open_f1_avg": 1.0,
        "open_bleu_1_avg": 1.0,
        "open_bleu_2_avg": 0.316227766016838
      },
      "X4|Y3": {
        "open_exact_rate": 0.0,
        "open_contains_rate": 0.5,
        "open_f1_avg": 0.2969187675070028,
        "open_bleu_1_avg": 0.23958333333333334,
        "open_bleu_2_avg": 0.12552260826520723
      },
      "X1|Y2": {
        "open_exact_rate": 0.0,
        "open_contains_rate": 0.0,
        "open_f1_avg": 0.3125,
        "open_bleu_1_avg": 0.08458455202288294,
        "open_bleu_2_avg": 0.07004266344407181
      },
      "X4|Y2": {
        "open_exact_rate": 0.0,
        "open_contains_rate": 0.0,
        "open_f1_avg": 0.44828469022017403,
        "open_bleu_1_avg": 0.2741483641610451,
        "open_bleu_2_avg": 0.16805177852633468
      },
      "X3+X4|Y1": {
        "open_exact_rate": 0.0,
        "open_contains_rate": 0.0,
        "open_f1_avg": 0.6,
        "open_bleu_1_avg": 0.45489799478447507,
        "open_bleu_2_avg": 0.19853376138890322
      },
      "X0+X4|Y3": {
        "open_exact_rate": 0.0,
        "open_contains_rate": 0.0,
        "open_f1_avg": 0.4186433063791554,
        "open_bleu_1_avg": 0.24221761005189257,
        "open_bleu_2_avg": 0.15701595943991048
      },
      "X1|Y3": {
        "open_exact_rate": 0.0,
        "open_contains_rate": 0.0,
        "open_f1_avg": 0.35416666666666663,
        "open_bleu_1_avg": 0.15471396150775762,
        "open_bleu_2_avg": 0.08883613161040171
      }
    },
    "x_metrics": {
      "X1": {
        "open_exact_rate": 0.3333333333333333,
        "open_contains_rate": 0.3333333333333333,
        "open_f1_avg": 0.5464221014492753,
        "open_bleu_1_avg": 0.46626877079526446,
        "open_bleu_2_avg": 0.4243556418137053
      },
      "X3": {
        "open_exact_rate": 0.125,
        "open_contains_rate": 0.25,
        "open_f1_avg": 0.5392947330447331,
        "open_bleu_1_avg": 0.3582608913645836,
        "open_bleu_2_avg": 0.3002012431493783
      },
      "X4": {
        "open_exact_rate": 0.0,
        "open_contains_rate": 0.1111111111111111,
        "open_f1_avg": 0.4088522408805726,
        "open_bleu_1_avg": 0.24748109542418265,
        "open_bleu_2_avg": 0.14167178357560586
      },
      "X2": {
        "open_exact_rate": 0.0,
        "open_contains_rate": 0.0,
        "open_f1_avg": 0.5333333333333333,
        "open_bleu_1_avg": 0.20883325476965314,
        "open_bleu_2_avg": 0.08306038110651597
      },
      "X0": {
        "open_exact_rate": 0.25,
        "open_contains_rate": 0.25,
        "open_f1_avg": 0.5639824797843666,
        "open_bleu_1_avg": 0.4316632075389194,
        "open_bleu_2_avg": 0.19681891108414235
      }
    },
    "y_metrics": {
      "Y1": {
        "open_exact_rate": 0.29411764705882354,
        "open_contains_rate": 0.35294117647058826,
        "open_f1_avg": 0.6068974361813236,
        "open_bleu_1_avg": 0.497797882625503,
        "open_bleu_2_avg": 0.4346988865988498
      },
      "Y2": {
        "open_exact_rate": 0.0,
        "open_contains_rate": 0.0,
        "open_f1_avg": 0.36181387608806964,
        "open_bleu_1_avg": 0.13105673813443428,
        "open_bleu_2_avg": 0.08570972616478789
      },
      "Y3": {
        "open_exact_rate": 0.125,
        "open_contains_rate": 0.25,
        "open_f1_avg": 0.4447625984356007,
        "open_bleu_1_avg": 0.31440592747973245,
        "open_bleu_2_avg": 0.1519991405109734
      }
    }
  }
}