{
  "task_name": "card_playlog_test",
  "model_name": "gpt_4_1_nano",
  "model_path": "gpt-4.1-nano",
  "method_name": "clue_only_context__multimodal",
  "base_method_name": "clue_only_context",
  "method_modality": "multimodal",
  "mode": "mcq",
  "num_qas": 48,
  "num_qas_run": 48,
  "dialog_json": "/common/home/mg1998/MemoryBench/Benchmark_Pipeline/data/dialog/Card_Playlog_Test.json",
  "image_root": "/common/home/mg1998/MemoryBench/Benchmark_Pipeline/data/image",
  "run_dir": "/common/home/mg1998/MemoryBench/Benchmark_Pipeline/runs/card_playlog_test/20260422_115216_gpt_4_1_nano_clue_only_context__multimodal",
  "git_commit": "d2f4f8977d4f5eed60bc84b41f08e49698c60c48",
  "summary": {
    "open_count": 48,
    "overall": {
      "em": 0.3333333333333333,
      "contains_gt": 0.3333333333333333,
      "f1": 0.3333333333333333
    },
    "by_x": {
      "X4": {
        "em": 0.3333333333333333,
        "contains_gt": 0.3333333333333333,
        "f1": 0.3333333333333333
      }
    },
    "by_y": {
      "Y3": {
        "em": 0.15789473684210525,
        "contains_gt": 0.15789473684210525,
        "f1": 0.15789473684210525
      },
      "Y2": {
        "em": 0.4482758620689655,
        "contains_gt": 0.4482758620689655,
        "f1": 0.4482758620689655
      }
    },
    "by_cell": {
      "X4_Y3": {
        "em": 0.15789473684210525,
        "contains_gt": 0.15789473684210525,
        "f1": 0.15789473684210525
      },
      "X4_Y2": {
        "em": 0.4482758620689655,
        "contains_gt": 0.4482758620689655,
        "f1": 0.4482758620689655
      }
    },
    "mcq_count": 48,
    "mcq_valid_rate": 1.0,
    "mcq_overall": {
      "em": 0.3333333333333333,
      "contains_gt": 0.3333333333333333,
      "f1": 0.3333333333333333
    }
  },
  "method_runtime": {
    "method_modality": "multimodal",
    "history_source": "clue_only",
    "captions_loaded": false,
    "images_loaded": true,
    "history_turns_after_truncation": 2
  }
}