{
  "task_name": "multi_scene_visual_case_archive_assistant",
  "model_name": "gpt_4_1_nano",
  "model_path": "gpt-4.1-nano",
  "method_name": "clue_only_context__multimodal",
  "base_method_name": "clue_only_context",
  "method_modality": "multimodal",
  "mode": "mcq",
  "num_qas": 59,
  "num_qas_run": 59,
  "dialog_json": "/common/home/mg1998/MemoryBench/Benchmark_Pipeline/data/dialog/Multi-Scene_Visual_Case_Archive_Assistant.json",
  "image_root": "/common/home/mg1998/MemoryBench/Benchmark_Pipeline/data/image",
  "run_dir": "/common/home/mg1998/MemoryBench/Benchmark_Pipeline/runs/multi_scene_visual_case_archive_assistant/20260422_115932_gpt_4_1_nano_clue_only_context__multimodal",
  "git_commit": "d2f4f8977d4f5eed60bc84b41f08e49698c60c48",
  "summary": {
    "open_count": 59,
    "overall": {
      "em": 0.2711864406779661,
      "contains_gt": 0.2711864406779661,
      "f1": 0.2711864406779661
    },
    "by_x": {
      "X4": {
        "em": 0.7142857142857143,
        "contains_gt": 0.7142857142857143,
        "f1": 0.7142857142857143
      },
      "X2": {
        "em": 0.4444444444444444,
        "contains_gt": 0.4444444444444444,
        "f1": 0.4444444444444444
      },
      "X3": {
        "em": 0.16279069767441862,
        "contains_gt": 0.16279069767441862,
        "f1": 0.16279069767441862
      }
    },
    "by_y": {
      "Y2": {
        "em": 0.4,
        "contains_gt": 0.4,
        "f1": 0.4
      },
      "Y3": {
        "em": 0.6153846153846154,
        "contains_gt": 0.6153846153846154,
        "f1": 0.6153846153846154
      },
      "Y1": {
        "em": 0.1111111111111111,
        "contains_gt": 0.1111111111111111,
        "f1": 0.1111111111111111
      }
    },
    "by_cell": {
      "X4_Y2": {
        "em": 0.6,
        "contains_gt": 0.6,
        "f1": 0.6
      },
      "X2_Y2": {
        "em": 0.3333333333333333,
        "contains_gt": 0.3333333333333333,
        "f1": 0.3333333333333333
      },
      "X3_Y3": {
        "em": 0.6,
        "contains_gt": 0.6,
        "f1": 0.6
      },
      "X2_Y3": {
        "em": 0.5,
        "contains_gt": 0.5,
        "f1": 0.5
      },
      "X3_Y1": {
        "em": 0.1111111111111111,
        "contains_gt": 0.1111111111111111,
        "f1": 0.1111111111111111
      },
      "X3_Y2": {
        "em": 0.0,
        "contains_gt": 0.0,
        "f1": 0.0
      },
      "X4_Y3": {
        "em": 1.0,
        "contains_gt": 1.0,
        "f1": 1.0
      }
    },
    "mcq_count": 59,
    "mcq_valid_rate": 1.0,
    "mcq_overall": {
      "em": 0.2711864406779661,
      "contains_gt": 0.2711864406779661,
      "f1": 0.2711864406779661
    }
  },
  "method_runtime": {
    "method_modality": "multimodal",
    "history_source": "clue_only",
    "captions_loaded": false,
    "images_loaded": true,
    "history_turns_after_truncation": 6
  }
}