{
  "task_name": "brand_memory_test",
  "model_name": "gpt_4_1_nano",
  "model_path": "gpt-4.1-nano",
  "method_name": "evermemos",
  "base_method_name": "evermemos",
  "method_modality": "",
  "mode": "mcq",
  "num_qas": 33,
  "num_qas_run": 33,
  "dialog_json": "/Users/qingyuejiao/Desktop/MemoryBench/Benchmark_Pipeline/data/dialog/Brand_Memory_Test.json",
  "image_root": "/Users/qingyuejiao/Desktop/MemoryBench/Benchmark_Pipeline/data/image",
  "run_dir": "/Users/qingyuejiao/Desktop/MemoryBench/Benchmark_Pipeline/runs/brand_memory_test/20260419_215913_gpt_4_1_nano_evermemos",
  "git_commit": "2ede73a357fc683261e8335004aafee97dabd948",
  "summary": {
    "open_count": 33,
    "overall": {
      "em": 0.2727272727272727,
      "contains_gt": 0.2727272727272727,
      "f1": 0.2727272727272727
    },
    "by_x": {
      "X2": {
        "em": 0.5555555555555556,
        "contains_gt": 0.5555555555555556,
        "f1": 0.5555555555555556
      },
      "X4": {
        "em": 0.0,
        "contains_gt": 0.0,
        "f1": 0.0
      },
      "X1": {
        "em": 0.18181818181818182,
        "contains_gt": 0.18181818181818182,
        "f1": 0.18181818181818182
      }
    },
    "by_y": {
      "Y1": {
        "em": 0.3333333333333333,
        "contains_gt": 0.3333333333333333,
        "f1": 0.3333333333333333
      },
      "Y2": {
        "em": 0.26666666666666666,
        "contains_gt": 0.26666666666666666,
        "f1": 0.26666666666666666
      }
    },
    "by_cell": {
      "X2_Y1": {
        "em": 1.0,
        "contains_gt": 1.0,
        "f1": 1.0
      },
      "X4_Y1": {
        "em": 0.0,
        "contains_gt": 0.0,
        "f1": 0.0
      },
      "X2_Y2": {
        "em": 0.5,
        "contains_gt": 0.5,
        "f1": 0.5
      },
      "X1_Y2": {
        "em": 0.19047619047619047,
        "contains_gt": 0.19047619047619047,
        "f1": 0.19047619047619047
      },
      "X4_Y2": {
        "em": 0.0,
        "contains_gt": 0.0,
        "f1": 0.0
      },
      "X1_Y1": {
        "em": 0.0,
        "contains_gt": 0.0,
        "f1": 0.0
      }
    },
    "mcq_count": 33,
    "mcq_valid_rate": 1.0,
    "mcq_overall": {
      "em": 0.2727272727272727,
      "contains_gt": 0.2727272727272727,
      "f1": 0.2727272727272727
    }
  },
  "method_runtime": {
    "method_modality": "text_only",
    "num_memories": 144,
    "debug_dir": "/Users/qingyuejiao/Desktop/MemoryBench/Benchmark_Pipeline/runs/brand_memory_test/evermemos/ec482ae4f099cb6a",
    "runtime_dir": "/Users/qingyuejiao/Desktop/MemoryBench/Benchmark_Pipeline/runs/brand_memory_test/evermemos/ec482ae4f099cb6a",
    "runtime_signature": "ec482ae4f099cb6a",
    "internal_llm_model": "gpt-4.1-nano",
    "answer_model": "gpt-4.1-nano"
  }
}