{
  "task_name": "home_renovation_interior_design",
  "model_name": "gpt_4_1_nano",
  "model_path": "gpt-4.1-nano",
  "method_name": "memgpt",
  "base_method_name": "memgpt",
  "method_modality": "",
  "mode": "mcq",
  "num_qas": 65,
  "num_qas_run": 65,
  "dialog_json": "/Users/qingyuejiao/Desktop/MemoryBench/Benchmark_Pipeline/data/dialog/Home_Renovation_Interior_Design.json",
  "image_root": "/Users/qingyuejiao/Desktop/MemoryBench/Benchmark_Pipeline/data/image",
  "run_dir": "/Users/qingyuejiao/Desktop/MemoryBench/Benchmark_Pipeline/runs/home_renovation_interior_design/20260420_144658_gpt_4_1_nano_memgpt",
  "git_commit": "1f877fec7f6f1b343118433dbd5768a8ca8941e0",
  "summary": {
    "open_count": 65,
    "overall": {
      "em": 0.46153846153846156,
      "contains_gt": 0.46153846153846156,
      "f1": 0.46153846153846156
    },
    "by_x": {
      "X4": {
        "em": 0.25,
        "contains_gt": 0.25,
        "f1": 0.25
      },
      "X3": {
        "em": 0.3953488372093023,
        "contains_gt": 0.3953488372093023,
        "f1": 0.3953488372093023
      },
      "X2": {
        "em": 0.7692307692307693,
        "contains_gt": 0.7692307692307693,
        "f1": 0.7692307692307693
      },
      "X1": {
        "em": 1.0,
        "contains_gt": 1.0,
        "f1": 1.0
      }
    },
    "by_y": {
      "Y2": {
        "em": 0.5,
        "contains_gt": 0.5,
        "f1": 0.5
      },
      "Y1": {
        "em": 0.4222222222222222,
        "contains_gt": 0.4222222222222222,
        "f1": 0.4222222222222222
      },
      "Y3": {
        "em": 0.75,
        "contains_gt": 0.75,
        "f1": 0.75
      }
    },
    "by_cell": {
      "X4_Y2": {
        "em": 0.0,
        "contains_gt": 0.0,
        "f1": 0.0
      },
      "X3_Y2": {
        "em": 0.5,
        "contains_gt": 0.5,
        "f1": 0.5
      },
      "X3_Y1": {
        "em": 0.3783783783783784,
        "contains_gt": 0.3783783783783784,
        "f1": 0.3783783783783784
      },
      "X2_Y3": {
        "em": 1.0,
        "contains_gt": 1.0,
        "f1": 1.0
      },
      "X2_Y1": {
        "em": 1.0,
        "contains_gt": 1.0,
        "f1": 1.0
      },
      "X2_Y2": {
        "em": 0.625,
        "contains_gt": 0.625,
        "f1": 0.625
      },
      "X4_Y1": {
        "em": 0.4,
        "contains_gt": 0.4,
        "f1": 0.4
      },
      "X4_Y3": {
        "em": 0.0,
        "contains_gt": 0.0,
        "f1": 0.0
      },
      "X1_Y1": {
        "em": 1.0,
        "contains_gt": 1.0,
        "f1": 1.0
      }
    },
    "mcq_count": 65,
    "mcq_valid_rate": 1.0,
    "mcq_overall": {
      "em": 0.46153846153846156,
      "contains_gt": 0.46153846153846156,
      "f1": 0.46153846153846156
    }
  },
  "method_runtime": {
    "caption_validation_passed": true,
    "caption_validation_round_count": 89,
    "num_memories": 120,
    "debug_dir": "/Users/qingyuejiao/Desktop/MemoryBench/Benchmark_Pipeline/output/home_renovation_interior_design/memgpt",
    "memgpt_home": "/Users/qingyuejiao/Desktop/MemoryBench/Benchmark_Pipeline/runs/home_renovation_interior_design/memgpt_home",
    "model_name": "gpt-4.1-nano",
    "final_answer_formatter": "openai_json_schema",
    "final_answer_model": "gpt-4.1-nano",
    "last_memgpt_raw_prediction": "",
    "last_final_answer_prompt": "You are producing the final benchmark answer.\nUse the benchmark question and the MemGPT draft answer below.\nSelect exactly one option letter from: A, B, C, D.\nReturn the best final option even if the draft answer is verbose.\n\nBenchmark question:\nWhat type of room did Hannah show as the very first image on move-in day (D1)?\n\nA. A bathroom with marble-patterned tiles\nB. A bright, empty room with sliding glass doors opening to a balcony\nC. A finished kitchen with warm wood cabinets\nD. A furnished bedroom with accent pillows\n\nAnswer with ONLY the option letter (A, B, C, D). Do not explain.\n\nMemGPT draft answer:\n[empty]"
  }
}