{
  "task_name": "home_renovation_interior_design_open",
  "model_name": "gpt_4_1_nano",
  "model_path": "gpt-4.1-nano",
  "method_name": "m2a",
  "base_method_name": "m2a",
  "method_modality": "",
  "mode": "open",
  "num_qas": 52,
  "num_qas_run": 52,
  "dialog_json": "/common/home/mg1998/.cache/memeye_hf/MemEye/data/dialog/Home_Renovation_Interior_Design_Open.json",
  "image_root": "/common/home/mg1998/.cache/memeye_hf/MemEye/data/image",
  "run_dir": "/common/home/mg1998/MemoryBench/Benchmark_Pipeline/runs/home_renovation_interior_design_open/20260424_193646_gpt_4_1_nano_m2a",
  "git_commit": "658ab1743219fa7a98e5672df9c7253b6b5b5e6d",
  "summary": {
    "open_count": 52,
    "overall": {
      "em": 0.0,
      "contains_gt": 0.019230769230769232,
      "f1": 0.08397837330551128,
      "bleu": 0.008060143881638799,
      "bleu_1": 0.04908615172702221,
      "bleu_2": 0.020226042015582084,
      "judge": 0.08653846153846154
    },
    "by_x": {
      "X4": {
        "em": 0.0,
        "contains_gt": 0.0,
        "f1": 0.046757518796992484,
        "bleu": 0.005223313932686366,
        "bleu_1": 0.027242097806613935,
        "bleu_2": 0.011984272841727893,
        "judge": 0.125
      },
      "X3": {
        "em": 0.0,
        "contains_gt": 0.027777777777777776,
        "f1": 0.0935973843968621,
        "bleu": 0.00855402706214259,
        "bleu_1": 0.055091841803860286,
        "bleu_2": 0.023362725124808057,
        "judge": 0.08333333333333333
      },
      "X2": {
        "em": 0.0,
        "contains_gt": 0.0,
        "f1": 0.07662184306921149,
        "bleu": 0.00769412435054758,
        "bleu_1": 0.03918767507002801,
        "bleu_2": 0.012786201915180508,
        "judge": 0.07142857142857142
      },
      "X1": {
        "em": 0.0,
        "contains_gt": 0.0,
        "f1": 0.08695652173913043,
        "bleu": 0.01553712569276035,
        "bleu_1": 0.07692307692307693,
        "bleu_2": 0.025318484177091663,
        "judge": 0.0
      }
    },
    "by_y": {
      "Y2": {
        "em": 0.0,
        "contains_gt": 0.0,
        "f1": 0.06592133235439872,
        "bleu": 0.005414340818958637,
        "bleu_1": 0.035693406992426596,
        "bleu_2": 0.009746089651315461,
        "judge": 0.041666666666666664
      },
      "Y1": {
        "em": 0.0,
        "contains_gt": 0.02564102564102564,
        "f1": 0.09168767752907185,
        "bleu": 0.009080907487633691,
        "bleu_1": 0.054465615535795785,
        "bleu_2": 0.023969259204986743,
        "judge": 0.10256410256410256
      },
      "Y3": {
        "em": 0.0,
        "contains_gt": 0.0,
        "f1": 0.0,
        "bleu": 0.0,
        "bleu_1": 0.0,
        "bleu_2": 0.0,
        "judge": 0.0
      }
    },
    "by_cell": {
      "X4_Y2": {
        "em": 0.0,
        "contains_gt": 0.0,
        "f1": 0.02857142857142857,
        "bleu": 0.0034901807086831905,
        "bleu_1": 0.018518518518518517,
        "bleu_2": 0.00596762395032861,
        "judge": 0.0
      },
      "X3_Y2": {
        "em": 0.0,
        "contains_gt": 0.0,
        "f1": 0.0720120459250894,
        "bleu": 0.0043760055054877945,
        "bleu_1": 0.04182539682539683,
        "bleu_2": 0.009081932915685391,
        "judge": 0.1
      },
      "X3_Y1": {
        "em": 0.0,
        "contains_gt": 0.03225806451612903,
        "f1": 0.09707889060198674,
        "bleu": 0.00922790150676433,
        "bleu_1": 0.057231590993935044,
        "bleu_2": 0.025666078706924618,
        "judge": 0.08064516129032258
      },
      "X2_Y1": {
        "em": 0.0,
        "contains_gt": 0.0,
        "f1": 0.08125,
        "bleu": 0.008873584785567382,
        "bleu_1": 0.046078431372549015,
        "bleu_2": 0.014947625034781104,
        "judge": 0.25
      },
      "X2_Y2": {
        "em": 0.0,
        "contains_gt": 0.0,
        "f1": 0.07477058029689608,
        "bleu": 0.007222340176539659,
        "bleu_1": 0.036431372549019604,
        "bleu_2": 0.01192163266734027,
        "judge": 0.0
      },
      "X4_Y1": {
        "em": 0.0,
        "contains_gt": 0.0,
        "f1": 0.06338345864661654,
        "bleu": 0.00696123000882491,
        "bleu_1": 0.03617994908317489,
        "bleu_2": 0.016787786966633186,
        "judge": 0.2
      },
      "X4_Y3": {
        "em": 0.0,
        "contains_gt": 0.0,
        "f1": 0.0,
        "bleu": 0.0,
        "bleu_1": 0.0,
        "bleu_2": 0.0,
        "judge": 0.0
      },
      "X1_Y1": {
        "em": 0.0,
        "contains_gt": 0.0,
        "f1": 0.08695652173913043,
        "bleu": 0.01553712569276035,
        "bleu_1": 0.07692307692307693,
        "bleu_2": 0.025318484177091663,
        "judge": 0.0
      }
    }
  },
  "judge": {
    "enabled": true,
    "model": "gpt-5.2",
    "scored_open_rows": 52
  }
}