{
  "task_name": "social_chat_memory_test_open",
  "model_name": "gpt_5_1_mini",
  "model_path": "gpt-5.1-mini",
  "method_name": "m2a",
  "base_method_name": "m2a",
  "method_modality": "",
  "mode": "open",
  "num_qas": 37,
  "num_qas_run": 37,
  "dialog_json": "/common/home/mg1998/.cache/memeye_hf/MemEye/data/dialog/Social_Chat_Memory_Test_Open.json",
  "image_root": "/common/home/mg1998/.cache/memeye_hf/MemEye/data/image",
  "run_dir": "/common/home/mg1998/MemoryBench/Benchmark_Pipeline/runs/social_chat_memory_test_open/20260425_080752_gpt_5_1_mini_m2a",
  "git_commit": "b6a188308ff7c48ebcc509618341807cfdaa773c",
  "summary": {
    "open_count": 37,
    "overall": {
      "em": 0.0,
      "contains_gt": 0.0,
      "f1": 0.1461426231074567,
      "bleu": 0.04311481228902979,
      "bleu_1": 0.10308440953657998,
      "bleu_2": 0.0693853890001414,
      "judge": 0.10810810810810811
    },
    "by_x": {
      "X2": {
        "em": 0.0,
        "contains_gt": 0.0,
        "f1": 0.15331851169493357,
        "bleu": 0.05144017693479149,
        "bleu_1": 0.11296536788476552,
        "bleu_2": 0.07963710393966329,
        "judge": 0.13793103448275862
      },
      "X1": {
        "em": 0.0,
        "contains_gt": 0.0,
        "f1": 0.11663492063492063,
        "bleu": 0.011544477586321288,
        "bleu_1": 0.06207227555053642,
        "bleu_2": 0.02723826733286797,
        "judge": 0.0
      },
      "X3": {
        "em": 0.0,
        "contains_gt": 0.0,
        "f1": 0.14347826086956522,
        "bleu": 0.016729924682539372,
        "bleu_1": 0.08263305322128851,
        "bleu_2": 0.05058981378373181,
        "judge": 0.0
      },
      "X4": {
        "em": 0.0,
        "contains_gt": 0.0,
        "f1": 0.09090909090909091,
        "bleu": 0.012300686288463768,
        "bleu_1": 0.0625,
        "bleu_2": 0.02041241452319315,
        "judge": 0.0
      }
    },
    "by_y": {
      "Y2": {
        "em": 0.0,
        "contains_gt": 0.0,
        "f1": 0.15006986141692685,
        "bleu": 0.057486350948715174,
        "bleu_1": 0.10783840821837085,
        "bleu_2": 0.08356193624251132,
        "judge": 0.08
      },
      "Y3": {
        "em": 0.0,
        "contains_gt": 0.0,
        "f1": 0.13654393889688007,
        "bleu": 0.009794727396449536,
        "bleu_1": 0.09031149192249584,
        "bleu_2": 0.029319842352706366,
        "judge": 0.25
      },
      "Y1": {
        "em": 0.0,
        "contains_gt": 0.0,
        "f1": 0.1393778143619077,
        "bleu": 0.016553486099587615,
        "bleu_1": 0.09604899930986888,
        "bleu_2": 0.050381988804368505,
        "judge": 0.08333333333333333
      }
    },
    "by_cell": {
      "X2_Y2": {
        "em": 0.0,
        "contains_gt": 0.0,
        "f1": 0.1573107929324582,
        "bleu": 0.06366057553322278,
        "bleu_1": 0.11435514302889735,
        "bleu_2": 0.09013121358946978,
        "judge": 0.09090909090909091
      },
      "X2_Y3": {
        "em": 0.0,
        "contains_gt": 0.0,
        "f1": 0.12068892421833598,
        "bleu": 0.010642409385617602,
        "bleu_1": 0.09553217294867881,
        "bleu_2": 0.03571820925431537,
        "judge": 0.375
      },
      "X2_Y1": {
        "em": 0.0,
        "contains_gt": 0.0,
        "f1": 0.16754789925521635,
        "bleu": 0.016220943945193862,
        "bleu_1": 0.12601794340924777,
        "bleu_2": 0.0612388260882129,
        "judge": 0.16666666666666666
      },
      "X1_Y1": {
        "em": 0.0,
        "contains_gt": 0.0,
        "f1": 0.12333333333333332,
        "bleu": 0.020761830547689812,
        "bleu_1": 0.07531055900621117,
        "bleu_2": 0.05157255978268156,
        "judge": 0.0
      },
      "X1_Y2": {
        "em": 0.0,
        "contains_gt": 0.0,
        "f1": 0.0,
        "bleu": 0.0,
        "bleu_1": 0.0,
        "bleu_2": 0.0,
        "judge": 0.0
      },
      "X3_Y1": {
        "em": 0.0,
        "contains_gt": 0.0,
        "f1": 0.08695652173913042,
        "bleu": 0.00913442366656447,
        "bleu_1": 0.047619047619047616,
        "bleu_2": 0.01543033499620919,
        "judge": 0.0
      },
      "X3_Y2": {
        "em": 0.0,
        "contains_gt": 0.0,
        "f1": 0.2,
        "bleu": 0.02432542569851428,
        "bleu_1": 0.11764705882352941,
        "bleu_2": 0.08574929257125444,
        "judge": 0.0
      },
      "X4_Y2": {
        "em": 0.0,
        "contains_gt": 0.0,
        "f1": 0.09090909090909091,
        "bleu": 0.012300686288463768,
        "bleu_1": 0.0625,
        "bleu_2": 0.02041241452319315,
        "judge": 0.0
      },
      "X1_Y3": {
        "em": 0.0,
        "contains_gt": 0.0,
        "f1": 0.16825396825396827,
        "bleu": 0.008099363418113403,
        "bleu_1": 0.07987012987012987,
        "bleu_2": 0.01652310854948836,
        "judge": 0.0
      }
    }
  },
  "judge": {
    "enabled": true,
    "model": "gpt-5.2",
    "scored_open_rows": 37
  }
}