{
  "task_name": "personal_health_dashboard_assistant_open",
  "model_name": "gpt_4_1_nano",
  "model_path": "gpt-4.1-nano",
  "method_name": "mma",
  "base_method_name": "mma",
  "method_modality": "",
  "mode": "open",
  "num_qas": 63,
  "num_qas_run": 63,
  "dialog_json": "/common/home/mg1998/.cache/memeye_hf/MemEye/data/dialog/Personal_Health_Dashboard_Assistant_Open.json",
  "image_root": "/common/home/mg1998/.cache/memeye_hf/MemEye/data/image",
  "run_dir": "/common/home/mg1998/MemoryBench/Benchmark_Pipeline/runs/personal_health_dashboard_assistant_open/20260420_195423_gpt_4_1_nano_mma",
  "git_commit": "e3df13f29ca74b06578be06696cb2ed6310a339b",
  "summary": {
    "open_count": 63,
    "overall": {
      "em": 0.0,
      "contains_gt": 0.2222222222222222,
      "f1": 0.09793484062021833,
      "bleu": 0.022275854207707665,
      "bleu_1": 0.05724914622637705,
      "bleu_2": 0.039706912846016004
    },
    "by_x": {
      "X4": {
        "em": 0.0,
        "contains_gt": 0.23214285714285715,
        "f1": 0.09870085536161116,
        "bleu": 0.022271120060805123,
        "bleu_1": 0.05847706594252205,
        "bleu_2": 0.040425589949579455
      },
      "X3": {
        "em": 0.0,
        "contains_gt": 0.25,
        "f1": 0.029411764705882353,
        "bleu": 0.0030845355247127153,
        "bleu_1": 0.015625,
        "bleu_2": 0.011225331376673434
      },
      "X1": {
        "em": 0.0,
        "contains_gt": 0.0,
        "f1": 0.17500000000000002,
        "bleu": 0.04795264986054835,
        "bleu_1": 0.08982683982683982,
        "bleu_2": 0.06426704887195507
      }
    },
    "by_y": {
      "Y2": {
        "em": 0.0,
        "contains_gt": 0.2549019607843137,
        "f1": 0.09706659225652628,
        "bleu": 0.022299268383823626,
        "bleu_1": 0.05779681180774274,
        "bleu_2": 0.04113273530495565
      },
      "Y3": {
        "em": 0.0,
        "contains_gt": 0.09090909090909091,
        "f1": 0.09949988672644677,
        "bleu": 0.022478709862530047,
        "bleu_1": 0.05164997446888942,
        "bleu_2": 0.033964988571681294
      },
      "Y1": {
        "em": 0.0,
        "contains_gt": 0.0,
        "f1": 0.12500000000000003,
        "bleu": 0.018850319022747353,
        "bleu_1": 0.0909090909090909,
        "bleu_2": 0.03015113445777637
      }
    },
    "by_cell": {
      "X4_Y2": {
        "em": 0.0,
        "contains_gt": 0.2553191489361702,
        "f1": 0.10282444992041087,
        "bleu": 0.02393456479736498,
        "bleu_1": 0.06138590217435914,
        "bleu_2": 0.043678046277575405
      },
      "X4_Y3": {
        "em": 0.0,
        "contains_gt": 0.1111111111111111,
        "f1": 0.07716652822121273,
        "bleu": 0.013584241992103646,
        "bleu_1": 0.04328647673181723,
        "bleu_2": 0.023440540236711705
      },
      "X3_Y2": {
        "em": 0.0,
        "contains_gt": 0.25,
        "f1": 0.029411764705882353,
        "bleu": 0.0030845355247127153,
        "bleu_1": 0.015625,
        "bleu_2": 0.011225331376673434
      },
      "X1_Y3": {
        "em": 0.0,
        "contains_gt": 0.0,
        "f1": 0.2,
        "bleu": 0.06250381527944884,
        "bleu_1": 0.08928571428571429,
        "bleu_2": 0.08132500607904443
      },
      "X1_Y1": {
        "em": 0.0,
        "contains_gt": 0.0,
        "f1": 0.12500000000000003,
        "bleu": 0.018850319022747353,
        "bleu_1": 0.0909090909090909,
        "bleu_2": 0.03015113445777637
      }
    }
  }
}