{
  "task_name": "outdoor_navigation_route_memory_assistant_open",
  "model_name": "gpt_4_1_nano",
  "model_path": "gpt-4.1-nano",
  "method_name": "mma",
  "base_method_name": "mma",
  "method_modality": "",
  "mode": "open",
  "num_qas": 40,
  "num_qas_run": 40,
  "dialog_json": "/common/home/mg1998/.cache/memeye_hf/MemEye/data/dialog/Outdoor_Navigation_Route_Memory_Assistant_Open.json",
  "image_root": "/common/home/mg1998/.cache/memeye_hf/MemEye/data/image",
  "run_dir": "/common/home/mg1998/MemoryBench/Benchmark_Pipeline/runs/outdoor_navigation_route_memory_assistant_open/20260420_195125_gpt_4_1_nano_mma",
  "git_commit": "e3df13f29ca74b06578be06696cb2ed6310a339b",
  "summary": {
    "open_count": 40,
    "overall": {
      "em": 0.0,
      "contains_gt": 0.0,
      "f1": 0.09504712182911305,
      "bleu": 0.009735478085284186,
      "bleu_1": 0.05840377997080195,
      "bleu_2": 0.024197072338510116
    },
    "by_x": {
      "X3": {
        "em": 0.0,
        "contains_gt": 0.0,
        "f1": 0.09073480939134485,
        "bleu": 0.009255060987931062,
        "bleu_1": 0.055380913257982854,
        "bleu_2": 0.020725235977203892
      },
      "X1": {
        "em": 0.0,
        "contains_gt": 0.0,
        "f1": 0.09104938271604938,
        "bleu": 0.009043274101809003,
        "bleu_1": 0.060846560846560836,
        "bleu_2": 0.016335287058390147
      },
      "X4": {
        "em": 0.0,
        "contains_gt": 0.0,
        "f1": 0.10165945165945166,
        "bleu": 0.012386535225350782,
        "bleu_1": 0.05565527065527066,
        "bleu_2": 0.029767453132035195
      },
      "X2": {
        "em": 0.0,
        "contains_gt": 0.0,
        "f1": 0.11411992263056094,
        "bleu": 0.01009399566100957,
        "bleu_1": 0.07601010101010101,
        "bleu_2": 0.04209167906411063
      }
    },
    "by_y": {
      "Y2": {
        "em": 0.0,
        "contains_gt": 0.0,
        "f1": 0.07947569845867253,
        "bleu": 0.0077077416043924585,
        "bleu_1": 0.050155469960036524,
        "bleu_2": 0.018680892315402778
      },
      "Y1": {
        "em": 0.0,
        "contains_gt": 0.0,
        "f1": 0.125,
        "bleu": 0.01428363257865929,
        "bleu_1": 0.07142857142857141,
        "bleu_2": 0.023440361546924773
      },
      "Y3": {
        "em": 0.0,
        "contains_gt": 0.0,
        "f1": 0.12388590101838741,
        "bleu": 0.013441093009115713,
        "bleu_1": 0.07389849295711975,
        "bleu_2": 0.03528764090715444
      }
    },
    "by_cell": {
      "X3_Y2": {
        "em": 0.0,
        "contains_gt": 0.0,
        "f1": 0.06833383201583812,
        "bleu": 0.006682684660634642,
        "bleu_1": 0.04248171702347751,
        "bleu_2": 0.01239930499231465
      },
      "X1_Y1": {
        "em": 0.0,
        "contains_gt": 0.0,
        "f1": 0.125,
        "bleu": 0.01428363257865929,
        "bleu_1": 0.07142857142857141,
        "bleu_2": 0.023440361546924773
      },
      "X4_Y2": {
        "em": 0.0,
        "contains_gt": 0.0,
        "f1": 0.08333333333333334,
        "bleu": 0.009629943614188135,
        "bleu_1": 0.05000000000000001,
        "bleu_2": 0.01622214211307625
      },
      "X2_Y2": {
        "em": 0.0,
        "contains_gt": 0.0,
        "f1": 0.15989684074790458,
        "bleu": 0.014584091855351216,
        "bleu_1": 0.1064814814814815,
        "bleu_2": 0.06556544941882456
      },
      "X3_Y3": {
        "em": 0.0,
        "contains_gt": 0.0,
        "f1": 0.18929910984357445,
        "bleu": 0.020573516828035314,
        "bleu_1": 0.11213737668980636,
        "bleu_2": 0.057359332310716556
      },
      "X4_Y3": {
        "em": 0.0,
        "contains_gt": 0.0,
        "f1": 0.10624098124098125,
        "bleu": 0.013075683128141445,
        "bleu_1": 0.057069088319088315,
        "bleu_2": 0.03315378088677493
      },
      "X2_Y3": {
        "em": 0.0,
        "contains_gt": 0.0,
        "f1": 0.045454545454545456,
        "bleu": 0.0033588513694971,
        "bleu_1": 0.030303030303030307,
        "bleu_2": 0.006881023532039756
      },
      "X1_Y3": {
        "em": 0.0,
        "contains_gt": 0.0,
        "f1": 0.07407407407407407,
        "bleu": 0.00642309486338386,
        "bleu_1": 0.055555555555555546,
        "bleu_2": 0.012782749814122835
      }
    }
  }
}