{
  "task_name": "cartoon_entertainment_companion_open",
  "model_name": "gpt_4_1_nano",
  "model_path": "gpt-4.1-nano",
  "method_name": "reflexion",
  "base_method_name": "reflexion",
  "method_modality": "",
  "mode": "open",
  "num_qas": 76,
  "num_qas_run": 76,
  "dialog_json": "/Users/qingyuejiao/Desktop/MemoryBench/Benchmark_Pipeline/data/dialog/Cartoon_Entertainment_Companion_Open.json",
  "image_root": "/Users/qingyuejiao/Desktop/MemoryBench/Benchmark_Pipeline/data/image",
  "run_dir": "/Users/qingyuejiao/Desktop/MemoryBench/Benchmark_Pipeline/runs/cartoon_entertainment_companion_open/20260424_194712_gpt_4_1_nano_reflexion",
  "git_commit": "b24985b9af7b246db9e6e807768083d0acb8c78a",
  "summary": {
    "open_count": 76,
    "overall": {
      "em": 0.039473684210526314,
      "contains_gt": 0.06578947368421052,
      "f1": 0.2245373544658655,
      "bleu": 0.0644818011117763,
      "bleu_1": 0.17218066761002318,
      "bleu_2": 0.10941540081361063,
      "judge": 0.3026315789473684
    },
    "by_x": {
      "X2": {
        "em": 0.16666666666666666,
        "contains_gt": 0.16666666666666666,
        "f1": 0.2,
        "bleu": 0.034645070159657905,
        "bleu_1": 0.18686868686868688,
        "bleu_2": 0.06721109899911448,
        "judge": 0.3333333333333333
      },
      "X4": {
        "em": 0.041666666666666664,
        "contains_gt": 0.041666666666666664,
        "f1": 0.2028822650804075,
        "bleu": 0.07374916931249187,
        "bleu_1": 0.16413470358903795,
        "bleu_2": 0.12221034175956233,
        "judge": 0.22916666666666666
      },
      "X3": {
        "em": 0.0,
        "contains_gt": 0.0,
        "f1": 0.22258553666794526,
        "bleu": 0.04320518923985028,
        "bleu_1": 0.14673754255019275,
        "bleu_2": 0.08351223279820141,
        "judge": 0.25
      },
      "X1": {
        "em": 0.0625,
        "contains_gt": 0.1875,
        "f1": 0.26988115483985253,
        "bleu": 0.10166317017760865,
        "bleu_1": 0.22644746590668421,
        "bleu_2": 0.15461804260401144,
        "judge": 0.5
      }
    },
    "by_y": {
      "Y1": {
        "em": 0.06060606060606061,
        "contains_gt": 0.06060606060606061,
        "f1": 0.17628141992410867,
        "bleu": 0.0467369627151836,
        "bleu_1": 0.12436499571501174,
        "bleu_2": 0.06328982891478588,
        "judge": 0.25757575757575757
      },
      "Y2": {
        "em": 0.02631578947368421,
        "contains_gt": 0.07894736842105263,
        "f1": 0.2717771968838075,
        "bleu": 0.08615604080767043,
        "bleu_1": 0.2172980764580895,
        "bleu_2": 0.15453297941581595,
        "judge": 0.32894736842105265
      },
      "Y3": {
        "em": 0.0,
        "contains_gt": 0.0,
        "f1": 0.18400372006510113,
        "bleu": 0.01687351284049277,
        "bleu_1": 0.14487179487179486,
        "bleu_2": 0.07095057796909357,
        "judge": 0.4
      }
    },
    "by_cell": {
      "X2_Y1": {
        "em": 0.25,
        "contains_gt": 0.25,
        "f1": 0.25,
        "bleu": 0.04445698525097307,
        "bleu_1": 0.25,
        "bleu_2": 0.0790569415042095,
        "judge": 0.5
      },
      "X4_Y2": {
        "em": 0.0,
        "contains_gt": 0.0,
        "f1": 0.32551074656337814,
        "bleu": 0.0680770305696106,
        "bleu_1": 0.2573099415204678,
        "bleu_2": 0.17251381230865775,
        "judge": 0.4090909090909091
      },
      "X3_Y2": {
        "em": 0.0,
        "contains_gt": 0.0,
        "f1": 0.20962246682671726,
        "bleu": 0.062498297646385696,
        "bleu_1": 0.16588183186799105,
        "bleu_2": 0.11235978036395709,
        "judge": 0.17647058823529413
      },
      "X2_Y2": {
        "em": 0.0,
        "contains_gt": 0.0,
        "f1": 0.1,
        "bleu": 0.015021239977027567,
        "bleu_1": 0.060606060606060615,
        "bleu_2": 0.04351941398892446,
        "judge": 0.0
      },
      "X4_Y1": {
        "em": 0.08333333333333333,
        "contains_gt": 0.08333333333333333,
        "f1": 0.09757575757575758,
        "bleu": 0.08509439393617402,
        "bleu_1": 0.09240196078431373,
        "bleu_2": 0.08628302223618838,
        "judge": 0.08333333333333333
      },
      "X3_Y1": {
        "em": 0.0,
        "contains_gt": 0.0,
        "f1": 0.2395372433833972,
        "bleu": 0.01797573978515012,
        "bleu_1": 0.12170270267307194,
        "bleu_2": 0.04578851675067476,
        "judge": 0.34615384615384615
      },
      "X1_Y1": {
        "em": 0.0,
        "contains_gt": 0.0,
        "f1": 0.13309840065058282,
        "bleu": 0.0274186210390317,
        "bleu_1": 0.10327154860842183,
        "bleu_2": 0.03542240089451593,
        "judge": 0.25
      },
      "X1_Y2": {
        "em": 0.125,
        "contains_gt": 0.375,
        "f1": 0.3729166666666667,
        "bleu": 0.17907108431039345,
        "bleu_1": 0.3107142857142857,
        "bleu_2": 0.24718077353008144,
        "judge": 0.625
      },
      "X1_Y3": {
        "em": 0.0,
        "contains_gt": 0.0,
        "f1": 0.20059288537549408,
        "bleu": 0.021091891050615964,
        "bleu_1": 0.18108974358974358,
        "bleu_2": 0.08868822246136697,
        "judge": 0.5
      },
      "X4_Y3": {
        "em": 0.0,
        "contains_gt": 0.0,
        "f1": 0.11764705882352941,
        "bleu": 0.0,
        "bleu_1": 0.0,
        "bleu_2": 0.0,
        "judge": 0.0
      }
    }
  },
  "method_runtime": {
    "num_memories": 299,
    "debug_dir": "/Users/qingyuejiao/Desktop/MemoryBench/output/cartoon_entertainment_companion_open/reflexion"
  },
  "judge": {
    "enabled": true,
    "model": "gpt-5.2",
    "scored_open_rows": 76
  }
}
