{
  "task_name": "home_renovation_interior_design",
  "model_name": "gpt_4_1_nano",
  "model_path": "gpt-4.1-nano",
  "method_name": "gen_agents__text_only",
  "base_method_name": "gen_agents",
  "method_modality": "text_only",
  "mode": "mcq",
  "num_qas": 65,
  "num_qas_run": 65,
  "dialog_json": "/Users/qingyuejiao/Desktop/MemoryBench/Benchmark_Pipeline/data/dialog/Home_Renovation_Interior_Design.json",
  "image_root": "/Users/qingyuejiao/Desktop/MemoryBench/Benchmark_Pipeline/data/image",
  "run_dir": "/Users/qingyuejiao/Desktop/MemoryBench/Benchmark_Pipeline/runs/home_renovation_interior_design/20260420_122935_gpt_4_1_nano_gen_agents__text_only",
  "git_commit": "5cb368b7bf8ce5c708c557c1d1970548552894c1",
  "summary": {
    "open_count": 65,
    "overall": {
      "em": 0.4307692307692308,
      "contains_gt": 0.4307692307692308,
      "f1": 0.4307692307692308
    },
    "by_x": {
      "X4": {
        "em": 0.375,
        "contains_gt": 0.375,
        "f1": 0.375
      },
      "X3": {
        "em": 0.3488372093023256,
        "contains_gt": 0.3488372093023256,
        "f1": 0.3488372093023256
      },
      "X2": {
        "em": 0.6923076923076923,
        "contains_gt": 0.6923076923076923,
        "f1": 0.6923076923076923
      },
      "X1": {
        "em": 1.0,
        "contains_gt": 1.0,
        "f1": 1.0
      }
    },
    "by_y": {
      "Y2": {
        "em": 0.5625,
        "contains_gt": 0.5625,
        "f1": 0.5625
      },
      "Y1": {
        "em": 0.37777777777777777,
        "contains_gt": 0.37777777777777777,
        "f1": 0.37777777777777777
      },
      "Y3": {
        "em": 0.5,
        "contains_gt": 0.5,
        "f1": 0.5
      }
    },
    "by_cell": {
      "X4_Y2": {
        "em": 0.5,
        "contains_gt": 0.5,
        "f1": 0.5
      },
      "X3_Y2": {
        "em": 0.3333333333333333,
        "contains_gt": 0.3333333333333333,
        "f1": 0.3333333333333333
      },
      "X3_Y1": {
        "em": 0.35135135135135137,
        "contains_gt": 0.35135135135135137,
        "f1": 0.35135135135135137
      },
      "X2_Y3": {
        "em": 0.6666666666666666,
        "contains_gt": 0.6666666666666666,
        "f1": 0.6666666666666666
      },
      "X2_Y1": {
        "em": 0.5,
        "contains_gt": 0.5,
        "f1": 0.5
      },
      "X2_Y2": {
        "em": 0.75,
        "contains_gt": 0.75,
        "f1": 0.75
      },
      "X4_Y1": {
        "em": 0.4,
        "contains_gt": 0.4,
        "f1": 0.4
      },
      "X4_Y3": {
        "em": 0.0,
        "contains_gt": 0.0,
        "f1": 0.0
      },
      "X1_Y1": {
        "em": 1.0,
        "contains_gt": 1.0,
        "f1": 1.0
      }
    },
    "mcq_count": 65,
    "mcq_valid_rate": 1.0,
    "mcq_overall": {
      "em": 0.4307692307692308,
      "contains_gt": 0.4307692307692308,
      "f1": 0.4307692307692308
    }
  },
  "method_runtime": {
    "caption_validation_passed": true,
    "caption_validation_round_count": 89,
    "method_modality": "text_only",
    "history_source": "retrieval",
    "captions_loaded": true,
    "images_loaded": false,
    "num_memories": 120,
    "debug_dir": "/Users/qingyuejiao/Desktop/MemoryBench/Benchmark_Pipeline/output/home_renovation_interior_design/gen_agents",
    "history_turns_after_truncation": 1,
    "retrieved_round_ids": [
      "D12:2",
      "D11:6",
      "D12:6",
      "D13:3",
      "D12:1",
      "D13:5",
      "D13:6",
      "D10:4",
      "D11:5",
      "D11:1"
    ]
  }
}