{
  "task_name": "cartoon_entertainment_companion",
  "model_name": "gpt_4_1_nano",
  "model_path": "gpt-4.1-nano",
  "method_name": "m2a",
  "base_method_name": "m2a",
  "method_modality": "",
  "mode": "mcq",
  "num_qas": 76,
  "num_qas_run": 76,
  "dialog_json": "/common/home/mg1998/MemoryBench/Benchmark_Pipeline/data/dialog/Cartoon_Entertainment_Companion.json",
  "image_root": "/common/home/mg1998/.cache/memeye_hf/MemEye/data/image",
  "run_dir": "/common/home/mg1998/MemoryBench/Benchmark_Pipeline/runs/cartoon_entertainment_companion/20260424_195634_gpt_4_1_nano_m2a",
  "git_commit": "658ab1743219fa7a98e5672df9c7253b6b5b5e6d",
  "summary": {
    "open_count": 76,
    "overall": {
      "em": 0.3651315789473684,
      "contains_gt": 0.2894736842105263,
      "f1": 0.3651315789473684
    },
    "by_x": {
      "X3": {
        "em": 0.34782608695652173,
        "contains_gt": 0.17391304347826086,
        "f1": 0.34782608695652173
      },
      "X4": {
        "em": 0.29347826086956524,
        "contains_gt": 0.34782608695652173,
        "f1": 0.29347826086956524
      },
      "X2": {
        "em": 0.5,
        "contains_gt": 0.5,
        "f1": 0.5
      },
      "X1": {
        "em": 0.375,
        "contains_gt": 0.1875,
        "f1": 0.375
      }
    },
    "by_y": {
      "Y1": {
        "em": 0.3515625,
        "contains_gt": 0.34375,
        "f1": 0.3515625
      },
      "Y2": {
        "em": 0.3717948717948718,
        "contains_gt": 0.23076923076923078,
        "f1": 0.3717948717948718
      },
      "Y3": {
        "em": 0.4,
        "contains_gt": 0.4,
        "f1": 0.4
      }
    },
    "by_cell": {
      "X3_Y1": {
        "em": 0.3409090909090909,
        "contains_gt": 0.18181818181818182,
        "f1": 0.3409090909090909
      },
      "X4_Y2": {
        "em": 0.3,
        "contains_gt": 0.2,
        "f1": 0.3
      },
      "X2_Y2": {
        "em": 0.4166666666666667,
        "contains_gt": 0.3333333333333333,
        "f1": 0.4166666666666667
      },
      "X3_Y2": {
        "em": 0.3541666666666667,
        "contains_gt": 0.16666666666666666,
        "f1": 0.3541666666666667
      },
      "X4_Y1": {
        "em": 0.2916666666666667,
        "contains_gt": 0.4166666666666667,
        "f1": 0.2916666666666667
      },
      "X1_Y1": {
        "em": 0.1875,
        "contains_gt": 0.0,
        "f1": 0.1875
      },
      "X1_Y2": {
        "em": 0.4375,
        "contains_gt": 0.25,
        "f1": 0.4375
      },
      "X2_Y1": {
        "em": 0.65,
        "contains_gt": 0.8,
        "f1": 0.65
      },
      "X1_Y3": {
        "em": 0.4375,
        "contains_gt": 0.25,
        "f1": 0.4375
      },
      "X4_Y3": {
        "em": 0.25,
        "contains_gt": 1.0,
        "f1": 0.25
      }
    },
    "mcq_count": 76,
    "mcq_valid_rate": 0.9210526315789473,
    "mcq_overall": {
      "em": 0.3651315789473684,
      "contains_gt": 0.2894736842105263,
      "f1": 0.3651315789473684
    },
    "mcq_per_position_accuracy": {
      "A": 0.3157894736842105,
      "B": 0.4342105263157895,
      "C": 0.42105263157894735,
      "D": 0.2894736842105263
    }
  }
}