{
  "task_name": "brand_memory_test",
  "model_name": "gpt_5_4_mini",
  "model_path": "gpt-5.4-mini",
  "method_name": "mma",
  "base_method_name": "mma",
  "method_modality": "",
  "mode": "mcq",
  "num_qas": 29,
  "num_qas_run": 29,
  "dialog_json": "/common/home/mg1998/MemoryBench/Benchmark_Pipeline/data/dialog/Brand_Memory_Test.json",
  "image_root": "/common/home/mg1998/MemoryBench/Benchmark_Pipeline/data/image",
  "run_dir": "/common/home/mg1998/MemoryBench/Benchmark_Pipeline/runs/brand_memory_test/20260426_101739_gpt_5_4_mini_mma",
  "git_commit": "fa8105834c4c30aae8bc623d6a932e811089aa0a",
  "summary": {
    "open_count": 29,
    "overall": {
      "em": 0.4827586206896552,
      "contains_gt": 0.3793103448275862,
      "f1": 0.4827586206896552
    },
    "by_x": {
      "X4": {
        "em": 0.5,
        "contains_gt": 0.5,
        "f1": 0.5
      },
      "X2": {
        "em": 0.25,
        "contains_gt": 0.16666666666666666,
        "f1": 0.25
      },
      "X1": {
        "em": 0.5476190476190477,
        "contains_gt": 0.42857142857142855,
        "f1": 0.5476190476190477
      }
    },
    "by_y": {
      "Y1": {
        "em": 0.625,
        "contains_gt": 0.5,
        "f1": 0.625
      },
      "Y2": {
        "em": 0.4722222222222222,
        "contains_gt": 0.37037037037037035,
        "f1": 0.4722222222222222
      }
    },
    "by_cell": {
      "X4_Y1": {
        "em": 1.0,
        "contains_gt": 1.0,
        "f1": 1.0
      },
      "X2_Y2": {
        "em": 0.25,
        "contains_gt": 0.16666666666666666,
        "f1": 0.25
      },
      "X1_Y2": {
        "em": 0.5625,
        "contains_gt": 0.45,
        "f1": 0.5625
      },
      "X4_Y2": {
        "em": 0.0,
        "contains_gt": 0.0,
        "f1": 0.0
      },
      "X1_Y1": {
        "em": 0.25,
        "contains_gt": 0.0,
        "f1": 0.25
      }
    },
    "mcq_count": 29,
    "mcq_valid_rate": 1.0,
    "mcq_overall": {
      "em": 0.4827586206896552,
      "contains_gt": 0.3793103448275862,
      "f1": 0.4827586206896552
    },
    "mcq_per_position_accuracy": {
      "A": 0.3448275862068966,
      "B": 0.6896551724137931,
      "C": 0.5172413793103449,
      "D": 0.3793103448275862
    }
  }
}