{
  "task_name": "visual_case_archive_assistant",
  "model_name": "gpt_4_1_nano",
  "model_path": "gpt-4.1-nano",
  "method_name": "m2a_full_tuned",
  "mode": "open",
  "num_qas": 17,
  "num_qas_run": 17,
  "dialog_json": "/common/home/mg1998/.cache/memeye_hf/MemEye/data/dialog/Visual_Case_Archive_Assistant.json",
  "image_root": "/common/home/mg1998/.cache/memeye_hf/MemEye/data/image",
  "run_dir": "/common/home/mg1998/MemoryBench/Benchmark_Pipeline/runs/visual_case_archive_assistant/20260323_234452_gpt_4_1_nano_m2a_full_tuned",
  "git_commit": "397721a6d13362cd002879897b7fe64ab36571c8",
  "summary": {
    "open_count": 17,
    "open_exact_rate": 0.17647058823529413,
    "open_contains_rate": 0.4117647058823529,
    "open_f1_avg": 0.2793577450271162,
    "open_bleu_1_avg": 0.25282657554229643,
    "open_bleu_2_avg": 0.1281449177315976,
    "point_metrics": {
      "X2|Y1": {
        "open_exact_rate": 0.0,
        "open_contains_rate": 0.3333333333333333,
        "open_f1_avg": 0.22222222222222224,
        "open_bleu_1_avg": 0.19607843137254902,
        "open_bleu_2_avg": 0.09038769075777342
      },
      "X2|Y2": {
        "open_exact_rate": 0.25,
        "open_contains_rate": 0.5,
        "open_f1_avg": 0.2883522727272727,
        "open_bleu_1_avg": 0.2634346636018552,
        "open_bleu_2_avg": 0.08364536186211172
      },
      "X3|Y2": {
        "open_exact_rate": 0.0,
        "open_contains_rate": 0.0,
        "open_f1_avg": 0.11538461538461539,
        "open_bleu_1_avg": 0.07894736842105261,
        "open_bleu_2_avg": 0.04682929057908469
      },
      "X4|Y1": {
        "open_exact_rate": 1.0,
        "open_contains_rate": 1.0,
        "open_f1_avg": 1.0,
        "open_bleu_1_avg": 1.0,
        "open_bleu_2_avg": 1.0
      },
      "X2|Y3": {
        "open_exact_rate": 0.0,
        "open_contains_rate": 0.0,
        "open_f1_avg": 0.0,
        "open_bleu_1_avg": 0.0,
        "open_bleu_2_avg": 0.0
      },
      "X0|Y2": {
        "open_exact_rate": 0.0,
        "open_contains_rate": 0.5,
        "open_f1_avg": 0.27241379310344827,
        "open_bleu_1_avg": 0.2222222222222222,
        "open_bleu_2_avg": 0.07223952655438798
      }
    },
    "x_metrics": {
      "X2": {
        "open_exact_rate": 0.16666666666666666,
        "open_contains_rate": 0.4166666666666667,
        "open_f1_avg": 0.24779040404040406,
        "open_bleu_1_avg": 0.22464271691104074,
        "open_bleu_2_avg": 0.0783604972641845
      },
      "X3": {
        "open_exact_rate": 0.0,
        "open_contains_rate": 0.0,
        "open_f1_avg": 0.11538461538461539,
        "open_bleu_1_avg": 0.07894736842105261,
        "open_bleu_2_avg": 0.04682929057908469
      },
      "X4": {
        "open_exact_rate": 1.0,
        "open_contains_rate": 1.0,
        "open_f1_avg": 1.0,
        "open_bleu_1_avg": 1.0,
        "open_bleu_2_avg": 1.0
      },
      "X0": {
        "open_exact_rate": 0.0,
        "open_contains_rate": 0.5,
        "open_f1_avg": 0.27241379310344827,
        "open_bleu_1_avg": 0.2222222222222222,
        "open_bleu_2_avg": 0.07223952655438798
      }
    },
    "y_metrics": {
      "Y1": {
        "open_exact_rate": 0.25,
        "open_contains_rate": 0.5,
        "open_f1_avg": 0.4166666666666667,
        "open_bleu_1_avg": 0.3970588235294118,
        "open_bleu_2_avg": 0.31779076806833007
      },
      "Y2": {
        "open_exact_rate": 0.16666666666666666,
        "open_contains_rate": 0.4166666666666667,
        "open_f1_avg": 0.2568679165661924,
        "open_bleu_1_avg": 0.2258180408417826,
        "open_bleu_2_avg": 0.07560837743031992
      },
      "Y3": {
        "open_exact_rate": 0.0,
        "open_contains_rate": 0.0,
        "open_f1_avg": 0.0,
        "open_bleu_1_avg": 0.0,
        "open_bleu_2_avg": 0.0
      }
    }
  }
}