{
  "task_name": "multi_scene_visual_case_archive_assistant",
  "model_name": "gpt_4_1_nano",
  "model_path": "gpt-4.1-nano",
  "method_name": "semantic_rag_multimodal",
  "base_method_name": "semantic_rag_multimodal",
  "method_modality": "multimodal",
  "mode": "open",
  "num_qas": 59,
  "num_qas_run": 59,
  "dialog_json": "/Users/qingyuejiao/Desktop/MemoryBench/Benchmark_Pipeline/data/dialog/Multi-Scene_Visual_Case_Archive_Assistant.json",
  "image_root": "/Users/qingyuejiao/Desktop/MemoryBench/Benchmark_Pipeline/data/image",
  "run_dir": "/Users/qingyuejiao/Desktop/MemoryBench/Benchmark_Pipeline/runs/multi_scene_visual_case_archive_assistant/20260419_204740_gpt_4_1_nano_semantic_rag_multimodal",
  "git_commit": "2ede73a357fc683261e8335004aafee97dabd948",
  "summary": {
    "open_count": 59,
    "overall": {
      "em": 0.1864406779661017,
      "contains_gt": 0.1864406779661017,
      "f1": 0.1864406779661017
    },
    "by_x": {
      "X4": {
        "em": 0.7142857142857143,
        "contains_gt": 0.7142857142857143,
        "f1": 0.7142857142857143
      },
      "X2": {
        "em": 0.2222222222222222,
        "contains_gt": 0.2222222222222222,
        "f1": 0.2222222222222222
      },
      "X3": {
        "em": 0.09302325581395349,
        "contains_gt": 0.09302325581395349,
        "f1": 0.09302325581395349
      }
    },
    "by_y": {
      "Y2": {
        "em": 0.4,
        "contains_gt": 0.4,
        "f1": 0.4
      },
      "Y3": {
        "em": 0.38461538461538464,
        "contains_gt": 0.38461538461538464,
        "f1": 0.38461538461538464
      },
      "Y1": {
        "em": 0.05555555555555555,
        "contains_gt": 0.05555555555555555,
        "f1": 0.05555555555555555
      }
    },
    "by_cell": {
      "X4_Y2": {
        "em": 0.8,
        "contains_gt": 0.8,
        "f1": 0.8
      },
      "X2_Y2": {
        "em": 0.0,
        "contains_gt": 0.0,
        "f1": 0.0
      },
      "X3_Y3": {
        "em": 0.4,
        "contains_gt": 0.4,
        "f1": 0.4
      },
      "X2_Y3": {
        "em": 0.3333333333333333,
        "contains_gt": 0.3333333333333333,
        "f1": 0.3333333333333333
      },
      "X3_Y1": {
        "em": 0.05555555555555555,
        "contains_gt": 0.05555555555555555,
        "f1": 0.05555555555555555
      },
      "X3_Y2": {
        "em": 0.0,
        "contains_gt": 0.0,
        "f1": 0.0
      },
      "X4_Y3": {
        "em": 0.5,
        "contains_gt": 0.5,
        "f1": 0.5
      }
    },
    "mcq_count": 59,
    "mcq_valid_rate": 1.0,
    "mcq_overall": {
      "em": 0.1864406779661017,
      "contains_gt": 0.1864406779661017,
      "f1": 0.1864406779661017
    }
  },
  "method_runtime": {
    "retrieval_backend": "dense_multimodal",
    "retrieval_corpus": "round_text",
    "method_modality": "multimodal",
    "top_k": 10,
    "neighbor_window": 0,
    "seed_round_ids": [
      "S2:R6",
      "S2:R4",
      "S5:R6",
      "S3:R4",
      "S1:R4",
      "S1:R5",
      "S11:R4",
      "S3:R2",
      "S1:R2",
      "S8:R7"
    ],
    "selected_round_ids": [
      "S2:R6",
      "S2:R4",
      "S5:R6",
      "S3:R4",
      "S1:R4",
      "S1:R5",
      "S11:R4",
      "S3:R2",
      "S1:R2",
      "S8:R7"
    ],
    "top_candidates": [
      {
        "round_id": "S2:R6",
        "score": 0.39093596033037736,
        "text_dense_score": 0.46676327078622865,
        "image_dense_score": 0.315108649874526,
        "indexed_image_count": 1,
        "best_image_path": "/Users/qingyuejiao/Desktop/MemoryBench/Benchmark_Pipeline/data/image/Multi-Scene_Visual_Case_Archive_Assistant/S2-IMG4.png"
      },
      {
        "round_id": "S2:R4",
        "score": 0.36244087442260786,
        "text_dense_score": 0.435351794218188,
        "image_dense_score": 0.28952995462702774,
        "indexed_image_count": 1,
        "best_image_path": "/Users/qingyuejiao/Desktop/MemoryBench/Benchmark_Pipeline/data/image/Multi-Scene_Visual_Case_Archive_Assistant/S2-IMG3.png"
      },
      {
        "round_id": "S5:R6",
        "score": 0.355509544153619,
        "text_dense_score": 0.42775218576179097,
        "image_dense_score": 0.2832669025454471,
        "indexed_image_count": 1,
        "best_image_path": "/Users/qingyuejiao/Desktop/MemoryBench/Benchmark_Pipeline/data/image/Multi-Scene_Visual_Case_Archive_Assistant/S5-IMG3.png"
      },
      {
        "round_id": "S3:R4",
        "score": 0.3200672109010382,
        "text_dense_score": 0.3250368002874168,
        "image_dense_score": 0.31509762151465953,
        "indexed_image_count": 1,
        "best_image_path": "/Users/qingyuejiao/Desktop/MemoryBench/Benchmark_Pipeline/data/image/Multi-Scene_Visual_Case_Archive_Assistant/S3-IMG3.png"
      },
      {
        "round_id": "S1:R4",
        "score": 0.3120527101903757,
        "text_dense_score": 0.366640759074252,
        "image_dense_score": 0.2574646613064994,
        "indexed_image_count": 1,
        "best_image_path": "/Users/qingyuejiao/Desktop/MemoryBench/Benchmark_Pipeline/data/image/Multi-Scene_Visual_Case_Archive_Assistant/S1-IMG2.png"
      }
    ],
    "clue_hit_count": 3,
    "corpus_entry_count": 117,
    "text_embedding_model": "all-MiniLM-L6-v2",
    "multimodal_embedding_model": "siglip2-base-patch16-384",
    "text_dense_weight": 0.5,
    "image_dense_weight": 0.5,
    "caption_text_included": false,
    "image_embeddings_built": true,
    "multi_image_indexing_enabled": true,
    "indexed_image_count": 57,
    "history_source": "retrieval",
    "captions_loaded": false,
    "images_loaded": true,
    "history_turns_after_truncation": 20
  }
}