{
  "task_name": "cartoon_entertainment_companion_open",
  "model_name": "gpt_5_4_mini",
  "model_path": "gpt-5.4-mini",
  "method_name": "clue_only_context__multimodal",
  "base_method_name": "clue_only_context",
  "method_modality": "multimodal",
  "mode": "open",
  "num_qas": 76,
  "num_qas_run": 76,
  "dialog_json": "/common/home/mg1998/MemoryBench/Benchmark_Pipeline/data/dialog/Cartoon_Entertainment_Companion_Open.json",
  "image_root": "/common/home/mg1998/.cache/memeye_hf/MemEye/data/image",
  "run_dir": "/common/home/mg1998/MemoryBench/Benchmark_Pipeline/runs/cartoon_entertainment_companion_open/20260425_165800_gpt_5_4_mini_clue_only_context__multimodal",
  "git_commit": "7eb4b31f1f56487e02ecff48e751fe66ab6c6c5f",
  "summary": {
    "open_count": 76,
    "overall": {
      "em": 0.10526315789473684,
      "contains_gt": 0.18421052631578946,
      "f1": 0.4015085013511787,
      "bleu": 0.10778732727068661,
      "bleu_1": 0.31561306684619894,
      "bleu_2": 0.18436966030985252,
      "judge": 0.7105263157894737
    },
    "by_x": {
      "X2": {
        "em": 0.0,
        "contains_gt": 0.0,
        "f1": 0.0625,
        "bleu": 0.00525997423185491,
        "bleu_1": 0.05555555555555555,
        "bleu_2": 0.010758287072798382,
        "judge": 0.5
      },
      "X4": {
        "em": 0.25,
        "contains_gt": 0.2916666666666667,
        "f1": 0.5655509546813895,
        "bleu": 0.18021706632327802,
        "bleu_1": 0.4845124404202388,
        "bleu_2": 0.2742452033273691,
        "judge": 0.8125
      },
      "X3": {
        "em": 0.0,
        "contains_gt": 0.1,
        "f1": 0.3225972175972176,
        "bleu": 0.059330311823175816,
        "bleu_1": 0.21632262239471495,
        "bleu_2": 0.12903666043590756,
        "judge": 0.6166666666666667
      },
      "X1": {
        "em": 0.125,
        "contains_gt": 0.25,
        "f1": 0.43053166640123164,
        "bleu": 0.12844738004544412,
        "bleu_1": 0.34595515656566284,
        "bleu_2": 0.2184099855111197,
        "judge": 0.8125
      }
    },
    "by_y": {
      "Y1": {
        "em": 0.15151515151515152,
        "contains_gt": 0.21212121212121213,
        "f1": 0.40630976767340404,
        "bleu": 0.11883257497019258,
        "bleu_1": 0.33799455363429104,
        "bleu_2": 0.17142469782864525,
        "judge": 0.5606060606060606
      },
      "Y2": {
        "em": 0.07894736842105263,
        "contains_gt": 0.18421052631578946,
        "f1": 0.43291856249522154,
        "bleu": 0.11073651476151927,
        "bleu_1": 0.32790611905555095,
        "bleu_2": 0.21418326867494866,
        "judge": 0.8289473684210527
      },
      "Y3": {
        "em": 0.0,
        "contains_gt": 0.0,
        "f1": 0.13110367892976588,
        "bleu": 0.012474867523619024,
        "bleu_1": 0.07446805725371554,
        "bleu_2": 0.04322298911108983,
        "judge": 0.8
      }
    },
    "by_cell": {
      "X2_Y1": {
        "em": 0.0,
        "contains_gt": 0.0,
        "f1": 0.0,
        "bleu": 0.0,
        "bleu_1": 0.0,
        "bleu_2": 0.0,
        "judge": 0.5
      },
      "X4_Y2": {
        "em": 0.09090909090909091,
        "contains_gt": 0.09090909090909091,
        "f1": 0.56282545956459,
        "bleu": 0.12713763735788958,
        "bleu_1": 0.4582640784594359,
        "bleu_2": 0.2829252643450523,
        "judge": 0.9545454545454546
      },
      "X3_Y2": {
        "em": 0.0,
        "contains_gt": 0.11764705882352941,
        "f1": 0.31724158194746427,
        "bleu": 0.06135749662536927,
        "bleu_1": 0.1962690194236165,
        "bleu_2": 0.13446796343830233,
        "judge": 0.7647058823529411
      },
      "X2_Y2": {
        "em": 0.0,
        "contains_gt": 0.0,
        "f1": 0.1875,
        "bleu": 0.01577992269556473,
        "bleu_1": 0.16666666666666666,
        "bleu_2": 0.032274861218395144,
        "judge": 0.5
      },
      "X4_Y1": {
        "em": 0.4166666666666667,
        "contains_gt": 0.5,
        "f1": 0.6151785714285715,
        "bleu": 0.2438912984018239,
        "bleu_1": 0.5489494755859946,
        "bleu_2": 0.2891422476717737,
        "judge": 0.6666666666666666
      },
      "X3_Y1": {
        "em": 0.0,
        "contains_gt": 0.07692307692307693,
        "f1": 0.3296007411392027,
        "bleu": 0.05667937785107669,
        "bleu_1": 0.242546564741536,
        "bleu_2": 0.12193418727892978,
        "judge": 0.4230769230769231
      },
      "X1_Y1": {
        "em": 0.0,
        "contains_gt": 0.0,
        "f1": 0.4353174603174603,
        "bleu": 0.06448687028261772,
        "bleu_1": 0.35333030531492526,
        "bleu_2": 0.15054090541448048,
        "judge": 0.75
      },
      "X1_Y2": {
        "em": 0.25,
        "contains_gt": 0.5,
        "f1": 0.5614648033126294,
        "bleu": 0.21685453274731747,
        "bleu_1": 0.4687026246902909,
        "bleu_2": 0.334535150120568,
        "judge": 0.875
      },
      "X1_Y3": {
        "em": 0.0,
        "contains_gt": 0.0,
        "f1": 0.16387959866220736,
        "bleu": 0.01559358440452378,
        "bleu_1": 0.09308507156714442,
        "bleu_2": 0.05402873638886228,
        "judge": 0.75
      },
      "X4_Y3": {
        "em": 0.0,
        "contains_gt": 0.0,
        "f1": 0.0,
        "bleu": 0.0,
        "bleu_1": 0.0,
        "bleu_2": 0.0,
        "judge": 1.0
      }
    }
  },
  "method_runtime": {
    "method_modality": "multimodal",
    "history_source": "clue_only",
    "captions_loaded": false,
    "images_loaded": true,
    "history_turns_after_truncation": 4
  },
  "judge": {
    "enabled": true,
    "model": "gpt-5.2",
    "scored_open_rows": 76
  }
}
