{
  "task_name": "cartoon_entertainment_companion",
  "model_name": "gpt_5_4_mini",
  "model_path": "gpt-5.4-mini",
  "method_name": "reflexion",
  "base_method_name": "reflexion",
  "method_modality": "",
  "mode": "mcq",
  "num_qas": 76,
  "num_qas_run": 76,
  "dialog_json": "/Users/qingyuejiao/Desktop/MemoryBench/Benchmark_Pipeline/data/dialog/Cartoon_Entertainment_Companion.json",
  "image_root": "/Users/qingyuejiao/Desktop/MemoryBench/Benchmark_Pipeline/data/image",
  "run_dir": "/Users/qingyuejiao/Desktop/MemoryBench/Benchmark_Pipeline/runs/cartoon_entertainment_companion/20260426_131724_gpt_5_4_mini_reflexion",
  "git_commit": "f50478ca8d87824ef1e9bc48c2b9e0d49e54305a",
  "summary": {
    "open_count": 76,
    "overall": {
      "em": 0.5789473684210527,
      "contains_gt": 0.631578947368421,
      "f1": 0.5789473684210527
    },
    "by_x": {
      "X3": {
        "em": 0.30434782608695654,
        "contains_gt": 0.391304347826087,
        "f1": 0.30434782608695654
      },
      "X4": {
        "em": 0.6304347826086957,
        "contains_gt": 0.6521739130434783,
        "f1": 0.6304347826086957
      },
      "X2": {
        "em": 0.6428571428571429,
        "contains_gt": 0.7142857142857143,
        "f1": 0.6428571428571429
      },
      "X1": {
        "em": 0.84375,
        "contains_gt": 0.875,
        "f1": 0.84375
      }
    },
    "by_y": {
      "Y1": {
        "em": 0.5703125,
        "contains_gt": 0.59375,
        "f1": 0.5703125
      },
      "Y2": {
        "em": 0.532051282051282,
        "contains_gt": 0.6153846153846154,
        "f1": 0.532051282051282
      },
      "Y3": {
        "em": 1.0,
        "contains_gt": 1.0,
        "f1": 1.0
      }
    },
    "by_cell": {
      "X3_Y1": {
        "em": 0.2727272727272727,
        "contains_gt": 0.2727272727272727,
        "f1": 0.2727272727272727
      },
      "X4_Y2": {
        "em": 0.7,
        "contains_gt": 0.7,
        "f1": 0.7
      },
      "X2_Y2": {
        "em": 0.4722222222222222,
        "contains_gt": 0.5555555555555556,
        "f1": 0.4722222222222222
      },
      "X3_Y2": {
        "em": 0.3333333333333333,
        "contains_gt": 0.5,
        "f1": 0.3333333333333333
      },
      "X4_Y1": {
        "em": 0.5416666666666666,
        "contains_gt": 0.5833333333333334,
        "f1": 0.5416666666666666
      },
      "X1_Y1": {
        "em": 1.0,
        "contains_gt": 1.0,
        "f1": 1.0
      },
      "X1_Y2": {
        "em": 0.6875,
        "contains_gt": 0.75,
        "f1": 0.6875
      },
      "X2_Y1": {
        "em": 0.95,
        "contains_gt": 1.0,
        "f1": 0.95
      },
      "X1_Y3": {
        "em": 1.0,
        "contains_gt": 1.0,
        "f1": 1.0
      },
      "X4_Y3": {
        "em": 1.0,
        "contains_gt": 1.0,
        "f1": 1.0
      }
    },
    "mcq_count": 76,
    "mcq_valid_rate": 0.9868421052631579,
    "mcq_overall": {
      "em": 0.5789473684210527,
      "contains_gt": 0.631578947368421,
      "f1": 0.5789473684210527
    },
    "mcq_per_position_accuracy": {
      "A": 0.5526315789473685,
      "B": 0.631578947368421,
      "C": 0.5,
      "D": 0.631578947368421
    }
  },
  "method_runtime": {
    "num_memories": 299,
    "debug_dir": "/Users/qingyuejiao/Desktop/MemoryBench/output/cartoon_entertainment_companion/reflexion"
  }
}