{
  "task_name": "multi_scene_visual_case_archive_assistant_open",
  "model_name": "gemini_2_5_flash_lite",
  "model_path": "gemini-2.5-flash-lite",
  "method_name": "semantic_rag_text_only",
  "base_method_name": "semantic_rag_text_only",
  "method_modality": "",
  "mode": "open",
  "num_qas": 50,
  "num_qas_run": 50,
  "dialog_json": "/common/home/mg1998/.cache/memeye_hf/MemEye/data/dialog/Multi-Scene_Visual_Case_Archive_Assistant_Open.json",
  "image_root": "/common/home/mg1998/.cache/memeye_hf/MemEye/data/image",
  "run_dir": "/common/home/mg1998/MemoryBench/Benchmark_Pipeline/runs/multi_scene_visual_case_archive_assistant_open/20260426_101953_gemini_2_5_flash_lite_semantic_rag_text_only",
  "git_commit": "fa8105834c4c30aae8bc623d6a932e811089aa0a",
  "summary": {
    "open_count": 50,
    "overall": {
      "em": 0.08,
      "contains_gt": 0.12,
      "f1": 0.3348012866461676,
      "bleu": 0.1429882690360944,
      "bleu_1": 0.27298126203998024,
      "bleu_2": 0.22142837601356063
    },
    "by_x": {
      "X4": {
        "em": 0.0,
        "contains_gt": 0.0,
        "f1": 0.20673076923076922,
        "bleu": 0.1193301008435989,
        "bleu_1": 0.17982456140350875,
        "bleu_2": 0.14861247709776124
      },
      "X2": {
        "em": 0.0,
        "contains_gt": 0.125,
        "f1": 0.2249437696806118,
        "bleu": 0.06480652418166472,
        "bleu_1": 0.16837124381513682,
        "bleu_2": 0.0941523565646756
      },
      "X3": {
        "em": 0.10526315789473684,
        "contains_gt": 0.13157894736842105,
        "f1": 0.3714102920510634,
        "bleu": 0.16193791723623702,
        "bleu_1": 0.3048103922595759,
        "bleu_2": 0.2558881589413048
      }
    },
    "by_y": {
      "Y2": {
        "em": 0.0,
        "contains_gt": 0.0,
        "f1": 0.2852367296446244,
        "bleu": 0.12736394154821368,
        "bleu_1": 0.24714275883601527,
        "bleu_2": 0.19834397732233028
      },
      "Y3": {
        "em": 0.0,
        "contains_gt": 0.09090909090909091,
        "f1": 0.23376331271068113,
        "bleu": 0.07739303432032431,
        "bleu_1": 0.17257680339615777,
        "bleu_2": 0.11071936751478809
      },
      "Y1": {
        "em": 0.12903225806451613,
        "contains_gt": 0.16129032258064516,
        "f1": 0.38344432436560943,
        "bleu": 0.17029608199662719,
        "bleu_1": 0.3152766514178437,
        "bleu_2": 0.2666694819173136
      }
    },
    "by_cell": {
      "X4_Y2": {
        "em": 0.0,
        "contains_gt": 0.0,
        "f1": 0.27564102564102566,
        "bleu": 0.15910680112479852,
        "bleu_1": 0.23976608187134502,
        "bleu_2": 0.19814996946368166
      },
      "X2_Y2": {
        "em": 0.0,
        "contains_gt": 0.0,
        "f1": 0.2627680311890839,
        "bleu": 0.10043666253261282,
        "bleu_1": 0.1970590528024735,
        "bleu_2": 0.13831721366599053
      },
      "X3_Y3": {
        "em": 0.0,
        "contains_gt": 0.0,
        "f1": 0.31203007518796994,
        "bleu": 0.12683623433361763,
        "bleu_1": 0.22851040904881229,
        "bleu_2": 0.17592916622864713
      },
      "X2_Y3": {
        "em": 0.0,
        "contains_gt": 0.2,
        "f1": 0.20224921277552857,
        "bleu": 0.04342844117109586,
        "bleu_1": 0.15115855842273482,
        "bleu_2": 0.06765344230388665
      },
      "X3_Y1": {
        "em": 0.12903225806451613,
        "contains_gt": 0.16129032258064516,
        "f1": 0.38344432436560943,
        "bleu": 0.17029608199662719,
        "bleu_1": 0.3152766514178437,
        "bleu_2": 0.2666694819173136
      },
      "X3_Y2": {
        "em": 0.0,
        "contains_gt": 0.0,
        "f1": 0.3333333333333333,
        "bleu": 0.12014057070673771,
        "bleu_1": 0.3333333333333333,
        "bleu_2": 0.28867513459481287
      },
      "X4_Y3": {
        "em": 0.0,
        "contains_gt": 0.0,
        "f1": 0.0,
        "bleu": 0.0,
        "bleu_1": 0.0,
        "bleu_2": 0.0
      }
    }
  },
  "method_runtime": {
    "retrieval_backend": "dense_text",
    "retrieval_corpus": "round_text",
    "method_modality": "text_only",
    "top_k": 10,
    "neighbor_window": 0,
    "seed_round_ids": [
      "SCENE_S2:R6",
      "SCENE_S3:R4",
      "SCENE_S2:R4",
      "SCENE_S5:R6",
      "SCENE_S8:R7",
      "SCENE_S15:R1",
      "SCENE_S12:R3",
      "SCENE_S1:R4",
      "SCENE_S8:R8",
      "SCENE_S11:R4"
    ],
    "selected_round_ids": [
      "SCENE_S2:R6",
      "SCENE_S3:R4",
      "SCENE_S2:R4",
      "SCENE_S5:R6",
      "SCENE_S8:R7",
      "SCENE_S15:R1",
      "SCENE_S12:R3",
      "SCENE_S1:R4",
      "SCENE_S8:R8",
      "SCENE_S11:R4"
    ],
    "top_candidates": [
      {
        "round_id": "SCENE_S2:R6",
        "score": 0.6643899853680835,
        "text_dense_score": 0.6643899853680835
      },
      {
        "round_id": "SCENE_S3:R4",
        "score": 0.44357926869587067,
        "text_dense_score": 0.44357926869587067
      },
      {
        "round_id": "SCENE_S2:R4",
        "score": 0.4390329257295979,
        "text_dense_score": 0.4390329257295979
      },
      {
        "round_id": "SCENE_S5:R6",
        "score": 0.4099225828315982,
        "text_dense_score": 0.4099225828315982
      },
      {
        "round_id": "SCENE_S8:R7",
        "score": 0.40481922134427467,
        "text_dense_score": 0.40481922134427467
      }
    ],
    "clue_hit_count": 3,
    "corpus_entry_count": 117,
    "text_embedding_model": "all-MiniLM-L6-v2",
    "caption_text_included": true,
    "image_embeddings_built": false,
    "history_source": "retrieval",
    "captions_loaded": true,
    "images_loaded": false,
    "history_turns_after_truncation": 20
  }
}
