{
  "task_name": "concat_health_home",
  "model_name": "gpt_5_4_mini",
  "model_path": "gpt-5.4-mini",
  "method_name": "simplemem",
  "base_method_name": "simplemem",
  "method_modality": "",
  "mode": "mcq",
  "num_qas": 103,
  "num_qas_run": 103,
  "dialog_json": "/Users/qingyuejiao/Desktop/MemoryBench/Benchmark_Pipeline/data/dialog/concat_health_home.json",
  "image_root": "/Users/qingyuejiao/Desktop/MemoryBench/Benchmark_Pipeline/data/image",
  "run_dir": "/Users/qingyuejiao/Desktop/MemoryBench/Benchmark_Pipeline/runs/concat_health_home/20260427_230735_gpt_5_4_mini_simplemem",
  "git_commit": "7f628296eaa3320616e5a60ce845d85b847722d1",
  "summary": {
    "open_count": 103,
    "overall": {
      "em": 0.2645631067961165,
      "contains_gt": 0.22330097087378642,
      "f1": 0.2645631067961165
    },
    "by_x": {
      "X4": {
        "em": 0.16346153846153846,
        "contains_gt": 0.11538461538461539,
        "f1": 0.16346153846153846
      },
      "X2": {
        "em": 0.15,
        "contains_gt": 0.0,
        "f1": 0.15
      },
      "X1": {
        "em": 0.75,
        "contains_gt": 0.75,
        "f1": 0.75
      },
      "X3": {
        "em": 0.38513513513513514,
        "contains_gt": 0.3783783783783784,
        "f1": 0.38513513513513514
      }
    },
    "by_y": {
      "Y2": {
        "em": 0.125,
        "contains_gt": 0.08928571428571429,
        "f1": 0.125
      },
      "Y3": {
        "em": 0.5357142857142857,
        "contains_gt": 0.5714285714285714,
        "f1": 0.5357142857142857
      },
      "Y1": {
        "em": 0.4125,
        "contains_gt": 0.35,
        "f1": 0.4125
      }
    },
    "by_cell": {
      "X4_Y2": {
        "em": 0.10119047619047619,
        "contains_gt": 0.023809523809523808,
        "f1": 0.10119047619047619
      },
      "X4_Y3": {
        "em": 0.55,
        "contains_gt": 0.6,
        "f1": 0.55
      },
      "X2_Y2": {
        "em": 0.0,
        "contains_gt": 0.0,
        "f1": 0.0
      },
      "X1_Y3": {
        "em": 0.5,
        "contains_gt": 0.5,
        "f1": 0.5
      },
      "X1_Y1": {
        "em": 1.0,
        "contains_gt": 1.0,
        "f1": 1.0
      },
      "X3_Y2": {
        "em": 0.275,
        "contains_gt": 0.4,
        "f1": 0.275
      },
      "X2_Y1": {
        "em": 0.25,
        "contains_gt": 0.0,
        "f1": 0.25
      },
      "X3_Y1": {
        "em": 0.42592592592592593,
        "contains_gt": 0.37037037037037035,
        "f1": 0.42592592592592593
      },
      "X4_Y1": {
        "em": 0.3,
        "contains_gt": 0.4,
        "f1": 0.3
      }
    },
    "mcq_count": 103,
    "mcq_valid_rate": 0.8058252427184466,
    "mcq_overall": {
      "em": 0.2645631067961165,
      "contains_gt": 0.22330097087378642,
      "f1": 0.2645631067961165
    },
    "mcq_per_position_accuracy": {
      "A": 0.2524271844660194,
      "B": 0.3106796116504854,
      "C": 0.27184466019417475,
      "D": 0.22330097087378642
    }
  },
  "method_runtime": {
    "num_memories": 217,
    "debug_dir": "/Users/qingyuejiao/Desktop/MemoryBench/output/concat_health_home/simplemem",
    "data_dir": "/Users/qingyuejiao/Desktop/MemoryBench/runs/simplemem/concat_health_home"
  }
}
