{
  "task_name": "cartoon_entertainment_companion_open",
  "model_name": "gpt_5_1_mini",
  "model_path": "gpt-5.1-mini",
  "method_name": "mma",
  "base_method_name": "mma",
  "method_modality": "",
  "mode": "open",
  "num_qas": 76,
  "num_qas_run": 76,
  "dialog_json": "/common/home/mg1998/MemoryBench/Benchmark_Pipeline/data/dialog/Cartoon_Entertainment_Companion_Open.json",
  "image_root": "/common/home/mg1998/.cache/memeye_hf/MemEye/data/image",
  "run_dir": "/common/home/mg1998/MemoryBench/Benchmark_Pipeline/runs/cartoon_entertainment_companion_open/20260425_063045_gpt_5_1_mini_mma",
  "git_commit": "b6a188308ff7c48ebcc509618341807cfdaa773c",
  "summary": {
    "open_count": 76,
    "overall": {
      "em": 0.0,
      "contains_gt": 0.11842105263157894,
      "f1": 0.21040033899448576,
      "bleu": 0.03761191062415257,
      "bleu_1": 0.14105127211252177,
      "bleu_2": 0.08463237810191603,
      "judge": 0.3881578947368421
    },
    "by_x": {
      "X3": {
        "em": 0.0,
        "contains_gt": 0.16666666666666666,
        "f1": 0.16760755681110034,
        "bleu": 0.018912829656602424,
        "bleu_1": 0.09885084677683782,
        "bleu_2": 0.05341378300245019,
        "judge": 0.3125
      },
      "X4": {
        "em": 0.0,
        "contains_gt": 0.07692307692307693,
        "f1": 0.20060550040778516,
        "bleu": 0.03420322415720879,
        "bleu_1": 0.14010090688874616,
        "bleu_2": 0.07956122780733917,
        "judge": 0.46153846153846156
      },
      "X2": {
        "em": 0.0,
        "contains_gt": 0.0,
        "f1": 0.28373832476134264,
        "bleu": 0.05718736230612709,
        "bleu_1": 0.18874592074592075,
        "bleu_2": 0.12571260884231342,
        "judge": 0.35
      },
      "X1": {
        "em": 0.0,
        "contains_gt": 0.1875,
        "f1": 0.24466988386866684,
        "bleu": 0.05896499028302734,
        "bleu_1": 0.17608709820880875,
        "bleu_2": 0.11402574576705382,
        "judge": 0.40625
      }
    },
    "by_y": {
      "Y1": {
        "em": 0.0,
        "contains_gt": 0.12121212121212122,
        "f1": 0.1505057091873647,
        "bleu": 0.0283440571705381,
        "bleu_1": 0.09874460945549064,
        "bleu_2": 0.05304151991900039,
        "judge": 0.3333333333333333
      },
      "Y2": {
        "em": 0.0,
        "contains_gt": 0.13157894736842105,
        "f1": 0.27800070936473403,
        "bleu": 0.049405007324735,
        "bleu_1": 0.18923499557048312,
        "bleu_2": 0.11977361685853069,
        "judge": 0.4473684210526316
      },
      "Y3": {
        "em": 0.0,
        "contains_gt": 0.0,
        "f1": 0.09194208090759814,
        "bleu": 0.00915220849358161,
        "bleu_1": 0.054078947368421046,
        "bleu_2": 0.026058627558887756,
        "judge": 0.3
      }
    },
    "by_cell": {
      "X3_Y1": {
        "em": 0.0,
        "contains_gt": 0.08333333333333333,
        "f1": 0.12925372776063332,
        "bleu": 0.01232157090959152,
        "bleu_1": 0.07217719762476796,
        "bleu_2": 0.03250316470640886,
        "judge": 0.375
      },
      "X4_Y2": {
        "em": 0.0,
        "contains_gt": 0.0,
        "f1": 0.3276507375494247,
        "bleu": 0.061390393822678496,
        "bleu_1": 0.23607069979343717,
        "bleu_2": 0.14690846174580968,
        "judge": 0.6153846153846154
      },
      "X2_Y2": {
        "em": 0.0,
        "contains_gt": 0.0,
        "f1": 0.2952508361204013,
        "bleu": 0.08498359834615453,
        "bleu_1": 0.20246153846153847,
        "bleu_2": 0.15236948540170514,
        "judge": 0.4
      },
      "X3_Y2": {
        "em": 0.0,
        "contains_gt": 0.25,
        "f1": 0.20596138586156737,
        "bleu": 0.025504088403613324,
        "bleu_1": 0.1255244959289077,
        "bleu_2": 0.07432440129849152,
        "judge": 0.25
      },
      "X4_Y1": {
        "em": 0.0,
        "contains_gt": 0.16666666666666666,
        "f1": 0.07211452762923351,
        "bleu": 0.007600725699384011,
        "bleu_1": 0.047808706816059754,
        "bleu_2": 0.013231826691274358,
        "judge": 0.3333333333333333
      },
      "X1_Y1": {
        "em": 0.0,
        "contains_gt": 0.25,
        "f1": 0.29728506787330317,
        "bleu": 0.13733267399738816,
        "bleu_1": 0.2358974358974359,
        "bleu_2": 0.1765678997850515,
        "judge": 0.25
      },
      "X1_Y2": {
        "em": 0.0,
        "contains_gt": 0.25,
        "f1": 0.2945970695970696,
        "bleu": 0.043543513258872096,
        "bleu_1": 0.20042613636363638,
        "bleu_2": 0.12348089941727704,
        "judge": 0.5
      },
      "X2_Y1": {
        "em": 0.0,
        "contains_gt": 0.0,
        "f1": 0.272225813402284,
        "bleu": 0.029391126266099642,
        "bleu_1": 0.17503030303030304,
        "bleu_2": 0.09905573228292168,
        "judge": 0.3
      },
      "X1_Y3": {
        "em": 0.0,
        "contains_gt": 0.0,
        "f1": 0.09220032840722496,
        "bleu": 0.011440260616977012,
        "bleu_1": 0.06759868421052631,
        "bleu_2": 0.0325732844486097,
        "judge": 0.375
      },
      "X4_Y3": {
        "em": 0.0,
        "contains_gt": 0.0,
        "f1": 0.0909090909090909,
        "bleu": 0.0,
        "bleu_1": 0.0,
        "bleu_2": 0.0,
        "judge": 0.0
      }
    }
  },
  "judge": {
    "enabled": true,
    "model": "gpt-5.2",
    "scored_open_rows": 76
  }
}