{
  "task_name": "outdoor_navigation_route_memory_assistant_open",
  "model_name": "gpt_4_1_nano",
  "model_path": "gpt-4.1-nano",
  "method_name": "full_context_text_only",
  "base_method_name": "full_context_text_only",
  "method_modality": "",
  "mode": "open",
  "num_qas": 28,
  "num_qas_run": 28,
  "dialog_json": "/Users/qingyuejiao/Desktop/MemoryBench/Benchmark_Pipeline/data/dialog/Outdoor_Navigation_Route_Memory_Assistant_Open.json",
  "image_root": "/Users/qingyuejiao/Desktop/MemoryBench/Benchmark_Pipeline/data/image",
  "run_dir": "/Users/qingyuejiao/Desktop/MemoryBench/Benchmark_Pipeline/runs/outdoor_navigation_route_memory_assistant_open/20260424_164109_gpt_4_1_nano_full_context_text_only",
  "git_commit": "b24985b9af7b246db9e6e807768083d0acb8c78a",
  "summary": {
    "open_count": 28,
    "overall": {
      "em": 0.0,
      "contains_gt": 0.0,
      "f1": 0.09493940929725814,
      "bleu": 0.012335901225810478,
      "bleu_1": 0.06997569668977842,
      "bleu_2": 0.02376406441388506,
      "judge": 0.23214285714285715
    },
    "by_x": {
      "X3": {
        "em": 0.0,
        "contains_gt": 0.0,
        "f1": 0.0873572820941242,
        "bleu": 0.012893062439448441,
        "bleu_1": 0.07134703578669097,
        "bleu_2": 0.021522275098284274,
        "judge": 0.2222222222222222
      },
      "X1": {
        "em": 0.0,
        "contains_gt": 0.0,
        "f1": 0.11434108527131782,
        "bleu": 0.00783231756440593,
        "bleu_1": 0.06722689075630252,
        "bleu_2": 0.015500274650817871,
        "judge": 0.3333333333333333
      },
      "X4": {
        "em": 0.0,
        "contains_gt": 0.0,
        "f1": 0.10412538091856327,
        "bleu": 0.01192539049339362,
        "bleu_1": 0.06610700960546162,
        "bleu_2": 0.02533270883900385,
        "judge": 0.2
      },
      "X2": {
        "em": 0.0,
        "contains_gt": 0.0,
        "f1": 0.11111111111111112,
        "bleu": 0.015103102626217774,
        "bleu_1": 0.07142857142857142,
        "bleu_2": 0.05241424183609592,
        "judge": 0.25
      }
    },
    "by_y": {
      "Y2": {
        "em": 0.0,
        "contains_gt": 0.0,
        "f1": 0.08306878306878307,
        "bleu": 0.014359539291511781,
        "bleu_1": 0.07121310062486533,
        "bleu_2": 0.02707923713357908,
        "judge": 0.16666666666666666
      },
      "Y1": {
        "em": 0.0,
        "contains_gt": 0.0,
        "f1": 0.25,
        "bleu": 0.0169861974906263,
        "bleu_1": 0.14285714285714285,
        "bleu_2": 0.033149677206589796,
        "judge": 1.0
      },
      "Y3": {
        "em": 0.0,
        "contains_gt": 0.0,
        "f1": 0.0968559761909568,
        "bleu": 0.009418828954949198,
        "bleu_1": 0.062355487923639416,
        "bleu_2": 0.018837964114875472,
        "judge": 0.25
      }
    },
    "by_cell": {
      "X3_Y2": {
        "em": 0.0,
        "contains_gt": 0.0,
        "f1": 0.06410256410256411,
        "bleu": 0.01319289938439379,
        "bleu_1": 0.0621301775147929,
        "bleu_2": 0.021095674315704794,
        "judge": 0.11538461538461539
      },
      "X1_Y1": {
        "em": 0.0,
        "contains_gt": 0.0,
        "f1": 0.25,
        "bleu": 0.0169861974906263,
        "bleu_1": 0.14285714285714285,
        "bleu_2": 0.033149677206589796,
        "judge": 1.0
      },
      "X4_Y2": {
        "em": 0.0,
        "contains_gt": 0.0,
        "f1": 0.19047619047619047,
        "bleu": 0.013679192123121896,
        "bleu_1": 0.11764705882352941,
        "bleu_2": 0.027116307227332027,
        "judge": 0.5
      },
      "X2_Y2": {
        "em": 0.0,
        "contains_gt": 0.0,
        "f1": 0.22222222222222224,
        "bleu": 0.030206205252435548,
        "bleu_1": 0.14285714285714285,
        "bleu_2": 0.10482848367219184,
        "judge": 0.5
      },
      "X3_Y3": {
        "em": 0.0,
        "contains_gt": 0.0,
        "f1": 0.14781954887218043,
        "bleu": 0.012113486382590537,
        "bleu_1": 0.09531086729362592,
        "bleu_2": 0.02263143713299092,
        "judge": 0.5
      },
      "X4_Y3": {
        "em": 0.0,
        "contains_gt": 0.0,
        "f1": 0.08253767852915647,
        "bleu": 0.011486940085961551,
        "bleu_1": 0.053221997300944665,
        "bleu_2": 0.02488680924192181,
        "judge": 0.125
      },
      "X1_Y3": {
        "em": 0.0,
        "contains_gt": 0.0,
        "f1": 0.04651162790697674,
        "bleu": 0.003255377601295744,
        "bleu_1": 0.02941176470588235,
        "bleu_2": 0.00667557337293191,
        "judge": 0.0
      },
      "X2_Y3": {
        "em": 0.0,
        "contains_gt": 0.0,
        "f1": 0.0,
        "bleu": 0.0,
        "bleu_1": 0.0,
        "bleu_2": 0.0,
        "judge": 0.0
      }
    }
  },
  "method_runtime": {
    "caption_validation_passed": true,
    "caption_validation_round_count": 40,
    "method_modality": "text_only",
    "history_source": "full_context",
    "captions_loaded": true,
    "images_loaded": false,
    "history_turns_after_truncation": 120,
    "history_turns_before_truncation": 120
  },
  "judge": {
    "enabled": true,
    "model": "gpt-5.2",
    "scored_open_rows": 28
  }
}
