{
  "task_name": "home_renovation_interior_design_open",
  "model_name": "gpt_4_1_nano",
  "model_path": "gpt-4.1-nano",
  "method_name": "mma",
  "base_method_name": "mma",
  "method_modality": "",
  "mode": "open",
  "num_qas": 52,
  "num_qas_run": 52,
  "dialog_json": "/common/home/mg1998/.cache/memeye_hf/MemEye/data/dialog/Home_Renovation_Interior_Design_Open.json",
  "image_root": "/common/home/mg1998/.cache/memeye_hf/MemEye/data/image",
  "run_dir": "/common/home/mg1998/MemoryBench/Benchmark_Pipeline/runs/home_renovation_interior_design_open/20260424_184746_gpt_4_1_nano_mma",
  "git_commit": "658ab1743219fa7a98e5672df9c7253b6b5b5e6d",
  "summary": {
    "open_count": 52,
    "overall": {
      "em": 0.0,
      "contains_gt": 0.1346153846153846,
      "f1": 0.1996643064629749,
      "bleu": 0.03882915669858022,
      "bleu_1": 0.1271566471591391,
      "bleu_2": 0.08192585002329,
      "judge": 0.4807692307692308
    },
    "by_x": {
      "X4": {
        "em": 0.0,
        "contains_gt": 0.0,
        "f1": 0.13926678796244013,
        "bleu": 0.01362476480426031,
        "bleu_1": 0.07992851446798815,
        "bleu_2": 0.03245833949399332,
        "judge": 0.3125
      },
      "X3": {
        "em": 0.0,
        "contains_gt": 0.16666666666666666,
        "f1": 0.2272225320790628,
        "bleu": 0.04721716109050421,
        "bleu_1": 0.1463561679198504,
        "bleu_2": 0.0994171983499401,
        "judge": 0.5
      },
      "X2": {
        "em": 0.0,
        "contains_gt": 0.14285714285714285,
        "f1": 0.14119978250413032,
        "bleu": 0.028156423158371715,
        "bleu_1": 0.09103268925000674,
        "bleu_2": 0.05335885921610727,
        "judge": 0.5714285714285714
      },
      "X1": {
        "em": 0.0,
        "contains_gt": 0.0,
        "f1": 0.1,
        "bleu": 0.01320526852533513,
        "bleu_1": 0.06666666666666667,
        "bleu_2": 0.04794633014853841,
        "judge": 0.5
      }
    },
    "by_y": {
      "Y2": {
        "em": 0.0,
        "contains_gt": 0.08333333333333333,
        "f1": 0.1368990374120046,
        "bleu": 0.020410069336721754,
        "bleu_1": 0.08942498745307177,
        "bleu_2": 0.04658709150752458,
        "judge": 0.5
      },
      "Y1": {
        "em": 0.0,
        "contains_gt": 0.15384615384615385,
        "f1": 0.22176529221080893,
        "bleu": 0.045245265965931335,
        "bleu_1": 0.14074476417534287,
        "bleu_2": 0.0944840246412233,
        "judge": 0.47435897435897434
      },
      "Y3": {
        "em": 0.0,
        "contains_gt": 0.0,
        "f1": 0.09090909090909091,
        "bleu": 0.009629943614188135,
        "bleu_1": 0.05000000000000001,
        "bleu_2": 0.01622214211307625,
        "judge": 0.5
      }
    },
    "by_cell": {
      "X4_Y2": {
        "em": 0.0,
        "contains_gt": 0.0,
        "f1": 0.07703703703703704,
        "bleu": 0.009434950714456058,
        "bleu_1": 0.04904306220095694,
        "bleu_2": 0.015905943179915866,
        "judge": 0.5
      },
      "X3_Y2": {
        "em": 0.0,
        "contains_gt": 0.0,
        "f1": 0.16605644546147977,
        "bleu": 0.012469351044585133,
        "bleu_1": 0.10644586894586895,
        "bleu_2": 0.04200473430667616,
        "judge": 0.4
      },
      "X3_Y1": {
        "em": 0.0,
        "contains_gt": 0.1935483870967742,
        "f1": 0.23708802992060843,
        "bleu": 0.052821646581781484,
        "bleu_1": 0.15279331291565387,
        "bleu_2": 0.10867727319562784,
        "judge": 0.5161290322580645
      },
      "X2_Y1": {
        "em": 0.0,
        "contains_gt": 0.0,
        "f1": 0.16498316498316495,
        "bleu": 0.01669539335988937,
        "bleu_1": 0.09722222222222221,
        "bleu_2": 0.028151237157834255,
        "judge": 0.5
      },
      "X2_Y2": {
        "em": 0.0,
        "contains_gt": 0.2,
        "f1": 0.13168642951251647,
        "bleu": 0.03274083507776465,
        "bleu_1": 0.08855687606112055,
        "bleu_2": 0.06344190803941648,
        "judge": 0.6
      },
      "X4_Y1": {
        "em": 0.0,
        "contains_gt": 0.0,
        "f1": 0.17383022774327123,
        "bleu": 0.01609965467819645,
        "bleu_1": 0.09826839826839825,
        "bleu_2": 0.04232653749580772,
        "judge": 0.2
      },
      "X4_Y3": {
        "em": 0.0,
        "contains_gt": 0.0,
        "f1": 0.09090909090909091,
        "bleu": 0.009629943614188135,
        "bleu_1": 0.05000000000000001,
        "bleu_2": 0.01622214211307625,
        "judge": 0.5
      },
      "X1_Y1": {
        "em": 0.0,
        "contains_gt": 0.0,
        "f1": 0.1,
        "bleu": 0.01320526852533513,
        "bleu_1": 0.06666666666666667,
        "bleu_2": 0.04794633014853841,
        "judge": 0.5
      }
    }
  },
  "judge": {
    "enabled": true,
    "model": "gpt-5.2",
    "scored_open_rows": 52
  }
}
