{
  "task_name": "outdoor_navigation_route_memory_assistant_open",
  "model_name": "gpt_5_4_mini",
  "model_path": "gpt-5.4-mini",
  "method_name": "mma",
  "base_method_name": "mma",
  "method_modality": "",
  "mode": "open",
  "num_qas": 28,
  "num_qas_run": 28,
  "dialog_json": "/common/home/mg1998/.cache/memeye_hf/MemEye/data/dialog/Outdoor_Navigation_Route_Memory_Assistant_Open.json",
  "image_root": "/common/home/mg1998/.cache/memeye_hf/MemEye/data/image",
  "run_dir": "/common/home/mg1998/MemoryBench/Benchmark_Pipeline/runs/outdoor_navigation_route_memory_assistant_open/20260426_110714_gpt_5_4_mini_mma",
  "git_commit": "054322ce5a2f8d0e731520e829f334c056239afd",
  "summary": {
    "open_count": 28,
    "overall": {
      "em": 0.0,
      "contains_gt": 0.0,
      "f1": 0.12454212454212454,
      "bleu": 0.016786463386967397,
      "bleu_1": 0.07915273198479239,
      "bleu_2": 0.027852279376106296
    },
    "by_x": {
      "X3": {
        "em": 0.0,
        "contains_gt": 0.0,
        "f1": 0.15797720797720796,
        "bleu": 0.018262294162327393,
        "bleu_1": 0.09862952228677682,
        "bleu_2": 0.034048902955363725
      },
      "X1": {
        "em": 0.0,
        "contains_gt": 0.0,
        "f1": 0.18888888888888888,
        "bleu": 0.042999664541576776,
        "bleu_1": 0.12614836480406807,
        "bleu_2": 0.04885705160374536
      },
      "X4": {
        "em": 0.0,
        "contains_gt": 0.0,
        "f1": 0.015384615384615385,
        "bleu": 0.0024601372576927537,
        "bleu_1": 0.0125,
        "bleu_2": 0.00408248290463863
      },
      "X2": {
        "em": 0.0,
        "contains_gt": 0.0,
        "f1": 0.0,
        "bleu": 0.0,
        "bleu_1": 0.0,
        "bleu_2": 0.0
      }
    },
    "by_y": {
      "Y2": {
        "em": 0.0,
        "contains_gt": 0.0,
        "f1": 0.1377207977207977,
        "bleu": 0.013987745139870653,
        "bleu_1": 0.07942611203841743,
        "bleu_2": 0.028707993959876603
      },
      "Y1": {
        "em": 0.0,
        "contains_gt": 0.0,
        "f1": 0.4,
        "bleu": 0.11362193664674995,
        "bleu_1": 0.3333333333333333,
        "bleu_2": 0.12909944487358058
      },
      "Y3": {
        "em": 0.0,
        "contains_gt": 0.0,
        "f1": 0.08511396011396011,
        "bleu": 0.012215238424189784,
        "bleu_1": 0.05762929013871601,
        "bleu_2": 0.01834537235493722
      }
    },
    "by_cell": {
      "X3_Y2": {
        "em": 0.0,
        "contains_gt": 0.0,
        "f1": 0.1589086127547666,
        "bleu": 0.016139705930619985,
        "bleu_1": 0.09164551389048166,
        "bleu_2": 0.033124608415242236
      },
      "X1_Y1": {
        "em": 0.0,
        "contains_gt": 0.0,
        "f1": 0.4,
        "bleu": 0.11362193664674995,
        "bleu_1": 0.3333333333333333,
        "bleu_2": 0.12909944487358058
      },
      "X4_Y2": {
        "em": 0.0,
        "contains_gt": 0.0,
        "f1": 0.0,
        "bleu": 0.0,
        "bleu_1": 0.0,
        "bleu_2": 0.0
      },
      "X2_Y2": {
        "em": 0.0,
        "contains_gt": 0.0,
        "f1": 0.0,
        "bleu": 0.0,
        "bleu_1": 0.0,
        "bleu_2": 0.0
      },
      "X3_Y3": {
        "em": 0.0,
        "contains_gt": 0.0,
        "f1": 0.15555555555555556,
        "bleu": 0.023781023564766652,
        "bleu_1": 0.11678794411714424,
        "bleu_2": 0.0364520687596796
      },
      "X4_Y3": {
        "em": 0.0,
        "contains_gt": 0.0,
        "f1": 0.019230769230769232,
        "bleu": 0.003075171572115942,
        "bleu_1": 0.015625,
        "bleu_2": 0.005103103630798287
      },
      "X1_Y3": {
        "em": 0.0,
        "contains_gt": 0.0,
        "f1": 0.08333333333333333,
        "bleu": 0.007688528488990184,
        "bleu_1": 0.022555880539435448,
        "bleu_2": 0.008735854968827747
      },
      "X2_Y3": {
        "em": 0.0,
        "contains_gt": 0.0,
        "f1": 0.0,
        "bleu": 0.0,
        "bleu_1": 0.0,
        "bleu_2": 0.0
      }
    }
  }
}