{
  "task_name": "cartoon_entertainment_companion_open",
  "model_name": "gemini_2_5_flash_lite",
  "model_path": "gemini-2.5-flash-lite",
  "method_name": "semantic_rag_text_only",
  "base_method_name": "semantic_rag_text_only",
  "method_modality": "",
  "mode": "open",
  "num_qas": 112,
  "num_qas_run": 112,
  "dialog_json": "/common/home/mg1998/MemoryBench/Benchmark_Pipeline/data/dialog/Cartoon_Entertainment_Companion_Open.json",
  "image_root": "/common/home/mg1998/.cache/memeye_hf/MemEye/data/image",
  "run_dir": "/common/home/mg1998/MemoryBench/Benchmark_Pipeline/runs/cartoon_entertainment_companion_open/20260422_033503_gemini_2_5_flash_lite_semantic_rag_text_only",
  "git_commit": "265dcfb5db60d50bff9abf401df5dcdd59de51fa",
  "summary": {
    "open_count": 112,
    "overall": {
      "em": 0.08035714285714286,
      "contains_gt": 0.13392857142857142,
      "f1": 0.28822710526502693,
      "bleu": 0.07920076231531498,
      "bleu_1": 0.22107670622605505,
      "bleu_2": 0.16034596379951935
    },
    "by_x": {
      "X3": {
        "em": 0.03571428571428571,
        "contains_gt": 0.07142857142857142,
        "f1": 0.17352186039791612,
        "bleu": 0.027831552448981067,
        "bleu_1": 0.1240103423266045,
        "bleu_2": 0.07921622542604023
      },
      "X4": {
        "em": 0.044444444444444446,
        "contains_gt": 0.1111111111111111,
        "f1": 0.2551931410979782,
        "bleu": 0.06706697744628763,
        "bleu_1": 0.1817329885278511,
        "bleu_2": 0.12186561507306054
      },
      "X2": {
        "em": 0.05555555555555555,
        "contains_gt": 0.05555555555555555,
        "f1": 0.3704200737534071,
        "bleu": 0.12079390172670809,
        "bleu_1": 0.28175708821986223,
        "bleu_2": 0.21991241071872378
      },
      "X1": {
        "em": 0.23809523809523808,
        "contains_gt": 0.3333333333333333,
        "f1": 0.44150338197957245,
        "bleu": 0.138042747360958,
        "bleu_1": 0.3827947352601152,
        "bleu_2": 0.29991988392344227
      }
    },
    "by_y": {
      "Y1": {
        "em": 0.045454545454545456,
        "contains_gt": 0.11363636363636363,
        "f1": 0.19226486476486476,
        "bleu": 0.05441946113234343,
        "bleu_1": 0.14647559063086776,
        "bleu_2": 0.09584034715712135
      },
      "Y2": {
        "em": 0.12280701754385964,
        "contains_gt": 0.17543859649122806,
        "f1": 0.3801099273818397,
        "bleu": 0.10963302936538424,
        "bleu_1": 0.2960479869125688,
        "bleu_2": 0.22704753293928778
      },
      "Y3": {
        "em": 0.0,
        "contains_gt": 0.0,
        "f1": 0.19595598902400982,
        "bleu": 0.020631492333205857,
        "bleu_1": 0.13099362323123298,
        "bleu_2": 0.0727330266448567
      }
    },
    "by_cell": {
      "X3_Y1": {
        "em": 0.0,
        "contains_gt": 0.06666666666666667,
        "f1": 0.09259362859362859,
        "bleu": 0.012659314044295383,
        "bleu_1": 0.06444103089264379,
        "bleu_2": 0.034776156891307274
      },
      "X4_Y2": {
        "em": 0.0,
        "contains_gt": 0.047619047619047616,
        "f1": 0.2919428867985744,
        "bleu": 0.05329058368736932,
        "bleu_1": 0.1884896042688601,
        "bleu_2": 0.11170800618471094
      },
      "X2_Y2": {
        "em": 0.1,
        "contains_gt": 0.1,
        "f1": 0.39776623376623377,
        "bleu": 0.183585864611218,
        "bleu_1": 0.3441898692835833,
        "bleu_2": 0.301764204847739
      },
      "X3_Y2": {
        "em": 0.07692307692307693,
        "contains_gt": 0.07692307692307693,
        "f1": 0.26690058940286326,
        "bleu": 0.045337981377464545,
        "bleu_1": 0.1927441632119438,
        "bleu_2": 0.13049322758150134
      },
      "X2_Y1": {
        "em": 0.0,
        "contains_gt": 0.0,
        "f1": 0.3827080327080327,
        "bleu": 0.05238009032150455,
        "bleu_1": 0.2361292209216627,
        "bleu_2": 0.13952046965162504
      },
      "X4_Y1": {
        "em": 0.10526315789473684,
        "contains_gt": 0.21052631578947367,
        "f1": 0.21395261658419554,
        "bleu": 0.0926682242291098,
        "bleu_1": 0.18160789671406052,
        "bleu_2": 0.14061433775075446
      },
      "X1_Y1": {
        "em": 0.0,
        "contains_gt": 0.0,
        "f1": 0.17735042735042733,
        "bleu": 0.03239744421914168,
        "bleu_1": 0.15274629031784964,
        "bleu_2": 0.046634421592411344
      },
      "X4_Y3": {
        "em": 0.0,
        "contains_gt": 0.0,
        "f1": 0.25755820230784804,
        "bleu": 0.027643093459020295,
        "bleu_1": 0.1538305513080175,
        "bleu_2": 0.09328242622889198
      },
      "X2_Y3": {
        "em": 0.0,
        "contains_gt": 0.0,
        "f1": 0.19682539682539685,
        "bleu": 0.01207552151976923,
        "bleu_1": 0.10647678479585532,
        "bleu_2": 0.05182926327494383
      },
      "X1_Y2": {
        "em": 0.38461538461538464,
        "contains_gt": 0.5384615384615384,
        "f1": 0.6221611721611722,
        "bleu": 0.2080560009517636,
        "bleu_1": 0.5360677499830196,
        "bleu_2": 0.4524451723556589
      },
      "X1_Y3": {
        "em": 0.0,
        "contains_gt": 0.0,
        "f1": 0.11851851851851854,
        "bleu": 0.016144976332656123,
        "bleu_1": 0.11470588235294119,
        "bleu_2": 0.05749815884976905
      }
    }
  },
  "method_runtime": {
    "retrieval_backend": "dense_text",
    "retrieval_corpus": "round_text",
    "method_modality": "text_only",
    "top_k": 10,
    "neighbor_window": 0,
    "seed_round_ids": [
      "CX10:1",
      "TC3:1",
      "TC6:1",
      "TC1:1",
      "TC8:1",
      "TC2:1",
      "TC4:1",
      "CX4:1",
      "CX6:1",
      "CX15:1"
    ],
    "selected_round_ids": [
      "CX10:1",
      "TC3:1",
      "TC6:1",
      "TC1:1",
      "TC8:1",
      "TC2:1",
      "TC4:1",
      "CX4:1",
      "CX6:1",
      "CX15:1"
    ],
    "top_candidates": [
      {
        "round_id": "CX10:1",
        "score": 0.6741287099513246,
        "text_dense_score": 0.6741287099513246
      },
      {
        "round_id": "TC3:1",
        "score": 0.5572213727935549,
        "text_dense_score": 0.5572213727935549
      },
      {
        "round_id": "TC6:1",
        "score": 0.5436348410627435,
        "text_dense_score": 0.5436348410627435
      },
      {
        "round_id": "TC1:1",
        "score": 0.49948601107477986,
        "text_dense_score": 0.49948601107477986
      },
      {
        "round_id": "TC8:1",
        "score": 0.498263041606133,
        "text_dense_score": 0.498263041606133
      }
    ],
    "clue_hit_count": 2,
    "corpus_entry_count": 299,
    "text_embedding_model": "all-MiniLM-L6-v2",
    "caption_text_included": true,
    "image_embeddings_built": false,
    "history_source": "retrieval",
    "captions_loaded": true,
    "images_loaded": false,
    "history_turns_after_truncation": 20
  }
}