{
  "task_name": "brand_memory_test_open",
  "model_name": "gemini_2_5_flash_lite",
  "model_path": "gemini-2.5-flash-lite",
  "method_name": "reflexion",
  "base_method_name": "reflexion",
  "method_modality": "",
  "mode": "open",
  "num_qas": 33,
  "num_qas_run": 33,
  "dialog_json": "/common/home/mg1998/.cache/memeye_hf/MemEye/data/dialog/Brand_Memory_Test_Open.json",
  "image_root": "/common/home/mg1998/.cache/memeye_hf/MemEye/data/image",
  "run_dir": "/common/home/mg1998/MemoryBench/Benchmark_Pipeline/runs/brand_memory_test_open/20260422_023128_gemini_2_5_flash_lite_reflexion",
  "git_commit": "662f5209977d226875c4c7398d7f80e2c655606e",
  "summary": {
    "open_count": 33,
    "overall": {
      "em": 0.24242424242424243,
      "contains_gt": 0.24242424242424243,
      "f1": 0.31191919191919193,
      "bleu": 0.09484846952194509,
      "bleu_1": 0.28274424704008855,
      "bleu_2": 0.20585990059598064
    },
    "by_x": {
      "X2": {
        "em": 0.3333333333333333,
        "contains_gt": 0.3333333333333333,
        "f1": 0.42518518518518517,
        "bleu": 0.11032686560373237,
        "bleu_1": 0.3582254991789209,
        "bleu_2": 0.34545147967007034
      },
      "X4": {
        "em": 0.0,
        "contains_gt": 0.0,
        "f1": 0.3333333333333333,
        "bleu": 0.047772139610218346,
        "bleu_1": 0.25,
        "bleu_2": 0.06454972243679029
      },
      "X1": {
        "em": 0.22727272727272727,
        "contains_gt": 0.22727272727272727,
        "f1": 0.2636363636363636,
        "bleu": 0.09279606475318909,
        "bleu_1": 0.2548423027142106,
        "bleu_2": 0.16160063444377942
      }
    },
    "by_y": {
      "Y1": {
        "em": 0.3333333333333333,
        "contains_gt": 0.3333333333333333,
        "f1": 0.8222222222222222,
        "bleu": 0.20119129359297325,
        "bleu_1": 0.7021768865708778,
        "bleu_2": 0.5785433681954046
      },
      "Y2": {
        "em": 0.23333333333333334,
        "contains_gt": 0.23333333333333334,
        "f1": 0.2608888888888889,
        "bleu": 0.08421418711484227,
        "bleu_1": 0.24080098308700962,
        "bleu_2": 0.16859155383603824
      }
    },
    "by_cell": {
      "X2_Y1": {
        "em": 1.0,
        "contains_gt": 1.0,
        "f1": 1.0,
        "bleu": 0.316227766016838,
        "bleu_1": 1.0,
        "bleu_2": 1.0
      },
      "X4_Y1": {
        "em": 0.0,
        "contains_gt": 0.0,
        "f1": 0.6666666666666666,
        "bleu": 0.09554427922043669,
        "bleu_1": 0.5,
        "bleu_2": 0.12909944487358058
      },
      "X2_Y2": {
        "em": 0.25,
        "contains_gt": 0.25,
        "f1": 0.35333333333333333,
        "bleu": 0.08458925305209417,
        "bleu_1": 0.27800368657628605,
        "bleu_2": 0.26363291462882915
      },
      "X1_Y2": {
        "em": 0.23809523809523808,
        "contains_gt": 0.23809523809523808,
        "f1": 0.23809523809523808,
        "bleu": 0.08808150423945309,
        "bleu_1": 0.23809523809523808,
        "bleu_2": 0.14041349038335782
      },
      "X4_Y2": {
        "em": 0.0,
        "contains_gt": 0.0,
        "f1": 0.0,
        "bleu": 0.0,
        "bleu_1": 0.0,
        "bleu_2": 0.0
      },
      "X1_Y1": {
        "em": 0.0,
        "contains_gt": 0.0,
        "f1": 0.8,
        "bleu": 0.19180183554164504,
        "bleu_1": 0.6065306597126334,
        "bleu_2": 0.6065306597126334
      }
    }
  },
  "method_runtime": {
    "num_memories": 72,
    "debug_dir": "/common/home/mg1998/MemoryBench/output/brand_memory_test_open/reflexion"
  }
}