{
  "task_name": "social_chat_memory_test",
  "model_name": "gpt_4_1_nano",
  "model_path": "gpt-4.1-nano",
  "method_name": "simplemem__multimodal",
  "base_method_name": "simplemem",
  "method_modality": "multimodal",
  "mode": "mcq",
  "num_qas": 37,
  "num_qas_run": 37,
  "dialog_json": "/common/home/mg1998/MemoryBench/Benchmark_Pipeline/data/dialog/Social_Chat_Memory_Test.json",
  "image_root": "/common/home/mg1998/MemoryBench/Benchmark_Pipeline/data/image",
  "run_dir": "/common/home/mg1998/MemoryBench/Benchmark_Pipeline/runs/social_chat_memory_test/20260424_161721_gpt_4_1_nano_simplemem__multimodal",
  "git_commit": "658ab1743219fa7a98e5672df9c7253b6b5b5e6d",
  "summary": {
    "open_count": 37,
    "overall": {
      "em": 0.5675675675675675,
      "contains_gt": 0.5405405405405406,
      "f1": 0.5675675675675675
    },
    "by_x": {
      "X3": {
        "em": 0.6206896551724138,
        "contains_gt": 0.5862068965517241,
        "f1": 0.6206896551724138
      },
      "X1": {
        "em": 0.4,
        "contains_gt": 0.4,
        "f1": 0.4
      },
      "X2": {
        "em": 0.5,
        "contains_gt": 0.5,
        "f1": 0.5
      },
      "X4": {
        "em": 0.0,
        "contains_gt": 0.0,
        "f1": 0.0
      }
    },
    "by_y": {
      "Y2": {
        "em": 0.52,
        "contains_gt": 0.52,
        "f1": 0.52
      },
      "Y3": {
        "em": 0.6666666666666666,
        "contains_gt": 0.5,
        "f1": 0.6666666666666666
      },
      "Y1": {
        "em": 0.6666666666666666,
        "contains_gt": 0.6666666666666666,
        "f1": 0.6666666666666666
      }
    },
    "by_cell": {
      "X3_Y2": {
        "em": 0.5909090909090909,
        "contains_gt": 0.5909090909090909,
        "f1": 0.5909090909090909
      },
      "X3_Y3": {
        "em": 0.75,
        "contains_gt": 0.5,
        "f1": 0.75
      },
      "X3_Y1": {
        "em": 0.6666666666666666,
        "contains_gt": 0.6666666666666666,
        "f1": 0.6666666666666666
      },
      "X1_Y1": {
        "em": 0.5,
        "contains_gt": 0.5,
        "f1": 0.5
      },
      "X1_Y2": {
        "em": 0.0,
        "contains_gt": 0.0,
        "f1": 0.0
      },
      "X2_Y1": {
        "em": 1.0,
        "contains_gt": 1.0,
        "f1": 1.0
      },
      "X2_Y2": {
        "em": 0.0,
        "contains_gt": 0.0,
        "f1": 0.0
      },
      "X4_Y2": {
        "em": 0.0,
        "contains_gt": 0.0,
        "f1": 0.0
      },
      "X1_Y3": {
        "em": 0.5,
        "contains_gt": 0.5,
        "f1": 0.5
      }
    },
    "mcq_count": 37,
    "mcq_valid_rate": 0.9459459459459459,
    "mcq_overall": {
      "em": 0.5675675675675675,
      "contains_gt": 0.5405405405405406,
      "f1": 0.5675675675675675
    },
    "mcq_per_position_accuracy": {
      "A": 0.5675675675675675,
      "B": 0.5675675675675675,
      "C": 0.5945945945945946,
      "D": 0.5405405405405406
    }
  },
  "method_runtime": {
    "num_memories": 53,
    "debug_dir": "/common/home/mg1998/MemoryBench/output/social_chat_memory_test/simplemem",
    "data_dir": "/common/home/mg1998/MemoryBench/runs/simplemem/social_chat_memory_test"
  }
}
