{
  "task_name": "cartoon_entertainment_companion_open",
  "model_name": "gpt_5_4_mini",
  "model_path": "gpt-5.4-mini",
  "method_name": "m2a",
  "base_method_name": "m2a",
  "method_modality": "",
  "mode": "open",
  "num_qas": 76,
  "num_qas_run": 76,
  "dialog_json": "/common/home/mg1998/MemoryBench/Benchmark_Pipeline/data/dialog/Cartoon_Entertainment_Companion_Open.json",
  "image_root": "/common/home/mg1998/.cache/memeye_hf/MemEye/data/image",
  "run_dir": "/common/home/mg1998/MemoryBench/Benchmark_Pipeline/runs/cartoon_entertainment_companion_open/20260425_153702_gpt_5_4_mini_m2a",
  "git_commit": "7eb4b31f1f56487e02ecff48e751fe66ab6c6c5f",
  "summary": {
    "open_count": 76,
    "overall": {
      "em": 0.013157894736842105,
      "contains_gt": 0.07894736842105263,
      "f1": 0.20098671725546552,
      "bleu": 0.04630251796505949,
      "bleu_1": 0.14435328590396737,
      "bleu_2": 0.08642083009677486,
      "judge": 0.3684210526315789
    },
    "by_x": {
      "X3": {
        "em": 0.0,
        "contains_gt": 0.041666666666666664,
        "f1": 0.15092179291869695,
        "bleu": 0.022878760474539888,
        "bleu_1": 0.10612812434392527,
        "bleu_2": 0.04342573055026071,
        "judge": 0.2708333333333333
      },
      "X4": {
        "em": 0.0,
        "contains_gt": 0.038461538461538464,
        "f1": 0.1994646120235712,
        "bleu": 0.039913300002787956,
        "bleu_1": 0.13842601140988237,
        "bleu_2": 0.08293184760910187,
        "judge": 0.36538461538461536
      },
      "X2": {
        "em": 0.0,
        "contains_gt": 0.0,
        "f1": 0.24565753498639994,
        "bleu": 0.03638822665631379,
        "bleu_1": 0.18597319815081167,
        "bleu_2": 0.11976096239389188,
        "judge": 0.3
      },
      "X1": {
        "em": 0.0625,
        "contains_gt": 0.25,
        "f1": 0.25063826368061265,
        "bleu": 0.09801706545749622,
        "bleu_1": 0.185310404142641,
        "bleu_2": 0.13574549327331656,
        "judge": 0.5625
      }
    },
    "by_y": {
      "Y1": {
        "em": 0.0,
        "contains_gt": 0.09090909090909091,
        "f1": 0.15370770733677516,
        "bleu": 0.028314346202191424,
        "bleu_1": 0.10894071059032534,
        "bleu_2": 0.05710599241106088,
        "judge": 0.22727272727272727
      },
      "Y2": {
        "em": 0.02631578947368421,
        "contains_gt": 0.07894736842105263,
        "f1": 0.24954048020734831,
        "bleu": 0.06627488438606688,
        "bleu_1": 0.1838672464224758,
        "bleu_2": 0.11791661402894878,
        "judge": 0.4342105263157895
      },
      "Y3": {
        "em": 0.0,
        "contains_gt": 0.0,
        "f1": 0.14401958428451278,
        "bleu": 0.013234466800332688,
        "bleu_1": 0.07777018303334092,
        "bleu_2": 0.04053080093796534,
        "judge": 0.8
      }
    },
    "by_cell": {
      "X3_Y1": {
        "em": 0.0,
        "contains_gt": 0.08333333333333333,
        "f1": 0.14745624745624744,
        "bleu": 0.02113937748662254,
        "bleu_1": 0.10445257088417273,
        "bleu_2": 0.046229534868026514,
        "judge": 0.2916666666666667
      },
      "X4_Y2": {
        "em": 0.0,
        "contains_gt": 0.0,
        "f1": 0.3186067687246871,
        "bleu": 0.06334511808541782,
        "bleu_1": 0.22293595680692455,
        "bleu_2": 0.14038951161289556,
        "judge": 0.5769230769230769
      },
      "X2_Y2": {
        "em": 0.0,
        "contains_gt": 0.0,
        "f1": 0.20016454134101191,
        "bleu": 0.036894539464865525,
        "bleu_1": 0.16841104276626984,
        "bleu_2": 0.12257185246618033,
        "judge": 0.4
      },
      "X3_Y2": {
        "em": 0.0,
        "contains_gt": 0.0,
        "f1": 0.15438733838114643,
        "bleu": 0.024618143462457238,
        "bleu_1": 0.10780367780367779,
        "bleu_2": 0.0406219262324949,
        "judge": 0.25
      },
      "X4_Y1": {
        "em": 0.0,
        "contains_gt": 0.08333333333333333,
        "f1": 0.0765993265993266,
        "bleu": 0.017295232742475027,
        "bleu_1": 0.05543288103771975,
        "bleu_2": 0.026638607851108363,
        "judge": 0.08333333333333333
      },
      "X1_Y1": {
        "em": 0.0,
        "contains_gt": 0.25,
        "f1": 0.2319837025719379,
        "bleu": 0.07343713317108397,
        "bleu_1": 0.1646853146853147,
        "bleu_2": 0.10633241883184337,
        "judge": 0.5
      },
      "X1_Y2": {
        "em": 0.125,
        "contains_gt": 0.375,
        "f1": 0.3108974358974359,
        "bleu": 0.15188358158578688,
        "bleu_1": 0.24413607226107226,
        "bleu_2": 0.19443066312644633,
        "judge": 0.5
      },
      "X2_Y1": {
        "em": 0.0,
        "contains_gt": 0.0,
        "f1": 0.291150528631788,
        "bleu": 0.03588191384776206,
        "bleu_1": 0.2035353535353535,
        "bleu_2": 0.11695007232160343,
        "judge": 0.2
      },
      "X1_Y3": {
        "em": 0.0,
        "contains_gt": 0.0,
        "f1": 0.14877448035564098,
        "bleu": 0.014863965487327144,
        "bleu_1": 0.08828415736310473,
        "bleu_2": 0.0477882280085302,
        "judge": 0.75
      },
      "X4_Y3": {
        "em": 0.0,
        "contains_gt": 0.0,
        "f1": 0.125,
        "bleu": 0.006716472052354862,
        "bleu_1": 0.03571428571428572,
        "bleu_2": 0.011501092655705905,
        "judge": 1.0
      }
    }
  },
  "judge": {
    "enabled": true,
    "model": "gpt-5.2",
    "scored_open_rows": 76
  }
}