{
  "task_name": "visual_case_archive_assistant",
  "model_name": "gpt_4_1_nano",
  "model_path": "gpt-4.1-nano",
  "method_name": "m2a_lite",
  "mode": "open",
  "num_qas": 17,
  "num_qas_run": 17,
  "dialog_json": "/common/home/mg1998/.cache/memeye_hf/MemEye/data/dialog/Visual_Case_Archive_Assistant.json",
  "image_root": "/common/home/mg1998/.cache/memeye_hf/MemEye/data/image",
  "run_dir": "/common/home/mg1998/MemoryBench/Benchmark_Pipeline/runs/visual_case_archive_assistant/20260323_161132_gpt_4_1_nano_m2a_lite",
  "git_commit": "b58523ed9176f0e60b5e1215ef53db207001b571",
  "summary": {
    "open_count": 17,
    "open_exact_rate": 0.11764705882352941,
    "open_contains_rate": 0.23529411764705882,
    "open_f1_avg": 0.28858174848886925,
    "open_bleu_1_avg": 0.263331269793716,
    "open_bleu_2_avg": 0.1317882118189455,
    "point_metrics": {
      "X2|Y1": {
        "open_exact_rate": 0.0,
        "open_contains_rate": 0.0,
        "open_f1_avg": 0.22222222222222224,
        "open_bleu_1_avg": 0.19607843137254902,
        "open_bleu_2_avg": 0.09038769075777342
      },
      "X2|Y2": {
        "open_exact_rate": 0.25,
        "open_contains_rate": 0.375,
        "open_f1_avg": 0.37781954887218044,
        "open_bleu_1_avg": 0.35946471511836925,
        "open_bleu_2_avg": 0.15722678643512367
      },
      "X3|Y2": {
        "open_exact_rate": 0.0,
        "open_contains_rate": 0.0,
        "open_f1_avg": 0.125,
        "open_bleu_1_avg": 0.07999999999999999,
        "open_bleu_2_avg": 0.040824829046386304
      },
      "X4|Y1": {
        "open_exact_rate": 0.0,
        "open_contains_rate": 0.0,
        "open_f1_avg": 0.6666666666666666,
        "open_bleu_1_avg": 0.5714285714285714,
        "open_bleu_2_avg": 0.5345224838248488
      },
      "X2|Y3": {
        "open_exact_rate": 0.0,
        "open_contains_rate": 0.0,
        "open_f1_avg": 0.0,
        "open_bleu_1_avg": 0.0,
        "open_bleu_2_avg": 0.0
      },
      "X0|Y2": {
        "open_exact_rate": 0.0,
        "open_contains_rate": 0.5,
        "open_f1_avg": 0.15000000000000002,
        "open_bleu_1_avg": 0.140625,
        "open_bleu_2_avg": 0.04762504762507144
      }
    },
    "x_metrics": {
      "X2": {
        "open_exact_rate": 0.16666666666666666,
        "open_contains_rate": 0.25,
        "open_f1_avg": 0.30743525480367584,
        "open_bleu_1_avg": 0.28866275125538343,
        "open_bleu_2_avg": 0.1274147803128591
      },
      "X3": {
        "open_exact_rate": 0.0,
        "open_contains_rate": 0.0,
        "open_f1_avg": 0.125,
        "open_bleu_1_avg": 0.07999999999999999,
        "open_bleu_2_avg": 0.040824829046386304
      },
      "X4": {
        "open_exact_rate": 0.0,
        "open_contains_rate": 0.0,
        "open_f1_avg": 0.6666666666666666,
        "open_bleu_1_avg": 0.5714285714285714,
        "open_bleu_2_avg": 0.5345224838248488
      },
      "X0": {
        "open_exact_rate": 0.0,
        "open_contains_rate": 0.5,
        "open_f1_avg": 0.15000000000000002,
        "open_bleu_1_avg": 0.140625,
        "open_bleu_2_avg": 0.04762504762507144
      }
    },
    "y_metrics": {
      "Y1": {
        "open_exact_rate": 0.0,
        "open_contains_rate": 0.0,
        "open_f1_avg": 0.33333333333333337,
        "open_bleu_1_avg": 0.2899159663865546,
        "open_bleu_2_avg": 0.20142138902454226
      },
      "Y2": {
        "open_exact_rate": 0.16666666666666666,
        "open_contains_rate": 0.3333333333333333,
        "open_f1_avg": 0.29771303258145365,
        "open_bleu_1_avg": 0.2764139767455795,
        "open_bleu_2_avg": 0.11955950373532538
      },
      "Y3": {
        "open_exact_rate": 0.0,
        "open_contains_rate": 0.0,
        "open_f1_avg": 0.0,
        "open_bleu_1_avg": 0.0,
        "open_bleu_2_avg": 0.0
      }
    }
  }
}