{
  "task_name": "personal_health_dashboard_assistant",
  "model_name": "gemini_2_5_flash_lite",
  "model_path": "gemini-2.5-flash-lite",
  "method_name": "clue_only_context__multimodal",
  "base_method_name": "clue_only_context",
  "method_modality": "multimodal",
  "mode": "mcq",
  "num_qas": 51,
  "num_qas_run": 51,
  "dialog_json": "/common/home/mg1998/MemoryBench/Benchmark_Pipeline/data/dialog/Personal_Health_Dashboard_Assistant.json",
  "image_root": "/common/home/mg1998/MemoryBench/Benchmark_Pipeline/data/image",
  "run_dir": "/common/home/mg1998/MemoryBench/Benchmark_Pipeline/runs/personal_health_dashboard_assistant/20260424_220124_gemini_2_5_flash_lite_clue_only_context__multimodal",
  "git_commit": "658ab1743219fa7a98e5672df9c7253b6b5b5e6d",
  "summary": {
    "open_count": 51,
    "overall": {
      "em": 0.3872549019607843,
      "contains_gt": 0.45098039215686275,
      "f1": 0.3872549019607843
    },
    "by_x": {
      "X4": {
        "em": 0.35795454545454547,
        "contains_gt": 0.4318181818181818,
        "f1": 0.35795454545454547
      },
      "X2": {
        "em": 0.3125,
        "contains_gt": 0.5,
        "f1": 0.3125
      },
      "X1": {
        "em": 0.9166666666666666,
        "contains_gt": 0.6666666666666666,
        "f1": 0.9166666666666666
      }
    },
    "by_y": {
      "Y2": {
        "em": 0.3352272727272727,
        "contains_gt": 0.4090909090909091,
        "f1": 0.3352272727272727
      },
      "Y3": {
        "em": 0.6666666666666666,
        "contains_gt": 0.6666666666666666,
        "f1": 0.6666666666666666
      },
      "Y1": {
        "em": 1.0,
        "contains_gt": 1.0,
        "f1": 1.0
      }
    },
    "by_cell": {
      "X4_Y2": {
        "em": 0.3375,
        "contains_gt": 0.4,
        "f1": 0.3375
      },
      "X4_Y3": {
        "em": 0.5625,
        "contains_gt": 0.75,
        "f1": 0.5625
      },
      "X2_Y2": {
        "em": 0.3125,
        "contains_gt": 0.5,
        "f1": 0.3125
      },
      "X1_Y3": {
        "em": 0.875,
        "contains_gt": 0.5,
        "f1": 0.875
      },
      "X1_Y1": {
        "em": 1.0,
        "contains_gt": 1.0,
        "f1": 1.0
      }
    },
    "mcq_count": 51,
    "mcq_valid_rate": 1.0,
    "mcq_overall": {
      "em": 0.3872549019607843,
      "contains_gt": 0.45098039215686275,
      "f1": 0.3872549019607843
    },
    "mcq_per_position_accuracy": {
      "A": 0.5490196078431373,
      "B": 0.23529411764705882,
      "C": 0.3137254901960784,
      "D": 0.45098039215686275
    }
  },
  "method_runtime": {
    "method_modality": "multimodal",
    "history_source": "clue_only",
    "captions_loaded": false,
    "images_loaded": true,
    "history_turns_after_truncation": 6
  }
}