{
  "task_name": "cartoon_entertainment_companion",
  "model_name": "gpt_4_1_nano",
  "model_path": "gpt-4.1-nano",
  "method_name": "a_mem",
  "base_method_name": "a_mem",
  "method_modality": "",
  "mode": "mcq",
  "num_qas": 76,
  "num_qas_run": 76,
  "dialog_json": "/Users/qingyuejiao/Desktop/MemoryBench/Benchmark_Pipeline/data/dialog/Cartoon_Entertainment_Companion.json",
  "image_root": "/Users/qingyuejiao/Desktop/MemoryBench/Benchmark_Pipeline/data/image",
  "run_dir": "/Users/qingyuejiao/Desktop/MemoryBench/Benchmark_Pipeline/runs/cartoon_entertainment_companion/20260424_221454_gpt_4_1_nano_a_mem",
  "git_commit": "b24985b9af7b246db9e6e807768083d0acb8c78a",
  "summary": {
    "open_count": 76,
    "overall": {
      "em": 0.48355263157894735,
      "contains_gt": 0.39473684210526316,
      "f1": 0.48355263157894735
    },
    "by_x": {
      "X2": {
        "em": 0.4166666666666667,
        "contains_gt": 0.5,
        "f1": 0.4166666666666667
      },
      "X4": {
        "em": 0.59375,
        "contains_gt": 0.5416666666666666,
        "f1": 0.59375
      },
      "X3": {
        "em": 0.38333333333333336,
        "contains_gt": 0.23333333333333334,
        "f1": 0.38333333333333336
      },
      "X1": {
        "em": 0.53125,
        "contains_gt": 0.4375,
        "f1": 0.53125
      }
    },
    "by_y": {
      "Y1": {
        "em": 0.5833333333333334,
        "contains_gt": 0.48484848484848486,
        "f1": 0.5833333333333334
      },
      "Y2": {
        "em": 0.40789473684210525,
        "contains_gt": 0.3157894736842105,
        "f1": 0.40789473684210525
      },
      "Y3": {
        "em": 0.4,
        "contains_gt": 0.4,
        "f1": 0.4
      }
    },
    "by_cell": {
      "X2_Y1": {
        "em": 0.4375,
        "contains_gt": 0.75,
        "f1": 0.4375
      },
      "X4_Y2": {
        "em": 0.5681818181818182,
        "contains_gt": 0.5454545454545454,
        "f1": 0.5681818181818182
      },
      "X3_Y2": {
        "em": 0.3088235294117647,
        "contains_gt": 0.17647058823529413,
        "f1": 0.3088235294117647
      },
      "X2_Y2": {
        "em": 0.375,
        "contains_gt": 0.0,
        "f1": 0.375
      },
      "X4_Y1": {
        "em": 0.6666666666666666,
        "contains_gt": 0.5833333333333334,
        "f1": 0.6666666666666666
      },
      "X3_Y1": {
        "em": 0.4807692307692308,
        "contains_gt": 0.3076923076923077,
        "f1": 0.4807692307692308
      },
      "X1_Y1": {
        "em": 0.8125,
        "contains_gt": 0.5,
        "f1": 0.8125
      },
      "X1_Y2": {
        "em": 0.40625,
        "contains_gt": 0.375,
        "f1": 0.40625
      },
      "X1_Y3": {
        "em": 0.5,
        "contains_gt": 0.5,
        "f1": 0.5
      },
      "X4_Y3": {
        "em": 0.0,
        "contains_gt": 0.0,
        "f1": 0.0
      }
    },
    "mcq_count": 76,
    "mcq_valid_rate": 1.0,
    "mcq_overall": {
      "em": 0.48355263157894735,
      "contains_gt": 0.39473684210526316,
      "f1": 0.48355263157894735
    },
    "mcq_per_position_accuracy": {
      "A": 0.5526315789473685,
      "B": 0.4868421052631579,
      "C": 0.5,
      "D": 0.39473684210526316
    }
  },
  "method_runtime": {
    "num_memories": 299,
    "debug_dir": "/Users/qingyuejiao/Desktop/MemoryBench/output/cartoon_entertainment_companion/a_mem"
  }
}
