{
  "task_name": "cartoon_entertainment_companion",
  "model_name": "gpt_5_4_mini",
  "model_path": "gpt-5.4-mini",
  "method_name": "clue_only_context__multimodal",
  "base_method_name": "clue_only_context",
  "method_modality": "multimodal",
  "mode": "mcq",
  "num_qas": 76,
  "num_qas_run": 76,
  "dialog_json": "/common/home/mg1998/MemoryBench/Benchmark_Pipeline/data/dialog/Cartoon_Entertainment_Companion.json",
  "image_root": "/common/home/mg1998/.cache/memeye_hf/MemEye/data/image",
  "run_dir": "/common/home/mg1998/MemoryBench/Benchmark_Pipeline/runs/cartoon_entertainment_companion/20260425_184137_gpt_5_4_mini_clue_only_context__multimodal",
  "git_commit": "7eb4b31f1f56487e02ecff48e751fe66ab6c6c5f",
  "summary": {
    "open_count": 76,
    "overall": {
      "em": 0.805921052631579,
      "contains_gt": 0.8026315789473685,
      "f1": 0.805921052631579
    },
    "by_x": {
      "X2": {
        "em": 0.5833333333333334,
        "contains_gt": 0.6666666666666666,
        "f1": 0.5833333333333334
      },
      "X4": {
        "em": 0.84375,
        "contains_gt": 0.8333333333333334,
        "f1": 0.84375
      },
      "X3": {
        "em": 0.7916666666666666,
        "contains_gt": 0.7333333333333333,
        "f1": 0.7916666666666666
      },
      "X1": {
        "em": 0.859375,
        "contains_gt": 0.9375,
        "f1": 0.859375
      }
    },
    "by_y": {
      "Y1": {
        "em": 0.8787878787878788,
        "contains_gt": 0.8484848484848485,
        "f1": 0.8787878787878788
      },
      "Y2": {
        "em": 0.7368421052631579,
        "contains_gt": 0.7631578947368421,
        "f1": 0.7368421052631579
      },
      "Y3": {
        "em": 0.85,
        "contains_gt": 0.8,
        "f1": 0.85
      }
    },
    "by_cell": {
      "X2_Y1": {
        "em": 0.75,
        "contains_gt": 0.75,
        "f1": 0.75
      },
      "X4_Y2": {
        "em": 0.8409090909090909,
        "contains_gt": 0.8181818181818182,
        "f1": 0.8409090909090909
      },
      "X3_Y2": {
        "em": 0.7352941176470589,
        "contains_gt": 0.7058823529411765,
        "f1": 0.7352941176470589
      },
      "X2_Y2": {
        "em": 0.25,
        "contains_gt": 0.5,
        "f1": 0.25
      },
      "X4_Y1": {
        "em": 0.8958333333333334,
        "contains_gt": 0.9166666666666666,
        "f1": 0.8958333333333334
      },
      "X3_Y1": {
        "em": 0.8653846153846154,
        "contains_gt": 0.7692307692307693,
        "f1": 0.8653846153846154
      },
      "X1_Y1": {
        "em": 1.0,
        "contains_gt": 1.0,
        "f1": 1.0
      },
      "X1_Y2": {
        "em": 0.71875,
        "contains_gt": 0.875,
        "f1": 0.71875
      },
      "X1_Y3": {
        "em": 1.0,
        "contains_gt": 1.0,
        "f1": 1.0
      },
      "X4_Y3": {
        "em": 0.25,
        "contains_gt": 0.0,
        "f1": 0.25
      }
    },
    "mcq_count": 76,
    "mcq_valid_rate": 1.0,
    "mcq_overall": {
      "em": 0.805921052631579,
      "contains_gt": 0.8026315789473685,
      "f1": 0.805921052631579
    },
    "mcq_per_position_accuracy": {
      "A": 0.8026315789473685,
      "B": 0.7894736842105263,
      "C": 0.8289473684210527,
      "D": 0.8026315789473685
    }
  },
  "method_runtime": {
    "method_modality": "multimodal",
    "history_source": "clue_only",
    "captions_loaded": false,
    "images_loaded": true,
    "history_turns_after_truncation": 4
  }
}
