{
  "task_name": "concat_cartoon_card",
  "model_name": "gpt_5_4_mini",
  "model_path": "gpt-5.4-mini",
  "method_name": "simplemem",
  "base_method_name": "simplemem",
  "method_modality": "",
  "mode": "mcq",
  "num_qas": 124,
  "num_qas_run": 124,
  "dialog_json": "/Users/qingyuejiao/Desktop/MemoryBench/Benchmark_Pipeline/data/dialog/concat_cartoon_card.json",
  "image_root": "/Users/qingyuejiao/Desktop/MemoryBench/Benchmark_Pipeline/data/image",
  "run_dir": "/Users/qingyuejiao/Desktop/MemoryBench/Benchmark_Pipeline/runs/concat_cartoon_card/20260427_174345_gpt_5_4_mini_simplemem",
  "git_commit": "d8ac0cb71367c6f0314274b4a514968eab3f678b",
  "summary": {
    "open_count": 124,
    "overall": {
      "em": 0.49798387096774194,
      "contains_gt": 0.5080645161290323,
      "f1": 0.49798387096774194
    },
    "by_x": {
      "X2": {
        "em": 0.5833333333333334,
        "contains_gt": 0.6666666666666666,
        "f1": 0.5833333333333334
      },
      "X4": {
        "em": 0.4201388888888889,
        "contains_gt": 0.3888888888888889,
        "f1": 0.4201388888888889
      },
      "X3": {
        "em": 0.55,
        "contains_gt": 0.6333333333333333,
        "f1": 0.55
      },
      "X1": {
        "em": 0.71875,
        "contains_gt": 0.75,
        "f1": 0.71875
      }
    },
    "by_y": {
      "Y1": {
        "em": 0.6363636363636364,
        "contains_gt": 0.696969696969697,
        "f1": 0.6363636363636364
      },
      "Y2": {
        "em": 0.4925373134328358,
        "contains_gt": 0.4925373134328358,
        "f1": 0.4925373134328358
      },
      "Y3": {
        "em": 0.3229166666666667,
        "contains_gt": 0.2916666666666667,
        "f1": 0.3229166666666667
      }
    },
    "by_cell": {
      "X2_Y1": {
        "em": 0.625,
        "contains_gt": 0.75,
        "f1": 0.625
      },
      "X4_Y2": {
        "em": 0.44375,
        "contains_gt": 0.4,
        "f1": 0.44375
      },
      "X3_Y2": {
        "em": 0.45588235294117646,
        "contains_gt": 0.5294117647058824,
        "f1": 0.45588235294117646
      },
      "X2_Y2": {
        "em": 0.5,
        "contains_gt": 0.5,
        "f1": 0.5
      },
      "X4_Y1": {
        "em": 0.5833333333333334,
        "contains_gt": 0.5833333333333334,
        "f1": 0.5833333333333334
      },
      "X3_Y1": {
        "em": 0.6730769230769231,
        "contains_gt": 0.7692307692307693,
        "f1": 0.6730769230769231
      },
      "X1_Y1": {
        "em": 0.6875,
        "contains_gt": 0.75,
        "f1": 0.6875
      },
      "X1_Y2": {
        "em": 0.8125,
        "contains_gt": 0.875,
        "f1": 0.8125
      },
      "X1_Y3": {
        "em": 0.5625,
        "contains_gt": 0.5,
        "f1": 0.5625
      },
      "X4_Y3": {
        "em": 0.275,
        "contains_gt": 0.25,
        "f1": 0.275
      }
    },
    "mcq_count": 124,
    "mcq_valid_rate": 0.9516129032258065,
    "mcq_overall": {
      "em": 0.49798387096774194,
      "contains_gt": 0.5080645161290323,
      "f1": 0.49798387096774194
    },
    "mcq_per_position_accuracy": {
      "A": 0.47580645161290325,
      "B": 0.5403225806451613,
      "C": 0.46774193548387094,
      "D": 0.5080645161290323
    }
  },
  "method_runtime": {
    "num_memories": 329,
    "debug_dir": "/Users/qingyuejiao/Desktop/MemoryBench/output/concat_cartoon_card/simplemem",
    "data_dir": "/Users/qingyuejiao/Desktop/MemoryBench/runs/simplemem/concat_cartoon_card"
  }
}
