{
  "task_name": "brand_memory_test",
  "model_name": "gpt_4_1_nano",
  "model_path": "gpt-4.1-nano",
  "method_name": "full_context_no_visual",
  "base_method_name": "full_context_no_visual",
  "method_modality": "",
  "mode": "mcq",
  "num_qas": 29,
  "num_qas_run": 29,
  "dialog_json": "/Users/qingyuejiao/Desktop/MemoryBench/Benchmark_Pipeline/data/dialog/Brand_Memory_Test.json",
  "image_root": "/Users/qingyuejiao/Desktop/MemoryBench/Benchmark_Pipeline/data/image",
  "run_dir": "/Users/qingyuejiao/Desktop/MemoryBench/Benchmark_Pipeline/runs/mcq_clean_ablation_20260424_full/brand_memory_test/20260424_153421_gpt_4_1_nano_full_context_no_visual",
  "git_commit": "b24985b9af7b246db9e6e807768083d0acb8c78a",
  "summary": {
    "open_count": 29,
    "overall": {
      "em": 0.3879310344827586,
      "contains_gt": 0.27586206896551724,
      "f1": 0.3879310344827586
    },
    "by_x": {
      "X4": {
        "em": 0.25,
        "contains_gt": 0.0,
        "f1": 0.25
      },
      "X3": {
        "em": 0.55,
        "contains_gt": 0.8,
        "f1": 0.55
      },
      "X1": {
        "em": 0.36904761904761907,
        "contains_gt": 0.19047619047619047,
        "f1": 0.36904761904761907
      },
      "X2": {
        "em": 0.25,
        "contains_gt": 0.0,
        "f1": 0.25
      }
    },
    "by_y": {
      "Y1": {
        "em": 0.75,
        "contains_gt": 0.5,
        "f1": 0.75
      },
      "Y2": {
        "em": 0.3611111111111111,
        "contains_gt": 0.25925925925925924,
        "f1": 0.3611111111111111
      }
    },
    "by_cell": {
      "X4_Y1": {
        "em": 0.5,
        "contains_gt": 0.0,
        "f1": 0.5
      },
      "X3_Y2": {
        "em": 0.55,
        "contains_gt": 0.8,
        "f1": 0.55
      },
      "X1_Y2": {
        "em": 0.3375,
        "contains_gt": 0.15,
        "f1": 0.3375
      },
      "X2_Y2": {
        "em": 0.25,
        "contains_gt": 0.0,
        "f1": 0.25
      },
      "X4_Y2": {
        "em": 0.0,
        "contains_gt": 0.0,
        "f1": 0.0
      },
      "X1_Y1": {
        "em": 1.0,
        "contains_gt": 1.0,
        "f1": 1.0
      }
    },
    "mcq_count": 29,
    "mcq_valid_rate": 1.0,
    "mcq_overall": {
      "em": 0.3879310344827586,
      "contains_gt": 0.27586206896551724,
      "f1": 0.3879310344827586
    },
    "mcq_per_position_accuracy": {
      "A": 0.5862068965517241,
      "B": 0.27586206896551724,
      "C": 0.41379310344827586,
      "D": 0.27586206896551724
    }
  },
  "method_runtime": {
    "method_modality": "no_visual",
    "history_source": "full_context",
    "captions_loaded": false,
    "images_loaded": false,
    "history_turns_after_truncation": 144,
    "history_turns_before_truncation": 144
  }
}