{
  "task_name": "brand_memory_test_open",
  "model_name": "gpt_5_4_mini",
  "model_path": "gpt-5.4-mini",
  "method_name": "semantic_rag_text_only",
  "base_method_name": "semantic_rag_text_only",
  "method_modality": "",
  "mode": "open",
  "num_qas": 29,
  "num_qas_run": 29,
  "dialog_json": "/Users/qingyuejiao/Desktop/MemoryBench/Benchmark_Pipeline/data/dialog/Brand_Memory_Test_Open.json",
  "image_root": "/Users/qingyuejiao/Desktop/MemoryBench/Benchmark_Pipeline/data/image",
  "run_dir": "/Users/qingyuejiao/Desktop/MemoryBench/Benchmark_Pipeline/runs/brand_memory_test_open/20260426_105500_gpt_5_4_mini_semantic_rag_text_only",
  "git_commit": "f50478ca8d87824ef1e9bc48c2b9e0d49e54305a",
  "summary": {
    "open_count": 29,
    "overall": {
      "em": 0.41379310344827586,
      "contains_gt": 0.4482758620689655,
      "f1": 0.49261083743842365,
      "bleu": 0.094327947998855,
      "bleu_1": 0.472097372367802,
      "bleu_2": 0.18913764125722643,
      "judge": 0.46551724137931033
    },
    "by_x": {
      "X4": {
        "em": 0.0,
        "contains_gt": 0.0,
        "f1": 0.0,
        "bleu": 0.0,
        "bleu_1": 0.0,
        "bleu_2": 0.0,
        "judge": 0.0
      },
      "X2": {
        "em": 0.16666666666666666,
        "contains_gt": 0.3333333333333333,
        "f1": 0.4365079365079365,
        "bleu": 0.08242754737086874,
        "bleu_1": 0.35112053522711756,
        "bleu_2": 0.1555522574592474,
        "judge": 0.3333333333333333
      },
      "X1": {
        "em": 0.5238095238095238,
        "contains_gt": 0.5238095238095238,
        "f1": 0.5555555555555556,
        "bleu": 0.10671167655912298,
        "bleu_1": 0.5516238374906454,
        "bleu_2": 0.2167465738906706,
        "judge": 0.5476190476190477
      }
    },
    "by_y": {
      "Y1": {
        "em": 0.0,
        "contains_gt": 0.0,
        "f1": 0.0,
        "bleu": 0.0,
        "bleu_1": 0.0,
        "bleu_2": 0.0,
        "judge": 0.0
      },
      "Y2": {
        "em": 0.4444444444444444,
        "contains_gt": 0.48148148148148145,
        "f1": 0.5291005291005291,
        "bleu": 0.10131520340617758,
        "bleu_1": 0.5070675480987503,
        "bleu_2": 0.20314783690590987,
        "judge": 0.5
      }
    },
    "by_cell": {
      "X4_Y1": {
        "em": 0.0,
        "contains_gt": 0.0,
        "f1": 0.0,
        "bleu": 0.0,
        "bleu_1": 0.0,
        "bleu_2": 0.0,
        "judge": 0.0
      },
      "X2_Y2": {
        "em": 0.16666666666666666,
        "contains_gt": 0.3333333333333333,
        "f1": 0.4365079365079365,
        "bleu": 0.08242754737086874,
        "bleu_1": 0.35112053522711756,
        "bleu_2": 0.1555522574592474,
        "judge": 0.3333333333333333
      },
      "X1_Y2": {
        "em": 0.55,
        "contains_gt": 0.55,
        "f1": 0.5833333333333334,
        "bleu": 0.11204726038707913,
        "bleu_1": 0.5792050293651777,
        "bleu_2": 0.2275839025852041,
        "judge": 0.575
      },
      "X4_Y2": {
        "em": 0.0,
        "contains_gt": 0.0,
        "f1": 0.0,
        "bleu": 0.0,
        "bleu_1": 0.0,
        "bleu_2": 0.0,
        "judge": 0.0
      },
      "X1_Y1": {
        "em": 0.0,
        "contains_gt": 0.0,
        "f1": 0.0,
        "bleu": 0.0,
        "bleu_1": 0.0,
        "bleu_2": 0.0,
        "judge": 0.0
      }
    }
  },
  "method_runtime": {
    "retrieval_backend": "dense_text",
    "retrieval_corpus": "round_text",
    "method_modality": "text_only",
    "top_k": 10,
    "neighbor_window": 0,
    "seed_round_ids": [
      "BRAND_S6:R2",
      "BRAND_S3:R2",
      "BRAND_S38:R1",
      "BRAND_S41:R2",
      "BRAND_S2:R2",
      "BRAND_S3:R1",
      "BRAND_S18:R1",
      "BRAND_S40:R1",
      "BRAND_S34:R1",
      "BRAND_S27:R1"
    ],
    "selected_round_ids": [
      "BRAND_S6:R2",
      "BRAND_S3:R2",
      "BRAND_S38:R1",
      "BRAND_S41:R2",
      "BRAND_S2:R2",
      "BRAND_S3:R1",
      "BRAND_S18:R1",
      "BRAND_S40:R1",
      "BRAND_S34:R1",
      "BRAND_S27:R1"
    ],
    "top_candidates": [
      {
        "round_id": "BRAND_S6:R2",
        "score": 0.5446735945303565,
        "text_dense_score": 0.5446735945303565
      },
      {
        "round_id": "BRAND_S3:R2",
        "score": 0.502954915160265,
        "text_dense_score": 0.502954915160265
      },
      {
        "round_id": "BRAND_S38:R1",
        "score": 0.4380383903146317,
        "text_dense_score": 0.4380383903146317
      },
      {
        "round_id": "BRAND_S41:R2",
        "score": 0.3951525935920911,
        "text_dense_score": 0.3951525935920911
      },
      {
        "round_id": "BRAND_S2:R2",
        "score": 0.3935978297464791,
        "text_dense_score": 0.3935978297464791
      }
    ],
    "clue_hit_count": 0,
    "corpus_entry_count": 72,
    "text_embedding_model": "all-MiniLM-L6-v2",
    "caption_text_included": true,
    "image_embeddings_built": false,
    "history_source": "retrieval",
    "captions_loaded": true,
    "images_loaded": false,
    "history_turns_after_truncation": 20
  },
  "judge_model": "gpt-5.2",
  "judge_rescored_from_predictions": true,
  "judge": {
    "enabled": true,
    "model": "gpt-5.2",
    "scored_open_rows": 29
  }
}
