{
  "task_name": "personal_health_dashboard_assistant_open",
  "model_name": "gpt_5_4_mini",
  "model_path": "gpt-5.4-mini",
  "method_name": "gen_agents__text_only",
  "base_method_name": "gen_agents",
  "method_modality": "text_only",
  "mode": "open",
  "num_qas": 51,
  "num_qas_run": 51,
  "dialog_json": "/Users/qingyuejiao/Desktop/MemoryBench/Benchmark_Pipeline/data/dialog/Personal_Health_Dashboard_Assistant_Open.json",
  "image_root": "/Users/qingyuejiao/Desktop/MemoryBench/Benchmark_Pipeline/data/image",
  "run_dir": "/Users/qingyuejiao/Desktop/MemoryBench/Benchmark_Pipeline/runs/personal_health_dashboard_assistant_open/20260426_130827_gpt_5_4_mini_gen_agents__text_only",
  "git_commit": "f50478ca8d87824ef1e9bc48c2b9e0d49e54305a",
  "summary": {
    "open_count": 51,
    "overall": {
      "em": 0.0784313725490196,
      "contains_gt": 0.21568627450980393,
      "f1": 0.18981990295743917,
      "bleu": 0.08934380169414843,
      "bleu_1": 0.1577328908974387,
      "bleu_2": 0.12959379170630717,
      "judge": 0.21568627450980393
    },
    "by_x": {
      "X4": {
        "em": 0.09090909090909091,
        "contains_gt": 0.25,
        "f1": 0.1998165036804661,
        "bleu": 0.09978034151960082,
        "bleu_1": 0.16796662004370952,
        "bleu_2": 0.14080711727978334,
        "judge": 0.2159090909090909
      },
      "X3": {
        "em": 0.0,
        "contains_gt": 0.0,
        "f1": 0.0,
        "bleu": 0.0,
        "bleu_1": 0.0,
        "bleu_2": 0.0,
        "judge": 0.0
      },
      "X1": {
        "em": 0.0,
        "contains_gt": 0.0,
        "f1": 0.2962962962962963,
        "bleu": 0.055399619846378104,
        "bleu_1": 0.21794871794871795,
        "bleu_2": 0.13792340557039962,
        "judge": 0.5
      }
    },
    "by_y": {
      "Y2": {
        "em": 0.09090909090909091,
        "contains_gt": 0.25,
        "f1": 0.1806508208784197,
        "bleu": 0.09731817379962845,
        "bleu_1": 0.1592700761215227,
        "bleu_2": 0.13765418865599724,
        "judge": 0.18181818181818182
      },
      "Y3": {
        "em": 0.0,
        "contains_gt": 0.0,
        "f1": 0.25165945165945164,
        "bleu": 0.04267622979956595,
        "bleu_1": 0.1471079887627035,
        "bleu_2": 0.08611555540930255,
        "judge": 0.5
      },
      "Y1": {
        "em": 0.0,
        "contains_gt": 0.0,
        "f1": 0.2222222222222222,
        "bleu": 0.018476860420522198,
        "bleu_1": 0.15384615384615385,
        "bleu_2": 0.03580574370197164,
        "judge": 0.0
      }
    },
    "by_cell": {
      "X4_Y2": {
        "em": 0.1,
        "contains_gt": 0.275,
        "f1": 0.19871590296626165,
        "bleu": 0.1070499911795913,
        "bleu_1": 0.17519708373367496,
        "bleu_2": 0.15141960752159697,
        "judge": 0.2
      },
      "X4_Y3": {
        "em": 0.0,
        "contains_gt": 0.0,
        "f1": 0.21082251082251083,
        "bleu": 0.027083844919695895,
        "bleu_1": 0.09566198314405525,
        "bleu_2": 0.03468221486164702,
        "judge": 0.375
      },
      "X3_Y2": {
        "em": 0.0,
        "contains_gt": 0.0,
        "f1": 0.0,
        "bleu": 0.0,
        "bleu_1": 0.0,
        "bleu_2": 0.0,
        "judge": 0.0
      },
      "X1_Y3": {
        "em": 0.0,
        "contains_gt": 0.0,
        "f1": 0.3333333333333333,
        "bleu": 0.07386099955930606,
        "bleu_1": 0.25,
        "bleu_2": 0.1889822365046136,
        "judge": 0.75
      },
      "X1_Y1": {
        "em": 0.0,
        "contains_gt": 0.0,
        "f1": 0.2222222222222222,
        "bleu": 0.018476860420522198,
        "bleu_1": 0.15384615384615385,
        "bleu_2": 0.03580574370197164,
        "judge": 0.0
      }
    }
  },
  "method_runtime": {
    "caption_validation_passed": true,
    "caption_validation_round_count": 62,
    "method_modality": "text_only",
    "history_source": "retrieval",
    "captions_loaded": true,
    "images_loaded": false,
    "num_memories": 97,
    "debug_dir": "/Users/qingyuejiao/Desktop/MemoryBench/Benchmark_Pipeline/output/personal_health_dashboard_assistant/gen_agents",
    "history_turns_after_truncation": 1,
    "retrieved_round_ids": [
      "HEALTH_S10:R6",
      "HEALTH_S10:R1",
      "HEALTH_S11:R1",
      "HEALTH_S7:R9",
      "HEALTH_S11:R7",
      "HEALTH_S12:R7",
      "HEALTH_S9:R6"
    ]
  },
  "judge_model": "gpt-5.2",
  "judge_rescored_from_predictions": true
}
