{
  "task_name": "concat_multiscene_outdoor_open",
  "model_name": "gpt_5_4_mini",
  "model_path": "gpt-5.4-mini",
  "method_name": "m2a",
  "base_method_name": "m2a",
  "method_modality": "",
  "mode": "open",
  "num_qas": 78,
  "num_qas_run": 78,
  "dialog_json": "/common/home/mg1998/MemoryBench/Benchmark_Pipeline/data/dialog/concat_multiscene_outdoor_open.json",
  "image_root": "/common/home/mg1998/.cache/memeye_hf/MemEye/data/image",
  "run_dir": "/common/home/mg1998/MemoryBench/Benchmark_Pipeline/runs/concat_multiscene_outdoor_open/20260427_061724_gpt_5_4_mini_m2a",
  "git_commit": "d8ac0cb71367c6f0314274b4a514968eab3f678b",
  "summary": {
    "open_count": 78,
    "overall": {
      "em": 0.02564102564102564,
      "contains_gt": 0.08974358974358974,
      "f1": 0.2475019434064227,
      "bleu": 0.07914841765013342,
      "bleu_1": 0.1855466298084386,
      "bleu_2": 0.13397985097135418,
      "judge": 0.32051282051282054
    },
    "by_x": {
      "X4": {
        "em": 0.0,
        "contains_gt": 0.0,
        "f1": 0.28174603174603174,
        "bleu": 0.11211662684131657,
        "bleu_1": 0.21382275132275133,
        "bleu_2": 0.16507686670767463,
        "judge": 0.5
      },
      "X3": {
        "em": 0.046511627906976744,
        "contains_gt": 0.11627906976744186,
        "f1": 0.2892000204142481,
        "bleu": 0.09400610366571249,
        "bleu_1": 0.22226912791605957,
        "bleu_2": 0.16712939531938717,
        "judge": 0.36046511627906974
      },
      "X2": {
        "em": 0.0,
        "contains_gt": 0.08695652173913043,
        "f1": 0.18842767052930515,
        "bleu": 0.04879410771795307,
        "bleu_1": 0.130028689685343,
        "bleu_2": 0.0773118511592568,
        "judge": 0.21739130434782608
      },
      "X1": {
        "em": 0.0,
        "contains_gt": 0.0,
        "f1": 0.0,
        "bleu": 0.0,
        "bleu_1": 0.0,
        "bleu_2": 0.0,
        "judge": 0.0
      }
    },
    "by_y": {
      "Y2": {
        "em": 0.0,
        "contains_gt": 0.043478260869565216,
        "f1": 0.1907155095152273,
        "bleu": 0.054520985289553944,
        "bleu_1": 0.1451470063042953,
        "bleu_2": 0.09874287318026699,
        "judge": 0.30434782608695654
      },
      "Y3": {
        "em": 0.0,
        "contains_gt": 0.08695652173913043,
        "f1": 0.23282205240160844,
        "bleu": 0.07742155069464197,
        "bleu_1": 0.16613838876346199,
        "bleu_2": 0.11579223884454948,
        "judge": 0.2391304347826087
      },
      "Y1": {
        "em": 0.0625,
        "contains_gt": 0.125,
        "f1": 0.29886836442542963,
        "bleu": 0.0980905702835594,
        "bleu_1": 0.2285335324531186,
        "bleu_2": 0.17237877497483897,
        "judge": 0.390625
      }
    },
    "by_cell": {
      "X4_Y2": {
        "em": 0.0,
        "contains_gt": 0.0,
        "f1": 0.39107142857142857,
        "bleu": 0.19156886591322067,
        "bleu_1": 0.3072916666666667,
        "bleu_2": 0.2536220135762148,
        "judge": 0.75
      },
      "X3_Y2": {
        "em": 0.0,
        "contains_gt": 0.16666666666666666,
        "f1": 0.234245575624886,
        "bleu": 0.0518681327656263,
        "bleu_1": 0.17847707847707847,
        "bleu_2": 0.12801438254995712,
        "judge": 0.25
      },
      "X3_Y3": {
        "em": 0.0,
        "contains_gt": 0.0,
        "f1": 0.24438996040826702,
        "bleu": 0.0986925686596631,
        "bleu_1": 0.19560616517138257,
        "bleu_2": 0.1503928173731763,
        "judge": 0.25
      },
      "X3_Y1": {
        "em": 0.06451612903225806,
        "contains_gt": 0.12903225806451613,
        "f1": 0.3085092794068951,
        "bleu": 0.10125478222819036,
        "bleu_1": 0.23590558188709018,
        "bleu_2": 0.17793938061918863,
        "judge": 0.4032258064516129
      },
      "X2_Y3": {
        "em": 0.0,
        "contains_gt": 0.2,
        "f1": 0.29171388713588203,
        "bleu": 0.09457660760998202,
        "bleu_1": 0.1952307855293235,
        "bleu_2": 0.12896608431213677,
        "judge": 0.25
      },
      "X4_Y3": {
        "em": 0.0,
        "contains_gt": 0.0,
        "f1": 0.19428571428571428,
        "bleu": 0.048554835583793296,
        "bleu_1": 0.13904761904761906,
        "bleu_2": 0.0942407492128425,
        "judge": 0.3
      },
      "X2_Y2": {
        "em": 0.0,
        "contains_gt": 0.0,
        "f1": 0.10897673467809214,
        "bleu": 0.013576800108700021,
        "bleu_1": 0.07987323134381957,
        "bleu_2": 0.03757782565704145,
        "judge": 0.19230769230769232
      },
      "X1_Y1": {
        "em": 0.0,
        "contains_gt": 0.0,
        "f1": 0.0,
        "bleu": 0.0,
        "bleu_1": 0.0,
        "bleu_2": 0.0,
        "judge": 0.0
      },
      "X1_Y3": {
        "em": 0.0,
        "contains_gt": 0.0,
        "f1": 0.0,
        "bleu": 0.0,
        "bleu_1": 0.0,
        "bleu_2": 0.0,
        "judge": 0.0
      }
    }
  },
  "judge": {
    "enabled": true,
    "model": "gpt-5.2",
    "scored_open_rows": 78
  }
}
