{
  "task_name": "card_playlog_test",
  "model_name": "gpt_5_4_mini",
  "model_path": "gpt-5.4-mini",
  "method_name": "full_context_multimodal",
  "base_method_name": "full_context_multimodal",
  "method_modality": "",
  "mode": "mcq",
  "num_qas": 48,
  "num_qas_run": 48,
  "dialog_json": "/common/home/mg1998/MemoryBench/Benchmark_Pipeline/data/dialog/Card_Playlog_Test.json",
  "image_root": "/common/home/mg1998/MemoryBench/Benchmark_Pipeline/data/image",
  "run_dir": "/common/home/mg1998/MemoryBench/Benchmark_Pipeline/runs/card_playlog_test/20260425_162729_gpt_5_4_mini_full_context_multimodal",
  "git_commit": "7eb4b31f1f56487e02ecff48e751fe66ab6c6c5f",
  "summary": {
    "open_count": 48,
    "overall": {
      "em": 0.4375,
      "contains_gt": 0.3958333333333333,
      "f1": 0.4375
    },
    "by_x": {
      "X4": {
        "em": 0.4375,
        "contains_gt": 0.3958333333333333,
        "f1": 0.4375
      }
    },
    "by_y": {
      "Y3": {
        "em": 0.5526315789473685,
        "contains_gt": 0.5789473684210527,
        "f1": 0.5526315789473685
      },
      "Y2": {
        "em": 0.3620689655172414,
        "contains_gt": 0.27586206896551724,
        "f1": 0.3620689655172414
      }
    },
    "by_cell": {
      "X4_Y3": {
        "em": 0.5526315789473685,
        "contains_gt": 0.5789473684210527,
        "f1": 0.5526315789473685
      },
      "X4_Y2": {
        "em": 0.3620689655172414,
        "contains_gt": 0.27586206896551724,
        "f1": 0.3620689655172414
      }
    },
    "mcq_count": 48,
    "mcq_valid_rate": 1.0,
    "mcq_overall": {
      "em": 0.4375,
      "contains_gt": 0.3958333333333333,
      "f1": 0.4375
    },
    "mcq_per_position_accuracy": {
      "A": 0.4166666666666667,
      "B": 0.5208333333333334,
      "C": 0.4166666666666667,
      "D": 0.3958333333333333
    }
  },
  "method_runtime": {
    "method_modality": "multimodal",
    "history_source": "full_context",
    "captions_loaded": false,
    "images_loaded": true,
    "history_turns_after_truncation": 60,
    "history_turns_before_truncation": 60
  }
}