{
  "task_name": "social_chat_memory_test",
  "model_name": "gpt_4_1_nano",
  "model_path": "gpt-4.1-nano",
  "method_name": "semantic_rag_multimodal",
  "base_method_name": "semantic_rag_multimodal",
  "method_modality": "multimodal",
  "mode": "mcq",
  "num_qas": 37,
  "num_qas_run": 37,
  "dialog_json": "/Users/qingyuejiao/Desktop/MemoryBench/Benchmark_Pipeline/data/dialog/Social_Chat_Memory_Test.json",
  "image_root": "/Users/qingyuejiao/Desktop/MemoryBench/Benchmark_Pipeline/data/image",
  "run_dir": "/Users/qingyuejiao/Desktop/MemoryBench/Benchmark_Pipeline/runs/social_chat_memory_test/20260424_210812_gpt_4_1_nano_semantic_rag_multimodal",
  "git_commit": "b24985b9af7b246db9e6e807768083d0acb8c78a",
  "summary": {
    "open_count": 37,
    "overall": {
      "em": 0.40540540540540543,
      "contains_gt": 0.24324324324324326,
      "f1": 0.40540540540540543
    },
    "by_x": {
      "X3": {
        "em": 0.39655172413793105,
        "contains_gt": 0.2413793103448276,
        "f1": 0.39655172413793105
      },
      "X1": {
        "em": 0.45,
        "contains_gt": 0.2,
        "f1": 0.45
      },
      "X2": {
        "em": 0.5,
        "contains_gt": 0.5,
        "f1": 0.5
      },
      "X4": {
        "em": 0.25,
        "contains_gt": 0.0,
        "f1": 0.25
      }
    },
    "by_y": {
      "Y2": {
        "em": 0.43,
        "contains_gt": 0.24,
        "f1": 0.43
      },
      "Y3": {
        "em": 0.2916666666666667,
        "contains_gt": 0.16666666666666666,
        "f1": 0.2916666666666667
      },
      "Y1": {
        "em": 0.4166666666666667,
        "contains_gt": 0.3333333333333333,
        "f1": 0.4166666666666667
      }
    },
    "by_cell": {
      "X3_Y2": {
        "em": 0.4431818181818182,
        "contains_gt": 0.2727272727272727,
        "f1": 0.4431818181818182
      },
      "X3_Y3": {
        "em": 0.375,
        "contains_gt": 0.25,
        "f1": 0.375
      },
      "X3_Y1": {
        "em": 0.08333333333333333,
        "contains_gt": 0.0,
        "f1": 0.08333333333333333
      },
      "X1_Y1": {
        "em": 0.75,
        "contains_gt": 0.5,
        "f1": 0.75
      },
      "X1_Y2": {
        "em": 0.5,
        "contains_gt": 0.0,
        "f1": 0.5
      },
      "X2_Y1": {
        "em": 0.75,
        "contains_gt": 1.0,
        "f1": 0.75
      },
      "X2_Y2": {
        "em": 0.25,
        "contains_gt": 0.0,
        "f1": 0.25
      },
      "X4_Y2": {
        "em": 0.25,
        "contains_gt": 0.0,
        "f1": 0.25
      },
      "X1_Y3": {
        "em": 0.125,
        "contains_gt": 0.0,
        "f1": 0.125
      }
    },
    "mcq_count": 37,
    "mcq_valid_rate": 1.0,
    "mcq_overall": {
      "em": 0.40540540540540543,
      "contains_gt": 0.24324324324324326,
      "f1": 0.40540540540540543
    },
    "mcq_per_position_accuracy": {
      "A": 0.6216216216216216,
      "B": 0.40540540540540543,
      "C": 0.35135135135135137,
      "D": 0.24324324324324326
    }
  },
  "method_runtime": {
    "retrieval_backend": "dense_multimodal",
    "retrieval_corpus": "round_text",
    "method_modality": "multimodal",
    "top_k": 10,
    "neighbor_window": 0,
    "seed_round_ids": [
      "CHAT_S18:R2",
      "CHAT_S35:R2",
      "CHAT_S15:R2",
      "CHAT_S2:R2",
      "CHAT_S4:R2",
      "CHAT_S28:R2",
      "CHAT_S11:R2",
      "CHAT_S3:R2",
      "CHAT_S19:R2",
      "CHAT_S26:R2"
    ],
    "selected_round_ids": [
      "CHAT_S18:R2",
      "CHAT_S35:R2",
      "CHAT_S15:R2",
      "CHAT_S2:R2",
      "CHAT_S4:R2",
      "CHAT_S28:R2",
      "CHAT_S11:R2",
      "CHAT_S3:R2",
      "CHAT_S19:R2",
      "CHAT_S26:R2"
    ],
    "top_candidates": [
      {
        "round_id": "CHAT_S18:R2",
        "score": 0.08448036932934072,
        "text_dense_score": 0.06549520710296511,
        "image_dense_score": 0.10346553155571635,
        "indexed_image_count": 1,
        "best_image_path": "/Users/qingyuejiao/Desktop/MemoryBench/Benchmark_Pipeline/data/image/Social_Chat_Memory_Test/screenshots/F4_2.png"
      },
      {
        "round_id": "CHAT_S35:R2",
        "score": 0.08419214965217858,
        "text_dense_score": 0.06549520710296511,
        "image_dense_score": 0.10288909220139204,
        "indexed_image_count": 1,
        "best_image_path": "/Users/qingyuejiao/Desktop/MemoryBench/Benchmark_Pipeline/data/image/Social_Chat_Memory_Test/screenshots/R4_2.png"
      },
      {
        "round_id": "CHAT_S15:R2",
        "score": 0.07790054318825558,
        "text_dense_score": 0.06549520710296511,
        "image_dense_score": 0.09030587927354605,
        "indexed_image_count": 1,
        "best_image_path": "/Users/qingyuejiao/Desktop/MemoryBench/Benchmark_Pipeline/data/image/Social_Chat_Memory_Test/screenshots/R2_2.png"
      },
      {
        "round_id": "CHAT_S2:R2",
        "score": 0.07762508631941624,
        "text_dense_score": 0.06549520710296511,
        "image_dense_score": 0.08975496553586737,
        "indexed_image_count": 1,
        "best_image_path": "/Users/qingyuejiao/Desktop/MemoryBench/Benchmark_Pipeline/data/image/Social_Chat_Memory_Test/screenshots/B1_2.png"
      },
      {
        "round_id": "CHAT_S4:R2",
        "score": 0.07642997165474352,
        "text_dense_score": 0.06549520710296511,
        "image_dense_score": 0.08736473620652195,
        "indexed_image_count": 1,
        "best_image_path": "/Users/qingyuejiao/Desktop/MemoryBench/Benchmark_Pipeline/data/image/Social_Chat_Memory_Test/screenshots/B2_2.png"
      }
    ],
    "clue_hit_count": 1,
    "corpus_entry_count": 53,
    "text_embedding_model": "all-MiniLM-L6-v2",
    "multimodal_embedding_model": "siglip2-base-patch16-384",
    "text_dense_weight": 0.5,
    "image_dense_weight": 0.5,
    "caption_text_included": false,
    "image_embeddings_built": true,
    "multi_image_indexing_enabled": true,
    "indexed_image_count": 43,
    "history_source": "retrieval",
    "captions_loaded": false,
    "images_loaded": true,
    "history_turns_after_truncation": 20
  }
}
