{
  "task_name": "concat_quad_b_open",
  "model_name": "gpt_5_4_mini",
  "model_path": "gpt-5.4-mini",
  "method_name": "m2a",
  "base_method_name": "m2a",
  "method_modality": "",
  "mode": "open",
  "num_qas": 181,
  "num_qas_run": 181,
  "dialog_json": "/common/home/mg1998/MemoryBench/Benchmark_Pipeline/data/dialog/concat_quad_b_open.json",
  "image_root": "/common/home/mg1998/.cache/memeye_hf/MemEye/data/image",
  "run_dir": "/common/home/mg1998/MemoryBench/Benchmark_Pipeline/runs/concat_quad_b_open/20260427_012144_gpt_5_4_mini_m2a",
  "git_commit": "d8ac0cb71367c6f0314274b4a514968eab3f678b",
  "summary": {
    "open_count": 181,
    "overall": {
      "em": 0.022099447513812154,
      "contains_gt": 0.13259668508287292,
      "f1": 0.1927938763253003,
      "bleu": 0.06484488637571816,
      "bleu_1": 0.1447761722152719,
      "bleu_2": 0.09880615917031858,
      "judge": 0.2596685082872928
    },
    "by_x": {
      "X4": {
        "em": 0.0,
        "contains_gt": 0.19672131147540983,
        "f1": 0.15815358215225053,
        "bleu": 0.05084780575180247,
        "bleu_1": 0.11010995114858411,
        "bleu_2": 0.08034548600677696,
        "judge": 0.21311475409836064
      },
      "X2": {
        "em": 0.0,
        "contains_gt": 0.06060606060606061,
        "f1": 0.13627766121265183,
        "bleu": 0.028283989542830585,
        "bleu_1": 0.10233831226481856,
        "bleu_2": 0.05338985076924892,
        "judge": 0.19696969696969696
      },
      "X1": {
        "em": 0.0,
        "contains_gt": 0.2857142857142857,
        "f1": 0.31137566137566136,
        "bleu": 0.08822876049844973,
        "bleu_1": 0.20525983358726232,
        "bleu_2": 0.12054374570535682,
        "judge": 0.5714285714285714
      },
      "X3": {
        "em": 0.05,
        "contains_gt": 0.1,
        "f1": 0.23214413317431162,
        "bleu": 0.08855294130928099,
        "bleu_1": 0.18342246263813414,
        "bleu_2": 0.12971461085114444,
        "judge": 0.29375
      }
    },
    "by_y": {
      "Y2": {
        "em": 0.0,
        "contains_gt": 0.16455696202531644,
        "f1": 0.13353093725504567,
        "bleu": 0.04008353261819995,
        "bleu_1": 0.09266381094877635,
        "bleu_2": 0.06399180083759462,
        "judge": 0.16455696202531644
      },
      "Y3": {
        "em": 0.0,
        "contains_gt": 0.06666666666666667,
        "f1": 0.17538060202090802,
        "bleu": 0.046984895306384264,
        "bleu_1": 0.12889800609418622,
        "bleu_2": 0.0673080101385043,
        "judge": 0.3
      },
      "Y1": {
        "em": 0.05555555555555555,
        "contains_gt": 0.125,
        "f1": 0.2650740209875487,
        "bleu": 0.09945525691632864,
        "bleu_1": 0.20857091559979574,
        "bleu_2": 0.15012947554864664,
        "judge": 0.3472222222222222
      }
    },
    "by_cell": {
      "X4_Y2": {
        "em": 0.0,
        "contains_gt": 0.2608695652173913,
        "f1": 0.17527439370357414,
        "bleu": 0.06266326912720256,
        "bleu_1": 0.1216562852543355,
        "bleu_2": 0.09548380293234526,
        "judge": 0.22826086956521738
      },
      "X4_Y3": {
        "em": 0.0,
        "contains_gt": 0.0,
        "f1": 0.0856174972351443,
        "bleu": 0.012566386874765632,
        "bleu_1": 0.060336103561910014,
        "bleu_2": 0.02306664677330315,
        "judge": 0.15
      },
      "X2_Y2": {
        "em": 0.0,
        "contains_gt": 0.058823529411764705,
        "f1": 0.0521358543417367,
        "bleu": 0.006566802293734827,
        "bleu_1": 0.034606770938040286,
        "bleu_2": 0.01565698613154237,
        "judge": 0.08823529411764706
      },
      "X1_Y3": {
        "em": 0.0,
        "contains_gt": 0.5,
        "f1": 0.30972222222222223,
        "bleu": 0.12395844475368475,
        "bleu_1": 0.21837121212121213,
        "bleu_2": 0.14677602661160213,
        "judge": 0.75
      },
      "X1_Y1": {
        "em": 0.0,
        "contains_gt": 0.0,
        "f1": 0.3135802469135802,
        "bleu": 0.04058918149146968,
        "bleu_1": 0.18777799554199592,
        "bleu_2": 0.08556737116369639,
        "judge": 0.3333333333333333
      },
      "X3_Y2": {
        "em": 0.0,
        "contains_gt": 0.0,
        "f1": 0.10000077556091708,
        "bleu": 0.010778316124561618,
        "bleu_1": 0.07099605233170084,
        "bleu_2": 0.024808035440367034,
        "judge": 0.0625
      },
      "X2_Y1": {
        "em": 0.0,
        "contains_gt": 0.16666666666666666,
        "f1": 0.24973418394471025,
        "bleu": 0.09115936284854219,
        "bleu_1": 0.20559732664995822,
        "bleu_2": 0.15062891726803262,
        "judge": 0.25
      },
      "X3_Y1": {
        "em": 0.06896551724137931,
        "contains_gt": 0.13793103448275862,
        "f1": 0.2744415903124668,
        "bleu": 0.110319187485328,
        "bleu_1": 0.21901777782611134,
        "bleu_2": 0.1615636789415654,
        "judge": 0.3706896551724138
      },
      "X4_Y1": {
        "em": 0.0,
        "contains_gt": 0.0,
        "f1": 0.1457142857142857,
        "bleu": 0.01870838045219525,
        "bleu_1": 0.1034313725490196,
        "bleu_2": 0.05563064875849623,
        "judge": 0.2
      },
      "X3_Y3": {
        "em": 0.0,
        "contains_gt": 0.0,
        "f1": 0.17565100114119722,
        "bleu": 0.08554489543341141,
        "bleu_1": 0.13913817663817665,
        "bleu_2": 0.1015911537391485,
        "judge": 0.16666666666666666
      },
      "X2_Y3": {
        "em": 0.0,
        "contains_gt": 0.0,
        "f1": 0.21124481925397257,
        "bleu": 0.027477983882866402,
        "bleu_1": 0.15552652388925783,
        "bleu_2": 0.05919228075407983,
        "judge": 0.35
      }
    }
  },
  "judge": {
    "enabled": true,
    "model": "gpt-5.2",
    "scored_open_rows": 181
  }
}