{
  "task_name": "cartoon_entertainment_companion_open",
  "model_name": "gpt_5_4_mini",
  "model_path": "gpt-5.4-mini",
  "method_name": "simplemem__multimodal",
  "base_method_name": "simplemem",
  "method_modality": "multimodal",
  "mode": "open",
  "num_qas": 76,
  "num_qas_run": 76,
  "dialog_json": "/common/home/mg1998/MemoryBench/Benchmark_Pipeline/data/dialog/Cartoon_Entertainment_Companion_Open.json",
  "image_root": "/common/home/mg1998/.cache/memeye_hf/MemEye/data/image",
  "run_dir": "/common/home/mg1998/MemoryBench/Benchmark_Pipeline/runs/cartoon_entertainment_companion_open/20260425_162102_gpt_5_4_mini_simplemem__multimodal",
  "git_commit": "7eb4b31f1f56487e02ecff48e751fe66ab6c6c5f",
  "summary": {
    "open_count": 76,
    "overall": {
      "em": 0.07894736842105263,
      "contains_gt": 0.10526315789473684,
      "f1": 0.2611832611832612,
      "bleu": 0.07675164699891816,
      "bleu_1": 0.20044988121830162,
      "bleu_2": 0.134236576784032,
      "judge": 0.40131578947368424
    },
    "by_x": {
      "X3": {
        "em": 0.041666666666666664,
        "contains_gt": 0.041666666666666664,
        "f1": 0.1522516835016835,
        "bleu": 0.025949460053944353,
        "bleu_1": 0.11100804312218143,
        "bleu_2": 0.07286455103793735,
        "judge": 0.3125
      },
      "X4": {
        "em": 0.11538461538461539,
        "contains_gt": 0.11538461538461539,
        "f1": 0.2987845487845488,
        "bleu": 0.11806969984968418,
        "bleu_1": 0.24586332291826313,
        "bleu_2": 0.1673039741043094,
        "judge": 0.4230769230769231
      },
      "X2": {
        "em": 0.0,
        "contains_gt": 0.0,
        "f1": 0.2694949494949495,
        "bleu": 0.06813183773437448,
        "bleu_1": 0.14742146263213585,
        "bleu_2": 0.09187064283387684,
        "judge": 0.35
      },
      "X1": {
        "em": 0.125,
        "contains_gt": 0.25,
        "f1": 0.35828373015873016,
        "bleu": 0.09120047232422393,
        "bleu_1": 0.293958557216398,
        "bleu_2": 0.19903880347657013,
        "judge": 0.53125
      }
    },
    "by_y": {
      "Y1": {
        "em": 0.06060606060606061,
        "contains_gt": 0.06060606060606061,
        "f1": 0.16491757400848311,
        "bleu": 0.050319974627100444,
        "bleu_1": 0.12373948411082362,
        "bleu_2": 0.06422299137326354,
        "judge": 0.2727272727272727
      },
      "Y2": {
        "em": 0.10526315789473684,
        "contains_gt": 0.15789473684210525,
        "f1": 0.3612914862914863,
        "bleu": 0.1091834965075969,
        "bleu_1": 0.2890379046532216,
        "bleu_2": 0.2117721353745099,
        "judge": 0.5131578947368421
      },
      "Y3": {
        "em": 0.0,
        "contains_gt": 0.0,
        "f1": 0.1357142857142857,
        "bleu": 0.004718628386956813,
        "bleu_1": 0.033469524022264475,
        "bleu_2": 0.0070559952074717245,
        "judge": 0.4
      }
    },
    "by_cell": {
      "X3_Y1": {
        "em": 0.0,
        "contains_gt": 0.0,
        "f1": 0.056018518518518516,
        "bleu": 0.008538241124051238,
        "bleu_1": 0.029302722077346532,
        "bleu_2": 0.010506591567430942,
        "judge": 0.20833333333333334
      },
      "X4_Y2": {
        "em": 0.07692307692307693,
        "contains_gt": 0.07692307692307693,
        "f1": 0.42449217449217447,
        "bleu": 0.14553725039137663,
        "bleu_1": 0.3378804919903724,
        "bleu_2": 0.23335965851501586,
        "judge": 0.6153846153846154
      },
      "X2_Y2": {
        "em": 0.0,
        "contains_gt": 0.0,
        "f1": 0.22545454545454546,
        "bleu": 0.09447331054820293,
        "bleu_1": 0.09447331054820293,
        "bleu_2": 0.09447331054820293,
        "judge": 0.2
      },
      "X3_Y2": {
        "em": 0.08333333333333333,
        "contains_gt": 0.08333333333333333,
        "f1": 0.24848484848484848,
        "bleu": 0.04336067898383747,
        "bleu_1": 0.19271336416701632,
        "bleu_2": 0.13522251050844375,
        "judge": 0.4166666666666667
      },
      "X4_Y1": {
        "em": 0.16666666666666666,
        "contains_gt": 0.16666666666666666,
        "f1": 0.16666666666666666,
        "bleu": 0.09815232841699102,
        "bleu_1": 0.16666666666666666,
        "bleu_2": 0.10968564716806983,
        "judge": 0.25
      },
      "X1_Y1": {
        "em": 0.0,
        "contains_gt": 0.0,
        "f1": 0.30059523809523814,
        "bleu": 0.04283012589976936,
        "bleu_1": 0.1824805592871693,
        "bleu_2": 0.0576779937234834,
        "judge": 0.25
      },
      "X1_Y2": {
        "em": 0.25,
        "contains_gt": 0.5,
        "f1": 0.5126984126984127,
        "bleu": 0.15803673895671516,
        "bleu_1": 0.47575838227529615,
        "bleu_2": 0.36482861308672876,
        "judge": 0.6875
      },
      "X2_Y1": {
        "em": 0.0,
        "contains_gt": 0.0,
        "f1": 0.31353535353535356,
        "bleu": 0.04179036492054603,
        "bleu_1": 0.20036961471606876,
        "bleu_2": 0.08926797511955076,
        "judge": 0.5
      },
      "X1_Y3": {
        "em": 0.0,
        "contains_gt": 0.0,
        "f1": 0.10714285714285712,
        "bleu": 0.005898285483696016,
        "bleu_1": 0.04183690502783059,
        "bleu_2": 0.008819994009339655,
        "judge": 0.5
      },
      "X4_Y3": {
        "em": 0.0,
        "contains_gt": 0.0,
        "f1": 0.25,
        "bleu": 0.0,
        "bleu_1": 0.0,
        "bleu_2": 0.0,
        "judge": 0.0
      }
    }
  },
  "method_runtime": {
    "num_memories": 299,
    "debug_dir": "/common/home/mg1998/MemoryBench/output/cartoon_entertainment_companion_open/simplemem",
    "data_dir": "/common/home/mg1998/MemoryBench/runs/simplemem/cartoon_entertainment_companion_open"
  },
  "judge": {
    "enabled": true,
    "model": "gpt-5.2",
    "scored_open_rows": 76
  }
}