{
  "task_name": "brand_memory_test_open",
  "model_name": "gpt_5_4_mini",
  "model_path": "gpt-5.4-mini",
  "method_name": "simplemem",
  "base_method_name": "simplemem",
  "method_modality": "",
  "mode": "open",
  "num_qas": 29,
  "num_qas_run": 29,
  "dialog_json": "/Users/qingyuejiao/Desktop/MemoryBench/Benchmark_Pipeline/data/dialog/Brand_Memory_Test_Open.json",
  "image_root": "/Users/qingyuejiao/Desktop/MemoryBench/Benchmark_Pipeline/data/image",
  "run_dir": "/Users/qingyuejiao/Desktop/MemoryBench/Benchmark_Pipeline/runs/brand_memory_test_open/20260426_100804_gpt_5_4_mini_simplemem",
  "git_commit": "f50478ca8d87824ef1e9bc48c2b9e0d49e54305a",
  "summary": {
    "open_count": 29,
    "overall": {
      "em": 0.3103448275862069,
      "contains_gt": 0.3103448275862069,
      "f1": 0.3333333333333333,
      "bleu": 0.062216225434798496,
      "bleu_1": 0.32303032555763594,
      "bleu_2": 0.1257295111027542,
      "judge": 0.3620689655172414
    },
    "by_x": {
      "X4": {
        "em": 0.0,
        "contains_gt": 0.0,
        "f1": 0.0,
        "bleu": 0.0,
        "bleu_1": 0.0,
        "bleu_2": 0.0,
        "judge": 0.0
      },
      "X2": {
        "em": 0.16666666666666666,
        "contains_gt": 0.16666666666666666,
        "f1": 0.2777777777777778,
        "bleu": 0.04054119742751207,
        "bleu_1": 0.22797990686190706,
        "bleu_2": 0.07209357664366767,
        "judge": 0.4166666666666667
      },
      "X1": {
        "em": 0.38095238095238093,
        "contains_gt": 0.38095238095238093,
        "f1": 0.38095238095238093,
        "bleu": 0.07433444538305162,
        "bleu_1": 0.38095238095238093,
        "bleu_2": 0.1530283029579936,
        "judge": 0.38095238095238093
      }
    },
    "by_y": {
      "Y1": {
        "em": 0.0,
        "contains_gt": 0.0,
        "f1": 0.0,
        "bleu": 0.0,
        "bleu_1": 0.0,
        "bleu_2": 0.0,
        "judge": 0.0
      },
      "Y2": {
        "em": 0.3333333333333333,
        "contains_gt": 0.3333333333333333,
        "f1": 0.35802469135802467,
        "bleu": 0.06682483472626505,
        "bleu_1": 0.34695849782116456,
        "bleu_2": 0.13504280822147674,
        "judge": 0.3888888888888889
      }
    },
    "by_cell": {
      "X4_Y1": {
        "em": 0.0,
        "contains_gt": 0.0,
        "f1": 0.0,
        "bleu": 0.0,
        "bleu_1": 0.0,
        "bleu_2": 0.0,
        "judge": 0.0
      },
      "X2_Y2": {
        "em": 0.16666666666666666,
        "contains_gt": 0.16666666666666666,
        "f1": 0.2777777777777778,
        "bleu": 0.04054119742751207,
        "bleu_1": 0.22797990686190706,
        "bleu_2": 0.07209357664366767,
        "judge": 0.4166666666666667
      },
      "X1_Y2": {
        "em": 0.4,
        "contains_gt": 0.4,
        "f1": 0.4,
        "bleu": 0.0780511676522042,
        "bleu_1": 0.4,
        "bleu_2": 0.1606797181058933,
        "judge": 0.4
      },
      "X4_Y2": {
        "em": 0.0,
        "contains_gt": 0.0,
        "f1": 0.0,
        "bleu": 0.0,
        "bleu_1": 0.0,
        "bleu_2": 0.0,
        "judge": 0.0
      },
      "X1_Y1": {
        "em": 0.0,
        "contains_gt": 0.0,
        "f1": 0.0,
        "bleu": 0.0,
        "bleu_1": 0.0,
        "bleu_2": 0.0,
        "judge": 0.0
      }
    }
  },
  "method_runtime": {
    "num_memories": 72,
    "debug_dir": "/Users/qingyuejiao/Desktop/MemoryBench/output/brand_memory_test_open/simplemem",
    "data_dir": "/Users/qingyuejiao/Desktop/MemoryBench/runs/simplemem/brand_memory_test_open"
  },
  "judge_model": "gpt-5.2",
  "judge_rescored_from_predictions": true,
  "judge": {
    "enabled": true,
    "model": "gpt-5.2",
    "scored_open_rows": 29
  }
}