{
  "task_name": "outdoor_navigation_route_memory_assistant_open",
  "model_name": "gpt_4_1_nano",
  "model_path": "gpt-4.1-nano",
  "method_name": "m2a",
  "base_method_name": "m2a",
  "method_modality": "",
  "mode": "open",
  "num_qas": 28,
  "num_qas_run": 28,
  "dialog_json": "/common/home/mg1998/.cache/memeye_hf/MemEye/data/dialog/Outdoor_Navigation_Route_Memory_Assistant_Open.json",
  "image_root": "/common/home/mg1998/.cache/memeye_hf/MemEye/data/image",
  "run_dir": "/common/home/mg1998/MemoryBench/Benchmark_Pipeline/runs/outdoor_navigation_route_memory_assistant_open/20260424_112727_gpt_4_1_nano_m2a",
  "git_commit": "b24985b9af7b246db9e6e807768083d0acb8c78a",
  "summary": {
    "open_count": 28,
    "overall": {
      "em": 0.0,
      "contains_gt": 0.0,
      "f1": 0.062108539881960925,
      "bleu": 0.008045199554333598,
      "bleu_1": 0.03842460845394822,
      "bleu_2": 0.016919491554039302,
      "judge": 0.05357142857142857
    },
    "by_x": {
      "X3": {
        "em": 0.0,
        "contains_gt": 0.0,
        "f1": 0.06036203168402862,
        "bleu": 0.0070015175541693515,
        "bleu_1": 0.03787307021446148,
        "bleu_2": 0.015069715120648572,
        "judge": 0.08333333333333333
      },
      "X1": {
        "em": 0.0,
        "contains_gt": 0.0,
        "f1": 0.06682027649769584,
        "bleu": 0.005865688589396962,
        "bleu_1": 0.04312354312354312,
        "bleu_2": 0.011069910974444276,
        "judge": 0.0
      },
      "X4": {
        "em": 0.0,
        "contains_gt": 0.0,
        "f1": 0.0681901211556384,
        "bleu": 0.013860612735850129,
        "bleu_1": 0.04046062869592281,
        "bleu_2": 0.024875966582279918,
        "judge": 0.0
      },
      "X2": {
        "em": 0.0,
        "contains_gt": 0.0,
        "f1": 0.05555555555555555,
        "bleu": 0.006169071049425431,
        "bleu_1": 0.03125,
        "bleu_2": 0.022450662753346867,
        "judge": 0.0
      }
    },
    "by_y": {
      "Y2": {
        "em": 0.0,
        "contains_gt": 0.0,
        "f1": 0.038329280231466034,
        "bleu": 0.0039818005873017755,
        "bleu_1": 0.023215019261530887,
        "bleu_2": 0.008567534236531907,
        "judge": 0.03333333333333333
      },
      "Y1": {
        "em": 0.0,
        "contains_gt": 0.0,
        "f1": 0.07142857142857144,
        "bleu": 0.0072658577559704465,
        "bleu_1": 0.03846153846153846,
        "bleu_2": 0.012403473458920851,
        "judge": 0.0
      },
      "Y3": {
        "em": 0.0,
        "contains_gt": 0.0,
        "f1": 0.09105594514952865,
        "bleu": 0.01318939341298697,
        "bleu_1": 0.05743351744383736,
        "bleu_2": 0.027735773042183415,
        "judge": 0.08333333333333333
      }
    },
    "by_cell": {
      "X3_Y2": {
        "em": 0.0,
        "contains_gt": 0.0,
        "f1": 0.0295252378739138,
        "bleu": 0.002942649464931638,
        "bleu_1": 0.018315864715685824,
        "bleu_2": 0.005244719465005822,
        "judge": 0.038461538461538464
      },
      "X1_Y1": {
        "em": 0.0,
        "contains_gt": 0.0,
        "f1": 0.07142857142857144,
        "bleu": 0.0072658577559704465,
        "bleu_1": 0.03846153846153846,
        "bleu_2": 0.012403473458920851,
        "judge": 0.0
      },
      "X4_Y2": {
        "em": 0.0,
        "contains_gt": 0.0,
        "f1": 0.08,
        "bleu": 0.00913442366656447,
        "bleu_1": 0.047619047619047616,
        "bleu_2": 0.01543033499620919,
        "judge": 0.0
      },
      "X2_Y2": {
        "em": 0.0,
        "contains_gt": 0.0,
        "f1": 0.1111111111111111,
        "bleu": 0.012338142098850861,
        "bleu_1": 0.0625,
        "bleu_2": 0.044901325506693734,
        "judge": 0.0
      },
      "X3_Y3": {
        "em": 0.0,
        "contains_gt": 0.0,
        "f1": 0.14053769559032717,
        "bleu": 0.017554574586187404,
        "bleu_1": 0.08872180451127819,
        "bleu_2": 0.040614703825319724,
        "judge": 0.2
      },
      "X4_Y3": {
        "em": 0.0,
        "contains_gt": 0.0,
        "f1": 0.06523765144454799,
        "bleu": 0.015042160003171543,
        "bleu_1": 0.03867102396514161,
        "bleu_2": 0.0272373744787976,
        "judge": 0.0
      },
      "X1_Y3": {
        "em": 0.0,
        "contains_gt": 0.0,
        "f1": 0.06451612903225805,
        "bleu": 0.005165604006110219,
        "bleu_1": 0.04545454545454545,
        "bleu_2": 0.010403129732205987,
        "judge": 0.0
      },
      "X2_Y3": {
        "em": 0.0,
        "contains_gt": 0.0,
        "f1": 0.0,
        "bleu": 0.0,
        "bleu_1": 0.0,
        "bleu_2": 0.0,
        "judge": 0.0
      }
    }
  },
  "judge": {
    "enabled": true,
    "model": "gpt-5.2",
    "scored_open_rows": 28
  }
}