{
  "task_name": "personal_health_dashboard_assistant",
  "model_name": "gpt_4_1_nano",
  "model_path": "gpt-4.1-nano",
  "method_name": "memoryos",
  "base_method_name": "memoryos",
  "method_modality": "",
  "mode": "mcq",
  "num_qas": 51,
  "num_qas_run": 51,
  "dialog_json": "/Users/qingyuejiao/Desktop/MemoryBench/Benchmark_Pipeline/data/dialog/Personal_Health_Dashboard_Assistant.json",
  "image_root": "/Users/qingyuejiao/Desktop/MemoryBench/Benchmark_Pipeline/data/image",
  "run_dir": "/Users/qingyuejiao/Desktop/MemoryBench/Benchmark_Pipeline/runs/personal_health_dashboard_assistant/20260426_015701_gpt_4_1_nano_memoryos",
  "git_commit": "f50478ca8d87824ef1e9bc48c2b9e0d49e54305a",
  "summary": {
    "open_count": 51,
    "overall": {
      "em": 0.22549019607843138,
      "contains_gt": 0.0784313725490196,
      "f1": 0.22549019607843138
    },
    "by_x": {
      "X4": {
        "em": 0.1875,
        "contains_gt": 0.045454545454545456,
        "f1": 0.1875
      },
      "X2": {
        "em": 0.375,
        "contains_gt": 0.25,
        "f1": 0.375
      },
      "X1": {
        "em": 0.5833333333333334,
        "contains_gt": 0.3333333333333333,
        "f1": 0.5833333333333334
      }
    },
    "by_y": {
      "Y2": {
        "em": 0.19318181818181818,
        "contains_gt": 0.045454545454545456,
        "f1": 0.19318181818181818
      },
      "Y3": {
        "em": 0.375,
        "contains_gt": 0.3333333333333333,
        "f1": 0.375
      },
      "Y1": {
        "em": 0.75,
        "contains_gt": 0.0,
        "f1": 0.75
      }
    },
    "by_cell": {
      "X4_Y2": {
        "em": 0.175,
        "contains_gt": 0.025,
        "f1": 0.175
      },
      "X4_Y3": {
        "em": 0.3125,
        "contains_gt": 0.25,
        "f1": 0.3125
      },
      "X2_Y2": {
        "em": 0.375,
        "contains_gt": 0.25,
        "f1": 0.375
      },
      "X1_Y3": {
        "em": 0.5,
        "contains_gt": 0.5,
        "f1": 0.5
      },
      "X1_Y1": {
        "em": 0.75,
        "contains_gt": 0.0,
        "f1": 0.75
      }
    },
    "mcq_count": 51,
    "mcq_valid_rate": 1.0,
    "mcq_overall": {
      "em": 0.22549019607843138,
      "contains_gt": 0.0784313725490196,
      "f1": 0.22549019607843138
    },
    "mcq_per_position_accuracy": {
      "A": 0.29411764705882354,
      "B": 0.21568627450980393,
      "C": 0.3137254901960784,
      "D": 0.0784313725490196
    }
  },
  "method_runtime": {
    "caption_validation_passed": true,
    "caption_validation_round_count": 62,
    "num_memories": 97,
    "debug_dir": "/Users/qingyuejiao/Desktop/MemoryBench/Benchmark_Pipeline/output/personal_health_dashboard_assistant/memoryos/3f0e1da5ba8cb614",
    "data_storage_path": "/Users/qingyuejiao/Desktop/MemoryBench/Benchmark_Pipeline/runs/personal_health_dashboard_assistant/memoryos_data/3f0e1da5ba8cb614",
    "runtime_signature": "3f0e1da5ba8cb614"
  }
}