{
  "task_name": "outdoor_navigation_route_memory_assistant",
  "model_name": "gpt_5_4_mini",
  "model_path": "gpt-5.4-mini",
  "method_name": "clue_only_context__multimodal",
  "base_method_name": "clue_only_context",
  "method_modality": "multimodal",
  "mode": "mcq",
  "num_qas": 28,
  "num_qas_run": 28,
  "dialog_json": "/common/home/mg1998/MemoryBench/Benchmark_Pipeline/data/dialog/Outdoor_Navigation_Route_Memory_Assistant.json",
  "image_root": "/common/home/mg1998/MemoryBench/Benchmark_Pipeline/data/image",
  "run_dir": "/common/home/mg1998/MemoryBench/Benchmark_Pipeline/runs/outdoor_navigation_route_memory_assistant/20260425_222348_gpt_5_4_mini_clue_only_context__multimodal",
  "git_commit": "7eb4b31f1f56487e02ecff48e751fe66ab6c6c5f",
  "summary": {
    "open_count": 28,
    "overall": {
      "em": 0.5714285714285714,
      "contains_gt": 0.6428571428571429,
      "f1": 0.5714285714285714
    },
    "by_x": {
      "X3": {
        "em": 0.5694444444444444,
        "contains_gt": 0.6666666666666666,
        "f1": 0.5694444444444444
      },
      "X1": {
        "em": 0.6666666666666666,
        "contains_gt": 0.6666666666666666,
        "f1": 0.6666666666666666
      },
      "X4": {
        "em": 0.45,
        "contains_gt": 0.6,
        "f1": 0.45
      },
      "X2": {
        "em": 0.75,
        "contains_gt": 0.5,
        "f1": 0.75
      }
    },
    "by_y": {
      "Y2": {
        "em": 0.5166666666666667,
        "contains_gt": 0.6,
        "f1": 0.5166666666666667
      },
      "Y1": {
        "em": 1.0,
        "contains_gt": 1.0,
        "f1": 1.0
      },
      "Y3": {
        "em": 0.6041666666666666,
        "contains_gt": 0.6666666666666666,
        "f1": 0.6041666666666666
      }
    },
    "by_cell": {
      "X3_Y2": {
        "em": 0.5,
        "contains_gt": 0.6153846153846154,
        "f1": 0.5
      },
      "X1_Y1": {
        "em": 1.0,
        "contains_gt": 1.0,
        "f1": 1.0
      },
      "X4_Y2": {
        "em": 0.75,
        "contains_gt": 1.0,
        "f1": 0.75
      },
      "X2_Y2": {
        "em": 0.5,
        "contains_gt": 0.0,
        "f1": 0.5
      },
      "X3_Y3": {
        "em": 0.75,
        "contains_gt": 0.8,
        "f1": 0.75
      },
      "X4_Y3": {
        "em": 0.375,
        "contains_gt": 0.5,
        "f1": 0.375
      },
      "X1_Y3": {
        "em": 0.5,
        "contains_gt": 0.5,
        "f1": 0.5
      },
      "X2_Y3": {
        "em": 1.0,
        "contains_gt": 1.0,
        "f1": 1.0
      }
    },
    "mcq_count": 28,
    "mcq_valid_rate": 1.0,
    "mcq_overall": {
      "em": 0.5714285714285714,
      "contains_gt": 0.6428571428571429,
      "f1": 0.5714285714285714
    },
    "mcq_per_position_accuracy": {
      "A": 0.39285714285714285,
      "B": 0.6428571428571429,
      "C": 0.6071428571428571,
      "D": 0.6428571428571429
    }
  },
  "method_runtime": {
    "method_modality": "multimodal",
    "history_source": "clue_only",
    "captions_loaded": false,
    "images_loaded": true,
    "history_turns_after_truncation": 8
  }
}