{
  "task_name": "personal_health_dashboard_assistant",
  "model_name": "gpt_4_1_nano",
  "model_path": "gpt-4.1-nano",
  "method_name": "question_only",
  "base_method_name": "question_only",
  "method_modality": "",
  "mode": "mcq",
  "num_qas": 51,
  "num_qas_run": 51,
  "dialog_json": "/Users/qingyuejiao/Desktop/MemoryBench/Benchmark_Pipeline/data/dialog/Personal_Health_Dashboard_Assistant.json",
  "image_root": "/Users/qingyuejiao/Desktop/MemoryBench/Benchmark_Pipeline/data/image",
  "run_dir": "/Users/qingyuejiao/Desktop/MemoryBench/Benchmark_Pipeline/runs/mcq_clean_ablation_20260424_full/personal_health_dashboard_assistant/20260424_152740_gpt_4_1_nano_question_only",
  "git_commit": "b24985b9af7b246db9e6e807768083d0acb8c78a",
  "summary": {
    "open_count": 51,
    "overall": {
      "em": 0.18627450980392157,
      "contains_gt": 0.058823529411764705,
      "f1": 0.18627450980392157
    },
    "by_x": {
      "X4": {
        "em": 0.16477272727272727,
        "contains_gt": 0.045454545454545456,
        "f1": 0.16477272727272727
      },
      "X3": {
        "em": 0.25,
        "contains_gt": 0.25,
        "f1": 0.25
      },
      "X1": {
        "em": 0.4166666666666667,
        "contains_gt": 0.0,
        "f1": 0.4166666666666667
      }
    },
    "by_y": {
      "Y2": {
        "em": 0.16477272727272727,
        "contains_gt": 0.06818181818181818,
        "f1": 0.16477272727272727
      },
      "Y3": {
        "em": 0.375,
        "contains_gt": 0.0,
        "f1": 0.375
      },
      "Y1": {
        "em": 0.0,
        "contains_gt": 0.0,
        "f1": 0.0
      }
    },
    "by_cell": {
      "X4_Y2": {
        "em": 0.15625,
        "contains_gt": 0.05,
        "f1": 0.15625
      },
      "X4_Y3": {
        "em": 0.25,
        "contains_gt": 0.0,
        "f1": 0.25
      },
      "X3_Y2": {
        "em": 0.25,
        "contains_gt": 0.25,
        "f1": 0.25
      },
      "X1_Y3": {
        "em": 0.625,
        "contains_gt": 0.0,
        "f1": 0.625
      },
      "X1_Y1": {
        "em": 0.0,
        "contains_gt": 0.0,
        "f1": 0.0
      }
    },
    "mcq_count": 51,
    "mcq_valid_rate": 1.0,
    "mcq_overall": {
      "em": 0.18627450980392157,
      "contains_gt": 0.058823529411764705,
      "f1": 0.18627450980392157
    },
    "mcq_per_position_accuracy": {
      "A": 0.37254901960784315,
      "B": 0.09803921568627451,
      "C": 0.21568627450980393,
      "D": 0.058823529411764705
    }
  }
}