{
  "task_name": "concat_cartoon_card",
  "model_name": "gpt_5_4_mini",
  "model_path": "gpt-5.4-mini",
  "method_name": "memoryos",
  "base_method_name": "memoryos",
  "method_modality": "",
  "mode": "mcq",
  "num_qas": 124,
  "num_qas_run": 124,
  "dialog_json": "/Users/qingyuejiao/Desktop/MemoryBench/Benchmark_Pipeline/data/dialog/concat_cartoon_card.json",
  "image_root": "/Users/qingyuejiao/Desktop/MemoryBench/Benchmark_Pipeline/data/image",
  "run_dir": "/Users/qingyuejiao/Desktop/MemoryBench/Benchmark_Pipeline/runs/concat_cartoon_card/20260427_144454_gpt_5_4_mini_memoryos",
  "git_commit": "d8ac0cb71367c6f0314274b4a514968eab3f678b",
  "summary": {
    "open_count": 124,
    "overall": {
      "em": 0.49798387096774194,
      "contains_gt": 0.5,
      "f1": 0.49798387096774194
    },
    "by_x": {
      "X2": {
        "em": 0.4166666666666667,
        "contains_gt": 0.6666666666666666,
        "f1": 0.4166666666666667
      },
      "X4": {
        "em": 0.4791666666666667,
        "contains_gt": 0.4722222222222222,
        "f1": 0.4791666666666667
      },
      "X3": {
        "em": 0.5416666666666666,
        "contains_gt": 0.5,
        "f1": 0.5416666666666666
      },
      "X1": {
        "em": 0.53125,
        "contains_gt": 0.5625,
        "f1": 0.53125
      }
    },
    "by_y": {
      "Y1": {
        "em": 0.6893939393939394,
        "contains_gt": 0.696969696969697,
        "f1": 0.6893939393939394
      },
      "Y2": {
        "em": 0.48507462686567165,
        "contains_gt": 0.4626865671641791,
        "f1": 0.48507462686567165
      },
      "Y3": {
        "em": 0.2708333333333333,
        "contains_gt": 0.3333333333333333,
        "f1": 0.2708333333333333
      }
    },
    "by_cell": {
      "X2_Y1": {
        "em": 0.4375,
        "contains_gt": 0.75,
        "f1": 0.4375
      },
      "X4_Y2": {
        "em": 0.53125,
        "contains_gt": 0.475,
        "f1": 0.53125
      },
      "X3_Y2": {
        "em": 0.47058823529411764,
        "contains_gt": 0.47058823529411764,
        "f1": 0.47058823529411764
      },
      "X2_Y2": {
        "em": 0.375,
        "contains_gt": 0.5,
        "f1": 0.375
      },
      "X4_Y1": {
        "em": 0.7291666666666666,
        "contains_gt": 0.75,
        "f1": 0.7291666666666666
      },
      "X3_Y1": {
        "em": 0.6346153846153846,
        "contains_gt": 0.5384615384615384,
        "f1": 0.6346153846153846
      },
      "X1_Y1": {
        "em": 1.0,
        "contains_gt": 1.0,
        "f1": 1.0
      },
      "X1_Y2": {
        "em": 0.3125,
        "contains_gt": 0.375,
        "f1": 0.3125
      },
      "X1_Y3": {
        "em": 0.5,
        "contains_gt": 0.5,
        "f1": 0.5
      },
      "X4_Y3": {
        "em": 0.225,
        "contains_gt": 0.3,
        "f1": 0.225
      }
    },
    "mcq_count": 124,
    "mcq_valid_rate": 1.0,
    "mcq_overall": {
      "em": 0.49798387096774194,
      "contains_gt": 0.5,
      "f1": 0.49798387096774194
    },
    "mcq_per_position_accuracy": {
      "A": 0.41935483870967744,
      "B": 0.5645161290322581,
      "C": 0.5080645161290323,
      "D": 0.5
    }
  },
  "method_runtime": {
    "caption_validation_passed": true,
    "caption_validation_round_count": 117,
    "num_memories": 329,
    "debug_dir": "/Users/qingyuejiao/Desktop/MemoryBench/Benchmark_Pipeline/output/concat_cartoon_card/memoryos/3fe9ec0c82216c40",
    "data_storage_path": "/Users/qingyuejiao/Desktop/MemoryBench/Benchmark_Pipeline/runs/concat_cartoon_card/memoryos_data/3fe9ec0c82216c40",
    "runtime_signature": "3fe9ec0c82216c40"
  }
}
