{
  "task_name": "cartoon_entertainment_companion_open",
  "model_name": "gemini_2_5_flash_lite",
  "model_path": "gemini-2.5-flash-lite",
  "method_name": "full_context_multimodal",
  "base_method_name": "full_context_multimodal",
  "method_modality": "",
  "mode": "open",
  "num_qas": 76,
  "num_qas_run": 76,
  "dialog_json": "/common/home/mg1998/MemoryBench/Benchmark_Pipeline/data/dialog/Cartoon_Entertainment_Companion_Open.json",
  "image_root": "/common/home/mg1998/.cache/memeye_hf/MemEye/data/image",
  "run_dir": "/common/home/mg1998/MemoryBench/Benchmark_Pipeline/runs/cartoon_entertainment_companion_open/20260424_203939_gemini_2_5_flash_lite_full_context_multimodal",
  "git_commit": "658ab1743219fa7a98e5672df9c7253b6b5b5e6d",
  "summary": {
    "open_count": 76,
    "overall": {
      "em": 0.13157894736842105,
      "contains_gt": 0.18421052631578946,
      "f1": 0.3431907901222943,
      "bleu": 0.09941081530296864,
      "bleu_1": 0.276199990544081,
      "bleu_2": 0.18522353727740878,
      "judge": 0.5921052631578947
    },
    "by_x": {
      "X2": {
        "em": 0.0,
        "contains_gt": 0.0,
        "f1": 0.037037037037037035,
        "bleu": 0.002112286422805135,
        "bleu_1": 0.024999999999999998,
        "bleu_2": 0.004682929057908469,
        "judge": 0.6666666666666666
      },
      "X4": {
        "em": 0.20833333333333334,
        "contains_gt": 0.25,
        "f1": 0.4288188894573783,
        "bleu": 0.16272610330353848,
        "bleu_1": 0.36657698973435626,
        "bleu_2": 0.23900896292077659,
        "judge": 0.7291666666666666
      },
      "X3": {
        "em": 0.1,
        "contains_gt": 0.16666666666666666,
        "f1": 0.3551189485895368,
        "bleu": 0.06529391850277863,
        "bleu_1": 0.25863372656674827,
        "bleu_2": 0.1901065423170262,
        "judge": 0.5666666666666667
      },
      "X1": {
        "em": 0.125,
        "contains_gt": 0.1875,
        "f1": 0.3071910014005602,
        "bleu": 0.10489401313253142,
        "bleu_1": 0.2677712331701974,
        "bleu_2": 0.16309249244538707,
        "judge": 0.40625
      }
    },
    "by_y": {
      "Y1": {
        "em": 0.12121212121212122,
        "contains_gt": 0.21212121212121213,
        "f1": 0.2966201307110398,
        "bleu": 0.0962912775442118,
        "bleu_1": 0.23795106574431532,
        "bleu_2": 0.13782573540343507,
        "judge": 0.5909090909090909
      },
      "Y2": {
        "em": 0.15789473684210525,
        "contains_gt": 0.18421052631578946,
        "f1": 0.4169962227400361,
        "bleu": 0.11367904924524888,
        "bleu_1": 0.3392154912310231,
        "bleu_2": 0.24647819719723071,
        "judge": 0.6578947368421053
      },
      "Y3": {
        "em": 0.0,
        "contains_gt": 0.0,
        "f1": 0.0896358543417367,
        "bleu": 0.011561186549433923,
        "bleu_1": 0.0497250890017746,
        "bleu_2": 0.03251361425498867,
        "judge": 0.1
      }
    },
    "by_cell": {
      "X2_Y1": {
        "em": 0.0,
        "contains_gt": 0.0,
        "f1": 0.0,
        "bleu": 0.0,
        "bleu_1": 0.0,
        "bleu_2": 0.0,
        "judge": 0.75
      },
      "X4_Y2": {
        "em": 0.09090909090909091,
        "contains_gt": 0.09090909090909091,
        "f1": 0.5105739982237492,
        "bleu": 0.1348824828106239,
        "bleu_1": 0.40045369188794616,
        "bleu_2": 0.2722911949046196,
        "judge": 0.8636363636363636
      },
      "X3_Y2": {
        "em": 0.17647058823529413,
        "contains_gt": 0.17647058823529413,
        "f1": 0.3612149173394848,
        "bleu": 0.0754421521324002,
        "bleu_1": 0.2896755158998344,
        "bleu_2": 0.2377465499839143,
        "judge": 0.5588235294117647
      },
      "X2_Y2": {
        "em": 0.0,
        "contains_gt": 0.0,
        "f1": 0.1111111111111111,
        "bleu": 0.006336859268415406,
        "bleu_1": 0.075,
        "bleu_2": 0.01404878717372541,
        "judge": 0.5
      },
      "X4_Y1": {
        "em": 0.3333333333333333,
        "contains_gt": 0.4166666666666667,
        "f1": 0.3798076923076923,
        "bleu": 0.20180993069733838,
        "bleu_1": 0.36607142857142855,
        "bleu_2": 0.22841766384565187,
        "judge": 0.6666666666666666
      },
      "X3_Y1": {
        "em": 0.0,
        "contains_gt": 0.15384615384615385,
        "f1": 0.34714729714729714,
        "bleu": 0.05202315144865812,
        "bleu_1": 0.21804061743886635,
        "bleu_2": 0.12780807075263403,
        "judge": 0.5769230769230769
      },
      "X1_Y1": {
        "em": 0.0,
        "contains_gt": 0.0,
        "f1": 0.17946428571428572,
        "bleu": 0.019898005439593254,
        "bleu_1": 0.15625,
        "bleu_2": 0.036433095595323074,
        "judge": 0.25
      },
      "X1_Y2": {
        "em": 0.25,
        "contains_gt": 0.375,
        "f1": 0.48333333333333334,
        "bleu": 0.19261328195187002,
        "bleu_1": 0.4263392857142857,
        "bleu_2": 0.28764742818374467,
        "judge": 0.625
      },
      "X1_Y3": {
        "em": 0.0,
        "contains_gt": 0.0,
        "f1": 0.08263305322128851,
        "bleu": 0.014451483186792402,
        "bleu_1": 0.062156361252218253,
        "bleu_2": 0.04064201781873584,
        "judge": 0.125
      },
      "X4_Y3": {
        "em": 0.0,
        "contains_gt": 0.0,
        "f1": 0.11764705882352941,
        "bleu": 0.0,
        "bleu_1": 0.0,
        "bleu_2": 0.0,
        "judge": 0.0
      }
    }
  },
  "method_runtime": {
    "method_modality": "multimodal",
    "history_source": "full_context",
    "captions_loaded": false,
    "images_loaded": true,
    "history_turns_after_truncation": 598,
    "history_turns_before_truncation": 598
  },
  "judge": {
    "enabled": true,
    "model": "gpt-5.2",
    "scored_open_rows": 76
  }
}
