{
  "task_name": "cartoon_entertainment_companion_open",
  "model_name": "gemini_2_5_flash_lite",
  "model_path": "gemini-2.5-flash-lite",
  "method_name": "full_context_multimodal",
  "base_method_name": "full_context_multimodal",
  "method_modality": "",
  "mode": "open",
  "num_qas": 76,
  "num_qas_run": 76,
  "dialog_json": "/common/home/mg1998/MemoryBench/Benchmark_Pipeline/data/dialog/Cartoon_Entertainment_Companion_Open.json",
  "image_root": "/common/home/mg1998/.cache/memeye_hf/MemEye/data/image",
  "run_dir": "/common/home/mg1998/MemoryBench/Benchmark_Pipeline/runs/cartoon_entertainment_companion_open/20260424_203939_gemini_2_5_flash_lite_full_context_multimodal",
  "git_commit": "658ab1743219fa7a98e5672df9c7253b6b5b5e6d",
  "summary": {
    "open_count": 76,
    "overall": {
      "em": 0.13157894736842105,
      "contains_gt": 0.18421052631578946,
      "f1": 0.3431907901222943,
      "bleu": 0.09941081530296864,
      "bleu_1": 0.276199990544081,
      "bleu_2": 0.18522353727740878,
      "judge": 0.5921052631578947
    },
    "by_x": {
      "X3": {
        "em": 0.08333333333333333,
        "contains_gt": 0.16666666666666666,
        "f1": 0.2897242381801205,
        "bleu": 0.050988864893457365,
        "bleu_1": 0.2153445423727498,
        "bleu_2": 0.14783327644612715,
        "judge": 0.625
      },
      "X4": {
        "em": 0.19230769230769232,
        "contains_gt": 0.23076923076923078,
        "f1": 0.39583282103757994,
        "bleu": 0.15020871074172784,
        "bleu_1": 0.3383787597547904,
        "bleu_2": 0.22062365808071685,
        "judge": 0.6730769230769231
      },
      "X2": {
        "em": 0.1,
        "contains_gt": 0.1,
        "f1": 0.3922408963585434,
        "bleu": 0.07477585161772131,
        "bleu_1": 0.27407427800564527,
        "bleu_2": 0.2183295209151185,
        "judge": 0.6
      },
      "X1": {
        "em": 0.125,
        "contains_gt": 0.1875,
        "f1": 0.3071910014005602,
        "bleu": 0.10489401313253142,
        "bleu_1": 0.2677712331701974,
        "bleu_2": 0.16309249244538707,
        "judge": 0.40625
      }
    },
    "by_y": {
      "Y1": {
        "em": 0.12121212121212122,
        "contains_gt": 0.21212121212121213,
        "f1": 0.2966201307110398,
        "bleu": 0.0962912775442118,
        "bleu_1": 0.23795106574431532,
        "bleu_2": 0.13782573540343507,
        "judge": 0.5909090909090909
      },
      "Y2": {
        "em": 0.15789473684210525,
        "contains_gt": 0.18421052631578946,
        "f1": 0.4169962227400361,
        "bleu": 0.11367904924524888,
        "bleu_1": 0.3392154912310231,
        "bleu_2": 0.24647819719723071,
        "judge": 0.6578947368421053
      },
      "Y3": {
        "em": 0.0,
        "contains_gt": 0.0,
        "f1": 0.0896358543417367,
        "bleu": 0.011561186549433923,
        "bleu_1": 0.0497250890017746,
        "bleu_2": 0.03251361425498867,
        "judge": 0.1
      }
    },
    "by_cell": {
      "X3_Y1": {
        "em": 0.0,
        "contains_gt": 0.16666666666666666,
        "f1": 0.190494227994228,
        "bleu": 0.023344888859848936,
        "bleu_1": 0.10493381991128743,
        "bleu_2": 0.04827750822721223,
        "judge": 0.5833333333333334
      },
      "X4_Y2": {
        "em": 0.07692307692307693,
        "contains_gt": 0.07692307692307693,
        "f1": 0.43202415234317243,
        "bleu": 0.11413133160898944,
        "bleu_1": 0.3388454315974929,
        "bleu_2": 0.23040024184237043,
        "judge": 0.7307692307692307
      },
      "X2_Y2": {
        "em": 0.2,
        "contains_gt": 0.2,
        "f1": 0.33908496732026144,
        "bleu": 0.07031924273256895,
        "bleu_1": 0.23308411845732782,
        "bleu_2": 0.22022407761869792,
        "judge": 0.5
      },
      "X3_Y2": {
        "em": 0.16666666666666666,
        "contains_gt": 0.16666666666666666,
        "f1": 0.38895424836601306,
        "bleu": 0.0786328409270658,
        "bleu_1": 0.3257552648342122,
        "bleu_2": 0.24738904466504205,
        "judge": 0.6666666666666666
      },
      "X4_Y1": {
        "em": 0.3333333333333333,
        "contains_gt": 0.4166666666666667,
        "f1": 0.3798076923076923,
        "bleu": 0.20180993069733838,
        "bleu_1": 0.36607142857142855,
        "bleu_2": 0.22841766384565187,
        "judge": 0.6666666666666666
      },
      "X1_Y1": {
        "em": 0.0,
        "contains_gt": 0.0,
        "f1": 0.17946428571428572,
        "bleu": 0.019898005439593254,
        "bleu_1": 0.15625,
        "bleu_2": 0.036433095595323074,
        "judge": 0.25
      },
      "X1_Y2": {
        "em": 0.25,
        "contains_gt": 0.375,
        "f1": 0.48333333333333334,
        "bleu": 0.19261328195187002,
        "bleu_1": 0.4263392857142857,
        "bleu_2": 0.28764742818374467,
        "judge": 0.625
      },
      "X2_Y1": {
        "em": 0.0,
        "contains_gt": 0.0,
        "f1": 0.4453968253968254,
        "bleu": 0.07923246050287366,
        "bleu_1": 0.3150644375539627,
        "bleu_2": 0.21643496421153913,
        "judge": 0.7
      },
      "X1_Y3": {
        "em": 0.0,
        "contains_gt": 0.0,
        "f1": 0.08263305322128851,
        "bleu": 0.014451483186792402,
        "bleu_1": 0.062156361252218253,
        "bleu_2": 0.04064201781873584,
        "judge": 0.125
      },
      "X4_Y3": {
        "em": 0.0,
        "contains_gt": 0.0,
        "f1": 0.11764705882352941,
        "bleu": 0.0,
        "bleu_1": 0.0,
        "bleu_2": 0.0,
        "judge": 0.0
      }
    }
  },
  "method_runtime": {
    "method_modality": "multimodal",
    "history_source": "full_context",
    "captions_loaded": false,
    "images_loaded": true,
    "history_turns_after_truncation": 598,
    "history_turns_before_truncation": 598
  },
  "judge": {
    "enabled": true,
    "model": "gpt-5.2",
    "scored_open_rows": 76
  }
}