{
  "dialog_json": "/common/home/mg1998/.cache/memeye_hf/MemEye/data/dialog/Visual_Case_Archive_Assistant.json",
  "model_path": "gpt-4.1-nano",
  "mode": "open",
  "num_qas": 17,
  "summary": {
    "open_count": 17,
    "open_exact_rate": 0.0,
    "open_contains_rate": 0.11764705882352941,
    "open_f1_avg": 0.17921943897176096,
    "open_bleu_1_avg": 0.13200036313202057,
    "open_bleu_2_avg": 0.07300390699806163,
    "point_metrics": {
      "X2|Y1": {
        "open_exact_rate": 0.0,
        "open_contains_rate": 0.0,
        "open_f1_avg": 0.22222222222222224,
        "open_bleu_1_avg": 0.19607843137254902,
        "open_bleu_2_avg": 0.09038769075777342
      },
      "X2|Y2": {
        "open_exact_rate": 0.0,
        "open_contains_rate": 0.125,
        "open_f1_avg": 0.09561403508771929,
        "open_bleu_1_avg": 0.08720599847854399,
        "open_bleu_2_avg": 0.06030471529660873
      },
      "X3|Y2": {
        "open_exact_rate": 0.0,
        "open_contains_rate": 0.0,
        "open_f1_avg": 0.25,
        "open_bleu_1_avg": 0.19230769230769232,
        "open_bleu_2_avg": 0.12659242088545833
      },
      "X4|Y1": {
        "open_exact_rate": 0.0,
        "open_contains_rate": 0.0,
        "open_f1_avg": 0.33333333333333337,
        "open_bleu_1_avg": 0.01831563888873418,
        "open_bleu_2_avg": 0.00579191356895553
      },
      "X2|Y3": {
        "open_exact_rate": 0.0,
        "open_contains_rate": 0.0,
        "open_f1_avg": 0.1818181818181818,
        "open_bleu_1_avg": 0.10033075668312062,
        "open_bleu_2_avg": 0.0859181269592097
      },
      "X0|Y2": {
        "open_exact_rate": 0.0,
        "open_contains_rate": 0.5,
        "open_f1_avg": 0.3,
        "open_bleu_1_avg": 0.22743055555555552,
        "open_bleu_2_avg": 0.07128537101088774
      }
    },
    "x_metrics": {
      "X2": {
        "open_exact_rate": 0.0,
        "open_contains_rate": 0.08333333333333333,
        "open_f1_avg": 0.13444976076555024,
        "open_bleu_1_avg": 0.11551783655242664,
        "open_bleu_2_avg": 0.06995991013378332
      },
      "X3": {
        "open_exact_rate": 0.0,
        "open_contains_rate": 0.0,
        "open_f1_avg": 0.25,
        "open_bleu_1_avg": 0.19230769230769232,
        "open_bleu_2_avg": 0.12659242088545833
      },
      "X4": {
        "open_exact_rate": 0.0,
        "open_contains_rate": 0.0,
        "open_f1_avg": 0.33333333333333337,
        "open_bleu_1_avg": 0.01831563888873418,
        "open_bleu_2_avg": 0.00579191356895553
      },
      "X0": {
        "open_exact_rate": 0.0,
        "open_contains_rate": 0.5,
        "open_f1_avg": 0.3,
        "open_bleu_1_avg": 0.22743055555555552,
        "open_bleu_2_avg": 0.07128537101088774
      }
    },
    "y_metrics": {
      "Y1": {
        "open_exact_rate": 0.0,
        "open_contains_rate": 0.0,
        "open_f1_avg": 0.25,
        "open_bleu_1_avg": 0.15163773325159532,
        "open_bleu_2_avg": 0.06923874646056895
      },
      "Y2": {
        "open_exact_rate": 0.0,
        "open_contains_rate": 0.16666666666666666,
        "open_f1_avg": 0.1554093567251462,
        "open_bleu_1_avg": 0.12809370696290398,
        "open_bleu_2_avg": 0.07318277551379683
      },
      "Y3": {
        "open_exact_rate": 0.0,
        "open_contains_rate": 0.0,
        "open_f1_avg": 0.1818181818181818,
        "open_bleu_1_avg": 0.10033075668312062,
        "open_bleu_2_avg": 0.0859181269592097
      }
    }
  },
  "results": [
    {
      "idx": 1,
      "point": [
        [
          "X2"
        ],
        [
          "Y1"
        ]
      ],
      "mode": "open",
      "question": "In the very first workstation image, what was the small red item, and where was it located?",
      "gt": "It was a small red USB drive located at the top-right corner of the desk.",
      "pred": "The small red item was a USB flash drive, and it was located to the right of the laptop on the desk.",
      "exact_match": false,
      "em": 0.0,
      "contains_gt": false,
      "f1": 0.6666666666666667,
      "bleu_1": 0.5882352941176471,
      "bleu_2": 0.27116307227332026,
      "latency_ms": 9066,
      "method_name": "full_context",
      "history_turns": 18,
      "source_sessions": [
        "S1"
      ],
      "clue_rounds": [
        "S1:2"
      ]
    },
    {
      "idx": 2,
      "point": [
        [
          "X2"
        ],
        [
          "Y2"
        ]
      ],
      "mode": "open",
      "question": "What object definitely moved from the desk area to the doorway area?",
      "gt": "The black backpack moved from near the desk leg to the doorway area.",
      "pred": "The umbrella definitely moved from the desk area to the doorway area.",
      "exact_match": false,
      "em": 0.0,
      "contains_gt": false,
      "f1": 0.631578947368421,
      "bleu_1": 0.596559544542913,
      "bleu_2": 0.44741965840718484,
      "latency_ms": 10315,
      "method_name": "full_context",
      "history_turns": 18,
      "source_sessions": [
        "S1"
      ],
      "clue_rounds": [
        "S1:2",
        "S1:7"
      ]
    },
    {
      "idx": 3,
      "point": [
        [
          "X2"
        ],
        [
          "Y2"
        ]
      ],
      "mode": "open",
      "question": "Not the red thing in the meeting room. What was the smaller red object that disappeared and later reappeared in an enclosed place?",
      "gt": "The small red USB drive, which reappeared in the storage cabinet.",
      "pred": "The smaller red object is a red lighter.",
      "exact_match": false,
      "em": 0.0,
      "contains_gt": false,
      "f1": 0.13333333333333333,
      "bleu_1": 0.10108844328543891,
      "bleu_2": 0.03501806396568503,
      "latency_ms": 17906,
      "method_name": "full_context",
      "history_turns": 36,
      "source_sessions": [
        "S1",
        "S2"
      ],
      "clue_rounds": [
        "S1:2",
        "S2:1",
        "S2:4"
      ]
    },
    {
      "idx": 4,
      "point": [
        [
          "X3"
        ],
        [
          "Y2"
        ]
      ],
      "mode": "open",
      "question": "Which silver object was attached to something that changed location, and what was that larger object?",
      "gt": "The silver zipper charm attached to the black backpack.",
      "pred": "The silver object is a key attached to a keyring, and the larger object is a black backpack.",
      "exact_match": false,
      "em": 0.0,
      "contains_gt": false,
      "f1": 0.5,
      "bleu_1": 0.38461538461538464,
      "bleu_2": 0.25318484177091666,
      "latency_ms": 9153,
      "method_name": "full_context",
      "history_turns": 40,
      "source_sessions": [
        "S1",
        "S3"
      ],
      "clue_rounds": [
        "S1:2",
        "S1:7",
        "S3:4"
      ]
    },
    {
      "idx": 5,
      "point": [
        [
          "X4"
        ],
        [
          "Y1"
        ]
      ],
      "mode": "open",
      "question": "In the later desk close-up, which new small object was closer to the laptop: the keyring or the transparent plastic bag?",
      "gt": "The keyring was closer to the laptop.",
      "pred": "The keyring.",
      "exact_match": false,
      "em": 0.0,
      "contains_gt": false,
      "f1": 0.33333333333333337,
      "bleu_1": 0.01831563888873418,
      "bleu_2": 0.00579191356895553,
      "latency_ms": 5557,
      "method_name": "full_context",
      "history_turns": 22,
      "source_sessions": [
        "S3"
      ],
      "clue_rounds": [
        "S3:2"
      ]
    },
    {
      "idx": 6,
      "point": [
        [
          "X2"
        ],
        [
          "Y3"
        ]
      ],
      "mode": "open",
      "question": "Did the yellow sticky note remain in the same visible place throughout the archive?",
      "gt": "No. It was first on the right wall, later disappeared from that wall, and later a rolled yellow sticky note appeared inside the storage cabinet.",