{
  "dialog_json": "/common/home/mg1998/.cache/memeye_hf/MemEye/data/dialog/Visual_Case_Archive_Assistant.json",
  "model_path": "gpt-4.1-nano",
  "mode": "open",
  "num_qas": 17,
  "summary": {
    "open_count": 17,
    "open_exact_rate": 0.11764705882352941,
    "open_contains_rate": 0.23529411764705882,
    "open_f1_avg": 0.28858174848886925,
    "open_bleu_1_avg": 0.263331269793716,
    "open_bleu_2_avg": 0.1317882118189455,
    "point_metrics": {
      "X2|Y1": {
        "open_exact_rate": 0.0,
        "open_contains_rate": 0.0,
        "open_f1_avg": 0.22222222222222224,
        "open_bleu_1_avg": 0.19607843137254902,
        "open_bleu_2_avg": 0.09038769075777342
      },
      "X2|Y2": {
        "open_exact_rate": 0.25,
        "open_contains_rate": 0.375,
        "open_f1_avg": 0.37781954887218044,
        "open_bleu_1_avg": 0.35946471511836925,
        "open_bleu_2_avg": 0.15722678643512367
      },
      "X3|Y2": {
        "open_exact_rate": 0.0,
        "open_contains_rate": 0.0,
        "open_f1_avg": 0.125,
        "open_bleu_1_avg": 0.07999999999999999,
        "open_bleu_2_avg": 0.040824829046386304
      },
      "X4|Y1": {
        "open_exact_rate": 0.0,
        "open_contains_rate": 0.0,
        "open_f1_avg": 0.6666666666666666,
        "open_bleu_1_avg": 0.5714285714285714,
        "open_bleu_2_avg": 0.5345224838248488
      },
      "X2|Y3": {
        "open_exact_rate": 0.0,
        "open_contains_rate": 0.0,
        "open_f1_avg": 0.0,
        "open_bleu_1_avg": 0.0,
        "open_bleu_2_avg": 0.0
      },
      "X0|Y2": {
        "open_exact_rate": 0.0,
        "open_contains_rate": 0.5,
        "open_f1_avg": 0.15000000000000002,
        "open_bleu_1_avg": 0.140625,
        "open_bleu_2_avg": 0.04762504762507144
      }
    },
    "x_metrics": {
      "X2": {
        "open_exact_rate": 0.16666666666666666,
        "open_contains_rate": 0.25,
        "open_f1_avg": 0.30743525480367584,
        "open_bleu_1_avg": 0.28866275125538343,
        "open_bleu_2_avg": 0.1274147803128591
      },
      "X3": {
        "open_exact_rate": 0.0,
        "open_contains_rate": 0.0,
        "open_f1_avg": 0.125,
        "open_bleu_1_avg": 0.07999999999999999,
        "open_bleu_2_avg": 0.040824829046386304
      },
      "X4": {
        "open_exact_rate": 0.0,
        "open_contains_rate": 0.0,
        "open_f1_avg": 0.6666666666666666,
        "open_bleu_1_avg": 0.5714285714285714,
        "open_bleu_2_avg": 0.5345224838248488
      },
      "X0": {
        "open_exact_rate": 0.0,
        "open_contains_rate": 0.5,
        "open_f1_avg": 0.15000000000000002,
        "open_bleu_1_avg": 0.140625,
        "open_bleu_2_avg": 0.04762504762507144
      }
    },
    "y_metrics": {
      "Y1": {
        "open_exact_rate": 0.0,
        "open_contains_rate": 0.0,
        "open_f1_avg": 0.33333333333333337,
        "open_bleu_1_avg": 0.2899159663865546,
        "open_bleu_2_avg": 0.20142138902454226
      },
      "Y2": {
        "open_exact_rate": 0.16666666666666666,
        "open_contains_rate": 0.3333333333333333,
        "open_f1_avg": 0.29771303258145365,
        "open_bleu_1_avg": 0.2764139767455795,
        "open_bleu_2_avg": 0.11955950373532538
      },
      "Y3": {
        "open_exact_rate": 0.0,
        "open_contains_rate": 0.0,
        "open_f1_avg": 0.0,
        "open_bleu_1_avg": 0.0,
        "open_bleu_2_avg": 0.0
      }
    }
  },
  "results": [
    {
      "idx": 1,
      "point": [
        [
          "X2"
        ],
        [
          "Y1"
        ]
      ],
      "mode": "open",
      "question": "In the very first workstation image, what was the small red item, and where was it located?",
      "gt": "It was a small red USB drive located at the top-right corner of the desk.",
      "pred": "The small red item was a USB flash drive, and it was located on the desk to the right of the laptop.",
      "exact_match": false,
      "em": 0.0,
      "contains_gt": false,
      "f1": 0.6666666666666667,
      "bleu_1": 0.5882352941176471,
      "bleu_2": 0.27116307227332026,
      "latency_ms": 8566,
      "method_name": "m2a_lite",
      "history_turns": 12,
      "source_sessions": [
        "S1"
      ],
      "clue_rounds": [
        "S1:2"
      ]
    },
    {
      "idx": 2,
      "point": [
        [
          "X2"
        ],
        [
          "Y2"
        ]
      ],
      "mode": "open",
      "question": "What object definitely moved from the desk area to the doorway area?",
      "gt": "The black backpack moved from near the desk leg to the doorway area.",
      "pred": "The backpack definitely moved from the desk area to the doorway area.",
      "exact_match": false,
      "em": 0.0,
      "contains_gt": false,
      "f1": 0.7368421052631577,
      "bleu_1": 0.6959861353000654,
      "bleu_2": 0.4832684649178643,
      "latency_ms": 5560,
      "method_name": "m2a_lite",
      "history_turns": 10,
      "source_sessions": [
        "S1"
      ],
      "clue_rounds": [
        "S1:2",
        "S1:7"
      ]
    },
    {
      "idx": 3,
      "point": [
        [
          "X2"
        ],
        [
          "Y2"
        ]
      ],
      "mode": "open",
      "question": "Not the red thing in the meeting room. What was the smaller red object that disappeared and later reappeared in an enclosed place?",
      "gt": "The small red USB drive, which reappeared in the storage cabinet.",
      "pred": "The small red object is a lighter.",
      "exact_match": false,
      "em": 0.0,
      "contains_gt": false,
      "f1": 0.2857142857142857,
      "bleu_1": 0.17973158564688863,
      "bleu_2": 0.14209029452944894,
      "latency_ms": 3603,
      "method_name": "m2a_lite",
      "history_turns": 8,
      "source_sessions": [
        "S1",
        "S2"
      ],
      "clue_rounds": [
        "S1:2",
        "S2:1",
        "S2:4"
      ]
    },
    {
      "idx": 4,
      "point": [
        [
          "X3"
        ],
        [
          "Y2"
        ]
      ],
      "mode": "open",
      "question": "Which silver object was attached to something that changed location, and what was that larger object?",
      "gt": "The silver zipper charm attached to the black backpack.",
      "pred": "The silver object attached to the larger object, which changed location, is a small silver item (possibly a key or similar object). The larger object is a black bag or case.",
      "exact_match": false,
      "em": 0.0,
      "contains_gt": false,
      "f1": 0.25,
      "bleu_1": 0.15999999999999998,
      "bleu_2": 0.08164965809277261,
      "latency_ms": 946,
      "method_name": "m2a_lite",
      "history_turns": 10,
      "source_sessions": [
        "S1",
        "S3"
      ],
      "clue_rounds": [
        "S1:2",
        "S1:7",
        "S3:4"
      ]
    },
    {
      "idx": 5,
      "point": [
        [
          "X4"
        ],
        [
          "Y1"
        ]
      ],
      "mode": "open",
      "question": "In the later desk close-up, which new small object was closer to the laptop: the keyring or the transparent plastic bag?",
      "gt": "The keyring was closer to the laptop.",
      "pred": "The transparent plastic bag was closer to the laptop.",
      "exact_match": false,
      "em": 0.0,
      "contains_gt": false,
      "f1": 0.6666666666666666,
      "bleu_1": 0.5714285714285714,
      "bleu_2": 0.5345224838248488,
      "latency_ms": 2180,
      "method_name": "m2a_lite",
      "history_turns": 12,
      "source_sessions": [
        "S3"
      ],
      "clue_rounds": [
        "S3:2"
      ]
    },
    {
      "idx": 6,
      "point": [
        [
          "X2"
        ],
        [
          "Y3"
        ]
      ],
      "mode": "open",
      "question": "Did the yellow sticky note remain in the same visible place throughout the archive?",
      "gt": "No. It was first on the right wall, later disappeared from that wall, and later a rolled yellow sticky note appeared inside the storage cabinet.",
      "pred": "Yes.",