{
  "dialog_json": "/common/home/mg1998/.cache/memeye_hf/MemEye/data/dialog/Visual_Case_Archive_Assistant.json",
  "model_path": "gpt-4.1-nano",
  "mode": "open",
  "num_qas": 17,
  "summary": {
    "open_count": 17,
    "open_exact_rate": 0.058823529411764705,
    "open_contains_rate": 0.23529411764705882,
    "open_f1_avg": 0.188422035480859,
    "open_bleu_1_avg": 0.1758425727884168,
    "open_bleu_2_avg": 0.12485434868794376,
    "point_metrics": {
      "X2|Y1": {
        "open_exact_rate": 0.0,
        "open_contains_rate": 0.0,
        "open_f1_avg": 0.22222222222222224,
        "open_bleu_1_avg": 0.19607843137254902,
        "open_bleu_2_avg": 0.09038769075777342
      },
      "X2|Y2": {
        "open_exact_rate": 0.0,
        "open_contains_rate": 0.25,
        "open_f1_avg": 0.11666666666666668,
        "open_bleu_1_avg": 0.11263605541067986,
        "open_bleu_2_avg": 0.07891285724570363
      },
      "X3|Y2": {
        "open_exact_rate": 0.0,
        "open_contains_rate": 0.0,
        "open_f1_avg": 0.14285714285714285,
        "open_bleu_1_avg": 0.10714285714285712,
        "open_bleu_2_avg": 0.06419407387663692
      },
      "X4|Y1": {
        "open_exact_rate": 1.0,
        "open_contains_rate": 1.0,
        "open_f1_avg": 1.0,
        "open_bleu_1_avg": 1.0,
        "open_bleu_2_avg": 1.0
      },
      "X2|Y3": {
        "open_exact_rate": 0.0,
        "open_contains_rate": 0.0,
        "open_f1_avg": 0.0,
        "open_bleu_1_avg": 0.0,
        "open_bleu_2_avg": 0.0
      },
      "X0|Y2": {
        "open_exact_rate": 0.0,
        "open_contains_rate": 0.5,
        "open_f1_avg": 0.15873015873015875,
        "open_bleu_1_avg": 0.14285714285714285,
        "open_bleu_2_avg": 0.04583492485141056
      }
    },
    "x_metrics": {
      "X2": {
        "open_exact_rate": 0.0,
        "open_contains_rate": 0.16666666666666666,
        "open_f1_avg": 0.13333333333333333,
        "open_bleu_1_avg": 0.12411031145025715,
        "open_bleu_2_avg": 0.07520549418657911
      },
      "X3": {
        "open_exact_rate": 0.0,
        "open_contains_rate": 0.0,
        "open_f1_avg": 0.14285714285714285,
        "open_bleu_1_avg": 0.10714285714285712,
        "open_bleu_2_avg": 0.06419407387663692
      },
      "X4": {
        "open_exact_rate": 1.0,
        "open_contains_rate": 1.0,
        "open_f1_avg": 1.0,
        "open_bleu_1_avg": 1.0,
        "open_bleu_2_avg": 1.0
      },
      "X0": {
        "open_exact_rate": 0.0,
        "open_contains_rate": 0.5,
        "open_f1_avg": 0.15873015873015875,
        "open_bleu_1_avg": 0.14285714285714285,
        "open_bleu_2_avg": 0.04583492485141056
      }
    },
    "y_metrics": {
      "Y1": {
        "open_exact_rate": 0.25,
        "open_contains_rate": 0.25,
        "open_f1_avg": 0.4166666666666667,
        "open_bleu_1_avg": 0.3970588235294118,
        "open_bleu_2_avg": 0.31779076806833007
      },
      "Y2": {
        "open_exact_rate": 0.0,
        "open_contains_rate": 0.25,
        "open_f1_avg": 0.12804232804232804,
        "open_bleu_1_avg": 0.11675737027378656,
        "open_bleu_2_avg": 0.07094673795181032
      },
      "Y3": {
        "open_exact_rate": 0.0,
        "open_contains_rate": 0.0,
        "open_f1_avg": 0.0,
        "open_bleu_1_avg": 0.0,
        "open_bleu_2_avg": 0.0
      }
    }
  },
  "results": [
    {
      "idx": 1,
      "point": [
        [
          "X2"
        ],
        [
          "Y1"
        ]
      ],
      "mode": "open",
      "question": "In the very first workstation image, what was the small red item, and where was it located?",
      "gt": "It was a small red USB drive located at the top-right corner of the desk.",
      "pred": "The small red item was a USB flash drive, and it was located to the right of the laptop on the desk.",
      "exact_match": false,
      "em": 0.0,
      "contains_gt": false,
      "f1": 0.6666666666666667,
      "bleu_1": 0.5882352941176471,
      "bleu_2": 0.27116307227332026,
      "latency_ms": 2298,
      "method_name": "hybrid_rag",
      "history_turns": 6,
      "source_sessions": [
        "S1"
      ],
      "clue_rounds": [
        "S1:2"
      ]
    },
    {
      "idx": 2,
      "point": [
        [
          "X2"
        ],
        [
          "Y2"
        ]
      ],
      "mode": "open",
      "question": "What object definitely moved from the desk area to the doorway area?",
      "gt": "The black backpack moved from near the desk leg to the doorway area.",
      "pred": "The black backpack definitely moved from the desk area to the doorway area.",
      "exact_match": false,
      "em": 0.0,
      "contains_gt": false,
      "f1": 0.8000000000000002,
      "bleu_1": 0.8,
      "bleu_2": 0.5962847939999439,
      "latency_ms": 7750,
      "method_name": "hybrid_rag",
      "history_turns": 10,
      "source_sessions": [
        "S1"
      ],
      "clue_rounds": [
        "S1:2",
        "S1:7"
      ]
    },
    {
      "idx": 3,
      "point": [
        [
          "X2"
        ],
        [
          "Y2"
        ]
      ],
      "mode": "open",
      "question": "Not the red thing in the meeting room. What was the smaller red object that disappeared and later reappeared in an enclosed place?",
      "gt": "The small red USB drive, which reappeared in the storage cabinet.",
      "pred": "The smaller red object is the red lighter.",
      "exact_match": false,
      "em": 0.0,
      "contains_gt": false,
      "f1": 0.13333333333333333,
      "bleu_1": 0.10108844328543891,
      "bleu_2": 0.03501806396568503,
      "latency_ms": 6858,
      "method_name": "hybrid_rag",
      "history_turns": 12,
      "source_sessions": [
        "S1",
        "S2"
      ],
      "clue_rounds": [
        "S1:2",
        "S2:1",
        "S2:4"
      ]
    },
    {
      "idx": 4,
      "point": [
        [
          "X3"
        ],
        [
          "Y2"
        ]
      ],
      "mode": "open",
      "question": "Which silver object was attached to something that changed location, and what was that larger object?",
      "gt": "The silver zipper charm attached to the black backpack.",
      "pred": "There is no silver object attached to anything that changed location in the images provided.",
      "exact_match": false,
      "em": 0.0,
      "contains_gt": false,
      "f1": 0.2857142857142857,
      "bleu_1": 0.21428571428571425,
      "bleu_2": 0.12838814775327384,
      "latency_ms": 4095,
      "method_name": "hybrid_rag",
      "history_turns": 10,
      "source_sessions": [
        "S1",
        "S3"
      ],
      "clue_rounds": [
        "S1:2",
        "S1:7",
        "S3:4"
      ]
    },
    {
      "idx": 5,
      "point": [
        [
          "X4"
        ],
        [
          "Y1"
        ]
      ],
      "mode": "open",
      "question": "In the later desk close-up, which new small object was closer to the laptop: the keyring or the transparent plastic bag?",
      "gt": "The keyring was closer to the laptop.",
      "pred": "The keyring was closer to the laptop.",
      "exact_match": true,
      "em": 1.0,
      "contains_gt": true,
      "f1": 1.0,
      "bleu_1": 1.0,
      "bleu_2": 1.0,
      "latency_ms": 2613,
      "method_name": "hybrid_rag",
      "history_turns": 12,
      "source_sessions": [
        "S3"
      ],
      "clue_rounds": [
        "S3:2"
      ]
    },
    {
      "idx": 6,
      "point": [
        [
          "X2"
        ],
        [
          "Y3"
        ]
      ],
      "mode": "open",
      "question": "Did the yellow sticky note remain in the same visible place throughout the archive?",
      "gt": "No. It was first on the right wall, later disappeared from that wall, and later a rolled yellow sticky note appeared inside the storage cabinet.",
      "pred": "Yes.",
      "exact_match": false,
      "em": 0.0,
      "contains_gt": false,
      "f1": 0.0,
      "bleu_1": 0.0,
      "bleu_2": 0.0,
      "latency_ms": 3962,
      "method_name": "hybrid_rag",