{
  "dialog_json": "/common/home/mg1998/.cache/memeye_hf/MemEye/data/dialog/Visual_Case_Archive_Assistant.json",
  "model_path": "gpt-4.1-nano",
  "mode": "open",
  "num_qas": 17,
  "summary": {
    "open_count": 17,
    "open_exact_rate": 0.058823529411764705,
    "open_contains_rate": 0.29411764705882354,
    "open_f1_avg": 0.18105891312881886,
    "open_bleu_1_avg": 0.1560272351392899,
    "open_bleu_2_avg": 0.10866571378398397,
    "point_metrics": {
      "X2|Y1": {
        "open_exact_rate": 0.0,
        "open_contains_rate": 0.3333333333333333,
        "open_f1_avg": 0.24372759856630824,
        "open_bleu_1_avg": 0.20718954248366014,
        "open_bleu_2_avg": 0.09396139920723273
      },
      "X2|Y2": {
        "open_exact_rate": 0.0,
        "open_contains_rate": 0.25,
        "open_f1_avg": 0.07983193277310924,
        "open_bleu_1_avg": 0.057364969145024765,
        "open_bleu_2_avg": 0.03952433825943226
      },
      "X3|Y2": {
        "open_exact_rate": 0.0,
        "open_contains_rate": 0.0,
        "open_f1_avg": 0.15,
        "open_bleu_1_avg": 0.11538461538461539,
        "open_bleu_2_avg": 0.06933752452815364
      },
      "X4|Y1": {
        "open_exact_rate": 1.0,
        "open_contains_rate": 1.0,
        "open_f1_avg": 1.0,
        "open_bleu_1_avg": 1.0,
        "open_bleu_2_avg": 1.0
      },
      "X2|Y3": {
        "open_exact_rate": 0.0,
        "open_contains_rate": 0.0,
        "open_f1_avg": 0.0,
        "open_bleu_1_avg": 0.0,
        "open_bleu_2_avg": 0.0
      },
      "X0|Y2": {
        "open_exact_rate": 0.0,
        "open_contains_rate": 0.5,
        "open_f1_avg": 0.20408163265306123,
        "open_bleu_1_avg": 0.17060269299375935,
        "open_bleu_2_avg": 0.0552815907871319
      }
    },
    "x_metrics": {
      "X2": {
        "open_exact_rate": 0.0,
        "open_contains_rate": 0.25,
        "open_f1_avg": 0.1141531881569832,
        "open_bleu_1_avg": 0.09004069838426489,
        "open_bleu_2_avg": 0.0498399086414297
      },
      "X3": {
        "open_exact_rate": 0.0,
        "open_contains_rate": 0.0,
        "open_f1_avg": 0.15,
        "open_bleu_1_avg": 0.11538461538461539,
        "open_bleu_2_avg": 0.06933752452815364
      },
      "X4": {
        "open_exact_rate": 1.0,
        "open_contains_rate": 1.0,
        "open_f1_avg": 1.0,
        "open_bleu_1_avg": 1.0,
        "open_bleu_2_avg": 1.0
      },
      "X0": {
        "open_exact_rate": 0.0,
        "open_contains_rate": 0.5,
        "open_f1_avg": 0.20408163265306123,
        "open_bleu_1_avg": 0.17060269299375935,
        "open_bleu_2_avg": 0.0552815907871319
      }
    },
    "y_metrics": {
      "Y1": {
        "open_exact_rate": 0.25,
        "open_contains_rate": 0.5,
        "open_f1_avg": 0.4327956989247312,
        "open_bleu_1_avg": 0.40539215686274516,
        "open_bleu_2_avg": 0.32047104940542454
      },
      "Y2": {
        "open_exact_rate": 0.0,
        "open_contains_rate": 0.25,
        "open_f1_avg": 0.11223489395758303,
        "open_bleu_1_avg": 0.08590786415974565,
        "open_bleu_2_avg": 0.047119411392169096
      },
      "Y3": {
        "open_exact_rate": 0.0,
        "open_contains_rate": 0.0,
        "open_f1_avg": 0.0,
        "open_bleu_1_avg": 0.0,
        "open_bleu_2_avg": 0.0
      }
    }
  },
  "results": [
    {
      "idx": 1,
      "point": [
        [
          "X2"
        ],
        [
          "Y1"
        ]
      ],
      "mode": "open",
      "question": "In the very first workstation image, what was the small red item, and where was it located?",
      "gt": "It was a small red USB drive located at the top-right corner of the desk.",
      "pred": "The small red item was a USB flash drive, and it was located to the right of the laptop on the desk.",
      "exact_match": false,
      "em": 0.0,
      "contains_gt": false,
      "f1": 0.6666666666666667,
      "bleu_1": 0.5882352941176471,
      "bleu_2": 0.27116307227332026,
      "latency_ms": 2143,
      "method_name": "hybrid_rag",
      "history_turns": 6,
      "source_sessions": [
        "S1"
      ],
      "clue_rounds": [
        "S1:2"
      ]
    },
    {
      "idx": 2,
      "point": [
        [
          "X2"
        ],
        [
          "Y2"
        ]
      ],
      "mode": "open",
      "question": "What object definitely moved from the desk area to the doorway area?",
      "gt": "The black backpack moved from near the desk leg to the doorway area.",
      "pred": "The object that definitely moved is the black backpack.",
      "exact_match": false,
      "em": 0.0,
      "contains_gt": false,
      "f1": 0.3529411764705882,
      "bleu_1": 0.2791881675133095,
      "bleu_2": 0.17410441154600917,
      "latency_ms": 5003,
      "method_name": "hybrid_rag",
      "history_turns": 10,
      "source_sessions": [
        "S1"
      ],
      "clue_rounds": [
        "S1:2",
        "S1:7"
      ]
    },
    {
      "idx": 3,
      "point": [
        [
          "X2"
        ],
        [
          "Y2"
        ]
      ],
      "mode": "open",
      "question": "Not the red thing in the meeting room. What was the smaller red object that disappeared and later reappeared in an enclosed place?",
      "gt": "The small red USB drive, which reappeared in the storage cabinet.",
      "pred": "The small red object is a lighter.",
      "exact_match": false,
      "em": 0.0,
      "contains_gt": false,
      "f1": 0.2857142857142857,
      "bleu_1": 0.17973158564688863,
      "bleu_2": 0.14209029452944894,
      "latency_ms": 7662,
      "method_name": "hybrid_rag",
      "history_turns": 12,
      "source_sessions": [
        "S1",
        "S2"
      ],
      "clue_rounds": [
        "S1:2",
        "S2:1",
        "S2:4"
      ]
    },
    {
      "idx": 4,
      "point": [
        [
          "X3"
        ],
        [
          "Y2"
        ]
      ],
      "mode": "open",
      "question": "Which silver object was attached to something that changed location, and what was that larger object?",
      "gt": "The silver zipper charm attached to the black backpack.",
      "pred": "There is no silver object attached to something that changed location in the images.",
      "exact_match": false,
      "em": 0.0,
      "contains_gt": false,
      "f1": 0.3,
      "bleu_1": 0.23076923076923078,
      "bleu_2": 0.1386750490563073,
      "latency_ms": 4011,
      "method_name": "hybrid_rag",
      "history_turns": 10,
      "source_sessions": [
        "S1",
        "S3"
      ],
      "clue_rounds": [
        "S1:2",
        "S1:7",
        "S3:4"
      ]
    },
    {
      "idx": 5,
      "point": [
        [
          "X4"
        ],
        [
          "Y1"
        ]
      ],
      "mode": "open",
      "question": "In the later desk close-up, which new small object was closer to the laptop: the keyring or the transparent plastic bag?",
      "gt": "The keyring was closer to the laptop.",
      "pred": "The keyring was closer to the laptop.",
      "exact_match": true,
      "em": 1.0,
      "contains_gt": true,
      "f1": 1.0,
      "bleu_1": 1.0,
      "bleu_2": 1.0,
      "latency_ms": 1940,
      "method_name": "hybrid_rag",
      "history_turns": 12,
      "source_sessions": [
        "S3"
      ],
      "clue_rounds": [
        "S3:2"
      ]
    },
    {
      "idx": 6,
      "point": [
        [
          "X2"
        ],
        [
          "Y3"
        ]
      ],
      "mode": "open",
      "question": "Did the yellow sticky note remain in the same visible place throughout the archive?",
      "gt": "No. It was first on the right wall, later disappeared from that wall, and later a rolled yellow sticky note appeared inside the storage cabinet.",
      "pred": "Yes.",
      "exact_match": false,
      "em": 0.0,
      "contains_gt": false,
      "f1": 0.0,
      "bleu_1": 0.0,
      "bleu_2": 0.0,
      "latency_ms": 3301,
      "method_name": "hybrid_rag",
      "history_turns": 8,