{
  "dialog_json": "/common/home/mg1998/.cache/memeye_hf/MemEye/data/dialog/Visual_Case_Archive_Assistant.json",
  "model_path": "gpt-4.1-nano",
  "mode": "open",
  "num_qas": 17,
  "summary": {
    "open_count": 17,
    "open_exact_rate": 0.0,
    "open_contains_rate": 0.35294117647058826,
    "open_f1_avg": 0.09411437454261211,
    "open_bleu_1_avg": 0.06020783482083791,
    "open_bleu_2_avg": 0.04491011503549695,
    "point_metrics": {
      "X2|Y1": {
        "open_exact_rate": 0.0,
        "open_contains_rate": 0.3333333333333333,
        "open_f1_avg": 0.06504065040650407,
        "open_bleu_1_avg": 0.023809523809523805,
        "open_bleu_2_avg": 0.017144816662454654
      },
      "X2|Y2": {
        "open_exact_rate": 0.0,
        "open_contains_rate": 0.5,
        "open_f1_avg": 0.048809523809523817,
        "open_bleu_1_avg": 0.03365384615384615,
        "open_bleu_2_avg": 0.022351691540811198
      },
      "X3|Y2": {
        "open_exact_rate": 0.0,
        "open_contains_rate": 0.0,
        "open_f1_avg": 0.06666666666666667,
        "open_bleu_1_avg": 0.039473684210526314,
        "open_bleu_2_avg": 0.0230960638422895
      },
      "X4|Y1": {
        "open_exact_rate": 0.0,
        "open_contains_rate": 1.0,
        "open_f1_avg": 0.5263157894736842,
        "open_bleu_1_avg": 0.3571428571428572,
        "open_bleu_2_avg": 0.33149677206589795
      },
      "X2|Y3": {
        "open_exact_rate": 0.0,
        "open_contains_rate": 0.0,
        "open_f1_avg": 0.11940298507462685,
        "open_bleu_1_avg": 0.08888888888888888,
        "open_bleu_2_avg": 0.06356417261637283
      },
      "X0|Y2": {
        "open_exact_rate": 0.0,
        "open_contains_rate": 0.0,
        "open_f1_avg": 0.11764705882352942,
        "open_bleu_1_avg": 0.07894736842105261,
        "open_bleu_2_avg": 0.045985450461372424
      }
    },
    "x_metrics": {
      "X2": {
        "open_exact_rate": 0.0,
        "open_contains_rate": 0.4166666666666667,
        "open_f1_avg": 0.05875009389752747,
        "open_bleu_1_avg": 0.03579568579568579,
        "open_bleu_2_avg": 0.024484346244185533
      },
      "X3": {
        "open_exact_rate": 0.0,
        "open_contains_rate": 0.0,
        "open_f1_avg": 0.06666666666666667,
        "open_bleu_1_avg": 0.039473684210526314,
        "open_bleu_2_avg": 0.0230960638422895
      },
      "X4": {
        "open_exact_rate": 0.0,
        "open_contains_rate": 1.0,
        "open_f1_avg": 0.5263157894736842,
        "open_bleu_1_avg": 0.3571428571428572,
        "open_bleu_2_avg": 0.33149677206589795
      },
      "X0": {
        "open_exact_rate": 0.0,
        "open_contains_rate": 0.0,
        "open_f1_avg": 0.11764705882352942,
        "open_bleu_1_avg": 0.07894736842105261,
        "open_bleu_2_avg": 0.045985450461372424
      }
    },
    "y_metrics": {
      "Y1": {
        "open_exact_rate": 0.0,
        "open_contains_rate": 0.5,
        "open_f1_avg": 0.1803594351732991,
        "open_bleu_1_avg": 0.10714285714285715,
        "open_bleu_2_avg": 0.09573280551331548
      },
      "Y2": {
        "open_exact_rate": 0.0,
        "open_contains_rate": 0.3333333333333333,
        "open_f1_avg": 0.06325863678804856,
        "open_bleu_1_avg": 0.04217273954116058,
        "open_bleu_2_avg": 0.02641471341115112
      },
      "Y3": {
        "open_exact_rate": 0.0,
        "open_contains_rate": 0.0,
        "open_f1_avg": 0.11940298507462685,
        "open_bleu_1_avg": 0.08888888888888888,
        "open_bleu_2_avg": 0.06356417261637283
      }
    }
  },
  "results": [
    {
      "idx": 1,
      "point": [
        [
          "X2"
        ],
        [
          "Y1"
        ]
      ],
      "mode": "open",
      "question": "In the very first workstation image, what was the small red item, and where was it located?",
      "gt": "It was a small red USB drive located at the top-right corner of the desk.",
      "pred": "I don't have specific information about a small red item in the first workstation image or its location, as that detail has not been recorded in our previous conversations.",
      "exact_match": false,
      "em": 0.0,
      "contains_gt": false,
      "f1": 0.1951219512195122,
      "bleu_1": 0.07142857142857141,
      "bleu_2": 0.05143444998736396,
      "latency_ms": 670073,
      "method_name": "m2a",
      "history_turns": 0,
      "source_sessions": [
        "S1"
      ],
      "clue_rounds": [
        "S1:2"
      ]
    },
    {
      "idx": 2,
      "point": [
        [
          "X2"
        ],
        [
          "Y2"
        ]
      ],
      "mode": "open",
      "question": "What object definitely moved from the desk area to the doorway area?",
      "gt": "The black backpack moved from near the desk leg to the doorway area.",
      "pred": "There is no specific information regarding which object moved from the desk area to the doorway area. If you have more context or details, I can help further!",
      "exact_match": false,
      "em": 0.0,
      "contains_gt": false,
      "f1": 0.33333333333333337,
      "bleu_1": 0.23076923076923078,
      "bleu_2": 0.16641005886756874,
      "latency_ms": 5885,
      "method_name": "m2a",
      "history_turns": 0,
      "source_sessions": [
        "S1"
      ],
      "clue_rounds": [
        "S1:2",
        "S1:7"
      ]
    },
    {
      "idx": 3,
      "point": [
        [
          "X2"
        ],
        [
          "Y2"
        ]
      ],
      "mode": "open",
      "question": "Not the red thing in the meeting room. What was the smaller red object that disappeared and later reappeared in an enclosed place?",
      "gt": "The small red USB drive, which reappeared in the storage cabinet.",
      "pred": "I couldn't find specific information about the smaller red object you mentioned. If you can provide more details or context, I'd be happy to help!",
      "exact_match": false,
      "em": 0.0,
      "contains_gt": false,
      "f1": 0.05714285714285715,
      "bleu_1": 0.03846153846153846,
      "bleu_2": 0.012403473458920851,
      "latency_ms": 4168,
      "method_name": "m2a",
      "history_turns": 0,
      "source_sessions": [
        "S1",
        "S2"
      ],
      "clue_rounds": [
        "S1:2",
        "S2:1",
        "S2:4"
      ]
    },
    {
      "idx": 4,
      "point": [
        [
          "X3"
        ],
        [
          "Y2"
        ]
      ],
      "mode": "open",
      "question": "Which silver object was attached to something that changed location, and what was that larger object?",
      "gt": "The silver zipper charm attached to the black backpack.",
      "pred": "It seems there isn't a specific memory that details a silver object attached to something that changed location. If you could provide more context or specific information about this object or situation, I would be glad to help further!",
      "exact_match": false,
      "em": 0.0,
      "contains_gt": false,
      "f1": 0.13333333333333333,
      "bleu_1": 0.07894736842105263,
      "bleu_2": 0.046192127684579,
      "latency_ms": 7777,
      "method_name": "m2a",
      "history_turns": 0,
      "source_sessions": [
        "S1",
        "S3"
      ],
      "clue_rounds": [
        "S1:2",
        "S1:7",
        "S3:4"
      ]
    },
    {
      "idx": 5,
      "point": [
        [
          "X4"
        ],
        [
          "Y1"
        ]
      ],
      "mode": "open",
      "question": "In the later desk close-up, which new small object was closer to the laptop: the keyring or the transparent plastic bag?",
      "gt": "The keyring was closer to the laptop.",
      "pred": "In the later desk close-up, the keyring was closer to the laptop than the transparent plastic bag.",
      "exact_match": false,
      "em": 0.0,
      "contains_gt": true,
      "f1": 0.5263157894736842,
      "bleu_1": 0.3571428571428572,
      "bleu_2": 0.33149677206589795,
      "latency_ms": 11037,
      "method_name": "m2a",
      "history_turns": 0,