{
  "task_name": "multi_scene_visual_case_archive_assistant_open",
  "model_name": "gpt_5_1_mini",
  "model_path": "gpt-5.1-mini",
  "method_name": "mma",
  "base_method_name": "mma",
  "method_modality": "",
  "mode": "open",
  "num_qas": 50,
  "num_qas_run": 50,
  "dialog_json": "/common/home/mg1998/.cache/memeye_hf/MemEye/data/dialog/Multi-Scene_Visual_Case_Archive_Assistant_Open.json",
  "image_root": "/common/home/mg1998/.cache/memeye_hf/MemEye/data/image",
  "run_dir": "/common/home/mg1998/MemoryBench/Benchmark_Pipeline/runs/multi_scene_visual_case_archive_assistant_open/20260425_063437_gpt_5_1_mini_mma",
  "git_commit": "b6a188308ff7c48ebcc509618341807cfdaa773c",
  "summary": {
    "open_count": 50,
    "overall": {
      "em": 0.0,
      "contains_gt": 0.12,
      "f1": 0.22579833738908683,
      "bleu": 0.052716145059741086,
      "bleu_1": 0.15833457436697182,
      "bleu_2": 0.10259158486507901,
      "judge": 0.36
    },
    "by_x": {
      "X4": {
        "em": 0.0,
        "contains_gt": 0.0,
        "f1": 0.21043771043771048,
        "bleu": 0.09433680994341356,
        "bleu_1": 0.15000000000000002,
        "bleu_2": 0.12894159130478358,
        "judge": 0.5
      },
      "X2": {
        "em": 0.0,
        "contains_gt": 0.0,
        "f1": 0.0879261111480939,
        "bleu": 0.00790316434198028,
        "bleu_1": 0.06918857919731096,
        "bleu_2": 0.015105533510793133,
        "judge": 0.0
      },
      "X3": {
        "em": 0.0,
        "contains_gt": 0.15789473684210525,
        "f1": 0.25644097732944077,
        "bleu": 0.05776933417046205,
        "bleu_1": 0.1779794759150027,
        "bleu_2": 0.11823601605127555,
        "judge": 0.42105263157894735
      }
    },
    "by_y": {
      "Y2": {
        "em": 0.0,
        "contains_gt": 0.0,
        "f1": 0.12902837902837905,
        "bleu": 0.050553927256268075,
        "bleu_1": 0.09523903915402093,
        "bleu_2": 0.07027407671285106,
        "judge": 0.25
      },
      "Y3": {
        "em": 0.0,
        "contains_gt": 0.0,
        "f1": 0.17089872869653433,
        "bleu": 0.033617280228607556,
        "bleu_1": 0.1301494855947166,
        "bleu_2": 0.0604199935858327,
        "judge": 0.09090909090909091
      },
      "Y1": {
        "em": 0.0,
        "contains_gt": 0.1935483870967742,
        "f1": 0.27025173617953,
        "bleu": 0.0600511533039428,
        "bleu_1": 0.18461845366369486,
        "bleu_2": 0.12589570000345104,
        "judge": 0.4838709677419355
      }
    },
    "by_cell": {
      "X4_Y2": {
        "em": 0.0,
        "contains_gt": 0.0,
        "f1": 0.2805836139169473,
        "bleu": 0.12578241325788475,
        "bleu_1": 0.2,
        "bleu_2": 0.17192212173971144,
        "judge": 0.6666666666666666
      },
      "X2_Y2": {
        "em": 0.0,
        "contains_gt": 0.0,
        "f1": 0.06349206349206349,
        "bleu": 0.009028059425496799,
        "bleu_1": 0.05397077107738913,
        "bleu_2": 0.015475416161224735,
        "judge": 0.0
      },
      "X3_Y3": {
        "em": 0.0,
        "contains_gt": 0.0,
        "f1": 0.27339066339066337,
        "bleu": 0.06672978921106626,
        "bleu_1": 0.20800960423911244,
        "bleu_2": 0.11804038196829778,
        "judge": 0.2
      },
      "X2_Y3": {
        "em": 0.0,
        "contains_gt": 0.0,
        "f1": 0.10258653974171214,
        "bleu": 0.0072282272918703675,
        "bleu_1": 0.07831926406926407,
        "bleu_2": 0.01488360392053417,
        "judge": 0.0
      },
      "X3_Y1": {
        "em": 0.0,
        "contains_gt": 0.1935483870967742,
        "f1": 0.27025173617953,
        "bleu": 0.0600511533039428,
        "bleu_1": 0.18461845366369486,
        "bleu_2": 0.12589570000345104,
        "judge": 0.4838709677419355
      },
      "X3_Y2": {
        "em": 0.0,
        "contains_gt": 0.0,
        "f1": 0.0,
        "bleu": 0.0,
        "bleu_1": 0.0,
        "bleu_2": 0.0,
        "judge": 0.0
      },
      "X4_Y3": {
        "em": 0.0,
        "contains_gt": 0.0,
        "f1": 0.0,
        "bleu": 0.0,
        "bleu_1": 0.0,
        "bleu_2": 0.0,
        "judge": 0.0
      }
    }
  },
  "judge": {
    "enabled": true,
    "model": "gpt-5.2",
    "scored_open_rows": 50
  }
}