{
  "task_name": "cartoon_entertainment_companion_open",
  "model_name": "gpt_4_1_nano",
  "model_path": "gpt-4.1-nano",
  "method_name": "m2a",
  "base_method_name": "m2a",
  "method_modality": "",
  "mode": "open",
  "num_qas": 76,
  "num_qas_run": 76,
  "dialog_json": "/common/home/mg1998/MemoryBench/Benchmark_Pipeline/data/dialog/Cartoon_Entertainment_Companion_Open.json",
  "image_root": "/common/home/mg1998/.cache/memeye_hf/MemEye/data/image",
  "run_dir": "/common/home/mg1998/MemoryBench/Benchmark_Pipeline/runs/cartoon_entertainment_companion_open/20260424_191037_gpt_4_1_nano_m2a",
  "git_commit": "658ab1743219fa7a98e5672df9c7253b6b5b5e6d",
  "summary": {
    "open_count": 76,
    "overall": {
      "em": 0.0,
      "contains_gt": 0.06578947368421052,
      "f1": 0.12473847702108863,
      "bleu": 0.018979486018139518,
      "bleu_1": 0.07676557679934491,
      "bleu_2": 0.04187993836600152,
      "judge": 0.18421052631578946
    },
    "by_x": {
      "X3": {
        "em": 0.0,
        "contains_gt": 0.08333333333333333,
        "f1": 0.08839887666338261,
        "bleu": 0.007858587221894553,
        "bleu_1": 0.053706178309969196,
        "bleu_2": 0.020073289195336935,
        "judge": 0.08333333333333333
      },
      "X4": {
        "em": 0.0,
        "contains_gt": 0.038461538461538464,
        "f1": 0.13926062514563703,
        "bleu": 0.027653856765330647,
        "bleu_1": 0.08344863298807642,
        "bleu_2": 0.05230882718868788,
        "judge": 0.23076923076923078
      },
      "X2": {
        "em": 0.0,
        "contains_gt": 0.0,
        "f1": 0.19551934424498812,
        "bleu": 0.026478986338585694,
        "bleu_1": 0.12612325253980233,
        "bleu_2": 0.06858686573807973,
        "judge": 0.15
      },
      "X1": {
        "em": 0.0,
        "contains_gt": 0.125,
        "f1": 0.11141134484031937,
        "bleu": 0.016877794048042526,
        "bleu_1": 0.06964616088893387,
        "bleu_2": 0.040951138177584175,
        "judge": 0.28125
      }
    },
    "by_y": {
      "Y1": {
        "em": 0.0,
        "contains_gt": 0.06060606060606061,
        "f1": 0.08517387425795594,
        "bleu": 0.012311546520232891,
        "bleu_1": 0.05398217743009584,
        "bleu_2": 0.02490657987461723,
        "judge": 0.12121212121212122
      },
      "Y2": {
        "em": 0.0,
        "contains_gt": 0.07894736842105263,
        "f1": 0.16446957418503888,
        "bleu": 0.02615744558272012,
        "bleu_1": 0.09993799411654855,
        "bleu_2": 0.058771521318002166,
        "judge": 0.23684210526315788
      },
      "Y3": {
        "em": 0.0,
        "contains_gt": 0.0,
        "f1": 0.08390851681174262,
        "bleu": 0.008435394013510705,
        "bleu_1": 0.05102564102564103,
        "bleu_2": 0.0255280739739329,
        "judge": 0.2
      }
    },
    "by_cell": {
      "X3_Y1": {
        "em": 0.0,
        "contains_gt": 0.08333333333333333,
        "f1": 0.07117915836659824,
        "bleu": 0.006841226116968431,
        "bleu_1": 0.04418330809197682,
        "bleu_2": 0.014731215861224898,
        "judge": 0.08333333333333333
      },
      "X4_Y2": {
        "em": 0.0,
        "contains_gt": 0.0,
        "f1": 0.22358227757425894,
        "bleu": 0.04096947340517207,
        "bleu_1": 0.13602033891047804,
        "bleu_2": 0.08323151641245377,
        "judge": 0.34615384615384615
      },
      "X2_Y2": {
        "em": 0.0,
        "contains_gt": 0.0,
        "f1": 0.19217709004943048,
        "bleu": 0.03383521227236634,
        "bleu_1": 0.12530712530712532,
        "bleu_2": 0.07778121798512505,
        "judge": 0.1
      },
      "X3_Y2": {
        "em": 0.0,
        "contains_gt": 0.08333333333333333,
        "f1": 0.10561859496016697,
        "bleu": 0.008875948326820676,
        "bleu_1": 0.06322904852796157,
        "bleu_2": 0.025415362529448975,
        "judge": 0.08333333333333333
      },
      "X4_Y1": {
        "em": 0.0,
        "contains_gt": 0.08333333333333333,
        "f1": 0.0533443809372602,
        "bleu": 0.01553309346928,
        "bleu_1": 0.0334500043211477,
        "bleu_2": 0.02316831612866549,
        "judge": 0.125
      },
      "X1_Y1": {
        "em": 0.0,
        "contains_gt": 0.0,
        "f1": 0.08053684666587893,
        "bleu": 0.01054384952716975,
        "bleu_1": 0.053778801843317965,
        "bleu_2": 0.017540046132127965,
        "judge": 0.125
      },
      "X1_Y2": {
        "em": 0.0,
        "contains_gt": 0.25,
        "f1": 0.1393707025996194,
        "bleu": 0.02321154207405599,
        "bleu_1": 0.08051189521518311,
        "bleu_2": 0.057177207055396306,
        "judge": 0.375
      },
      "X2_Y1": {
        "em": 0.0,
        "contains_gt": 0.0,
        "f1": 0.1988615984405458,
        "bleu": 0.019122760404805046,
        "bleu_1": 0.12693937977247935,
        "bleu_2": 0.05939251349103441,
        "judge": 0.2
      },
      "X1_Y3": {
        "em": 0.0,
        "contains_gt": 0.0,
        "f1": 0.08636712749615975,
        "bleu": 0.010544242516888382,
        "bleu_1": 0.06378205128205129,
        "bleu_2": 0.03191009246741613,
        "judge": 0.25
      },
      "X4_Y3": {
        "em": 0.0,
        "contains_gt": 0.0,
        "f1": 0.07407407407407408,
        "bleu": 0.0,
        "bleu_1": 0.0,
        "bleu_2": 0.0,
        "judge": 0.0
      }
    }
  },
  "judge": {
    "enabled": true,
    "model": "gpt-5.2",
    "scored_open_rows": 76
  }
}