{
  "task_name": "card_playlog_test_open",
  "model_name": "gpt_5_4_mini",
  "model_path": "gpt-5.4-mini",
  "method_name": "gen_agents__text_only",
  "base_method_name": "gen_agents",
  "method_modality": "text_only",
  "mode": "open",
  "num_qas": 48,
  "num_qas_run": 48,
  "dialog_json": "/Users/qingyuejiao/Desktop/MemoryBench/Benchmark_Pipeline/data/dialog/Card_Playlog_Test_Open.json",
  "image_root": "/Users/qingyuejiao/Desktop/MemoryBench/Benchmark_Pipeline/data/image",
  "run_dir": "/Users/qingyuejiao/Desktop/MemoryBench/Benchmark_Pipeline/runs/card_playlog_test_open/20260426_125742_gpt_5_4_mini_gen_agents__text_only",
  "git_commit": "f50478ca8d87824ef1e9bc48c2b9e0d49e54305a",
  "summary": {
    "open_count": 48,
    "overall": {
      "em": 0.2916666666666667,
      "contains_gt": 0.2916666666666667,
      "f1": 0.2916666666666667,
      "bleu": 0.05186648279280192,
      "bleu_1": 0.2916666666666667,
      "bleu_2": 0.09223309842157774,
      "judge": 0.2916666666666667
    },
    "by_x": {
      "X4": {
        "em": 0.2916666666666667,
        "contains_gt": 0.2916666666666667,
        "f1": 0.2916666666666667,
        "bleu": 0.05186648279280192,
        "bleu_1": 0.2916666666666667,
        "bleu_2": 0.09223309842157774,
        "judge": 0.2916666666666667
      }
    },
    "by_y": {
      "Y3": {
        "em": 0.2631578947368421,
        "contains_gt": 0.2631578947368421,
        "f1": 0.2631578947368421,
        "bleu": 0.046796826579971654,
        "bleu_1": 0.2631578947368421,
        "bleu_2": 0.08321783316232578,
        "judge": 0.2631578947368421
      },
      "Y2": {
        "em": 0.3103448275862069,
        "contains_gt": 0.3103448275862069,
        "f1": 0.3103448275862069,
        "bleu": 0.05518798169086313,
        "bleu_1": 0.3103448275862069,
        "bleu_2": 0.09813965152246697,
        "judge": 0.3103448275862069
      }
    },
    "by_cell": {
      "X4_Y3": {
        "em": 0.2631578947368421,
        "contains_gt": 0.2631578947368421,
        "f1": 0.2631578947368421,
        "bleu": 0.046796826579971654,
        "bleu_1": 0.2631578947368421,
        "bleu_2": 0.08321783316232578,
        "judge": 0.2631578947368421
      },
      "X4_Y2": {
        "em": 0.3103448275862069,
        "contains_gt": 0.3103448275862069,
        "f1": 0.3103448275862069,
        "bleu": 0.05518798169086313,
        "bleu_1": 0.3103448275862069,
        "bleu_2": 0.09813965152246697,
        "judge": 0.3103448275862069
      }
    }
  },
  "method_runtime": {
    "caption_validation_passed": true,
    "caption_validation_round_count": 30,
    "method_modality": "text_only",
    "history_source": "retrieval",
    "captions_loaded": true,
    "images_loaded": false,
    "num_memories": 30,
    "debug_dir": "/Users/qingyuejiao/Desktop/MemoryBench/Benchmark_Pipeline/output/card_playlog_test_open/gen_agents",
    "history_turns_after_truncation": 1,
    "retrieved_round_ids": [
      "PLAY_S2:R1",
      "PLAY_S3:R3",
      "PLAY_S4:R6",
      "PLAY_S4:R3",
      "PLAY_S4:R7",
      "PLAY_S1:R6",
      "PLAY_S4:R2",
      "PLAY_S1:R8",
      "PLAY_S4:R1",
      "PLAY_S2:R5"
    ]
  },
  "judge_model": "gpt-5.2",
  "judge_rescored_from_predictions": true
}
