{
  "task_name": "home_renovation_interior_design",
  "model_name": "gemini_2_5_flash_lite",
  "model_path": "gemini-2.5-flash-lite",
  "method_name": "full_context_text_only",
  "base_method_name": "full_context_text_only",
  "method_modality": "",
  "mode": "mcq",
  "num_qas": 52,
  "num_qas_run": 52,
  "dialog_json": "/common/home/mg1998/MemoryBench/Benchmark_Pipeline/data/dialog/Home_Renovation_Interior_Design.json",
  "image_root": "/common/home/mg1998/MemoryBench/Benchmark_Pipeline/data/image",
  "run_dir": "/common/home/mg1998/MemoryBench/Benchmark_Pipeline/runs/home_renovation_interior_design/20260426_101850_gemini_2_5_flash_lite_full_context_text_only",
  "git_commit": "fa8105834c4c30aae8bc623d6a932e811089aa0a",
  "summary": {
    "open_count": 52,
    "overall": {
      "em": 0.3894230769230769,
      "contains_gt": 0.38461538461538464,
      "f1": 0.3894230769230769
    },
    "by_x": {
      "X4": {
        "em": 0.34375,
        "contains_gt": 0.375,
        "f1": 0.34375
      },
      "X3": {
        "em": 0.3888888888888889,
        "contains_gt": 0.3888888888888889,
        "f1": 0.3888888888888889
      },
      "X2": {
        "em": 0.35714285714285715,
        "contains_gt": 0.2857142857142857,
        "f1": 0.35714285714285715
      },
      "X1": {
        "em": 1.0,
        "contains_gt": 1.0,
        "f1": 1.0
      }
    },
    "by_y": {
      "Y2": {
        "em": 0.3541666666666667,
        "contains_gt": 0.3333333333333333,
        "f1": 0.3541666666666667
      },
      "Y1": {
        "em": 0.3974358974358974,
        "contains_gt": 0.38461538461538464,
        "f1": 0.3974358974358974
      },
      "Y3": {
        "em": 0.5,
        "contains_gt": 1.0,
        "f1": 0.5
      }
    },
    "by_cell": {
      "X4_Y2": {
        "em": 0.5,
        "contains_gt": 0.5,
        "f1": 0.5
      },
      "X3_Y2": {
        "em": 0.4,
        "contains_gt": 0.4,
        "f1": 0.4
      },
      "X3_Y1": {
        "em": 0.3870967741935484,
        "contains_gt": 0.3870967741935484,
        "f1": 0.3870967741935484
      },
      "X2_Y1": {
        "em": 0.625,
        "contains_gt": 0.5,
        "f1": 0.625
      },
      "X2_Y2": {
        "em": 0.25,
        "contains_gt": 0.2,
        "f1": 0.25
      },
      "X4_Y1": {
        "em": 0.25,
        "contains_gt": 0.2,
        "f1": 0.25
      },
      "X4_Y3": {
        "em": 0.5,
        "contains_gt": 1.0,
        "f1": 0.5
      },
      "X1_Y1": {
        "em": 1.0,
        "contains_gt": 1.0,
        "f1": 1.0
      }
    },
    "mcq_count": 52,
    "mcq_valid_rate": 1.0,
    "mcq_overall": {
      "em": 0.3894230769230769,
      "contains_gt": 0.38461538461538464,
      "f1": 0.3894230769230769
    },
    "mcq_per_position_accuracy": {
      "A": 0.4807692307692308,
      "B": 0.34615384615384615,
      "C": 0.34615384615384615,
      "D": 0.38461538461538464
    }
  },
  "method_runtime": {
    "caption_validation_passed": true,
    "caption_validation_round_count": 89,
    "method_modality": "text_only",
    "history_source": "full_context",
    "captions_loaded": true,
    "images_loaded": false,
    "history_turns_after_truncation": 240,
    "history_turns_before_truncation": 240
  }
}