{
  "task_name": "concat_health_home",
  "model_name": "gpt_5_4_mini",
  "model_path": "gpt-5.4-mini",
  "method_name": "full_context_text_only",
  "base_method_name": "full_context_text_only",
  "method_modality": "",
  "mode": "mcq",
  "num_qas": 103,
  "num_qas_run": 103,
  "dialog_json": "/Users/qingyuejiao/Desktop/MemoryBench/Benchmark_Pipeline/data/dialog/concat_health_home.json",
  "image_root": "/Users/qingyuejiao/Desktop/MemoryBench/Benchmark_Pipeline/data/image",
  "run_dir": "/Users/qingyuejiao/Desktop/MemoryBench/Benchmark_Pipeline/runs/concat_health_home/20260427_180520_gpt_5_4_mini_full_context_text_only",
  "git_commit": "d8ac0cb71367c6f0314274b4a514968eab3f678b",
  "summary": {
    "open_count": 103,
    "overall": {
      "em": 0.3325242718446602,
      "contains_gt": 0.3592233009708738,
      "f1": 0.3325242718446602
    },
    "by_x": {
      "X4": {
        "em": 0.20673076923076922,
        "contains_gt": 0.19230769230769232,
        "f1": 0.20673076923076922
      },
      "X2": {
        "em": 0.375,
        "contains_gt": 0.7,
        "f1": 0.375
      },
      "X1": {
        "em": 0.75,
        "contains_gt": 0.75,
        "f1": 0.75
      },
      "X3": {
        "em": 0.4527027027027027,
        "contains_gt": 0.4594594594594595,
        "f1": 0.4527027027027027
      }
    },
    "by_y": {
      "Y2": {
        "em": 0.17857142857142858,
        "contains_gt": 0.21428571428571427,
        "f1": 0.17857142857142858
      },
      "Y3": {
        "em": 0.6071428571428571,
        "contains_gt": 0.5714285714285714,
        "f1": 0.6071428571428571
      },
      "Y1": {
        "em": 0.5,
        "contains_gt": 0.525,
        "f1": 0.5
      }
    },
    "by_cell": {
      "X4_Y2": {
        "em": 0.15476190476190477,
        "contains_gt": 0.14285714285714285,
        "f1": 0.15476190476190477
      },
      "X4_Y3": {
        "em": 0.65,
        "contains_gt": 0.6,
        "f1": 0.65
      },
      "X2_Y2": {
        "em": 0.25,
        "contains_gt": 0.5,
        "f1": 0.25
      },
      "X1_Y3": {
        "em": 0.5,
        "contains_gt": 0.5,
        "f1": 0.5
      },
      "X1_Y1": {
        "em": 1.0,
        "contains_gt": 1.0,
        "f1": 1.0
      },
      "X3_Y2": {
        "em": 0.25,
        "contains_gt": 0.4,
        "f1": 0.25
      },
      "X2_Y1": {
        "em": 0.4583333333333333,
        "contains_gt": 0.8333333333333334,
        "f1": 0.4583333333333333
      },
      "X3_Y1": {
        "em": 0.5277777777777778,
        "contains_gt": 0.48148148148148145,
        "f1": 0.5277777777777778
      },
      "X4_Y1": {
        "em": 0.2,
        "contains_gt": 0.2,
        "f1": 0.2
      }
    },
    "mcq_count": 103,
    "mcq_valid_rate": 1.0,
    "mcq_overall": {
      "em": 0.3325242718446602,
      "contains_gt": 0.3592233009708738,
      "f1": 0.3325242718446602
    },
    "mcq_per_position_accuracy": {
      "A": 0.3300970873786408,
      "B": 0.32038834951456313,
      "C": 0.32038834951456313,
      "D": 0.3592233009708738
    }
  },
  "method_runtime": {
    "caption_validation_passed": true,
    "caption_validation_round_count": 151,
    "method_modality": "text_only",
    "history_source": "full_context",
    "captions_loaded": true,
    "images_loaded": false,
    "history_turns_after_truncation": 434,
    "history_turns_before_truncation": 434
  }
}
