{
  "task_name": "cartoon_entertainment_companion_open",
  "model_name": "gemini_2_5_flash_lite",
  "model_path": "gemini-2.5-flash-lite",
  "method_name": "full_context_text_only",
  "base_method_name": "full_context_text_only",
  "method_modality": "",
  "mode": "open",
  "num_qas": 76,
  "num_qas_run": 76,
  "dialog_json": "/common/home/mg1998/MemoryBench/Benchmark_Pipeline/data/dialog/Cartoon_Entertainment_Companion_Open.json",
  "image_root": "/common/home/mg1998/.cache/memeye_hf/MemEye/data/image",
  "run_dir": "/common/home/mg1998/MemoryBench/Benchmark_Pipeline/runs/cartoon_entertainment_companion_open/20260426_101501_gemini_2_5_flash_lite_full_context_text_only",
  "git_commit": "fa8105834c4c30aae8bc623d6a932e811089aa0a",
  "summary": {
    "open_count": 76,
    "overall": {
      "em": 0.07894736842105263,
      "contains_gt": 0.14473684210526316,
      "f1": 0.29915349290242865,
      "bleu": 0.09362952607066743,
      "bleu_1": 0.228021798952507,
      "bleu_2": 0.15804189769068477
    },
    "by_x": {
      "X3": {
        "em": 0.08333333333333333,
        "contains_gt": 0.08333333333333333,
        "f1": 0.22399807327946006,
        "bleu": 0.0451778560040656,
        "bleu_1": 0.17569140247127235,
        "bleu_2": 0.1255574297268906
      },
      "X4": {
        "em": 0.07692307692307693,
        "contains_gt": 0.23076923076923078,
        "f1": 0.29298248808251187,
        "bleu": 0.10529206097028357,
        "bleu_1": 0.22162235031116365,
        "bleu_2": 0.15330602044873443
      },
      "X2": {
        "em": 0.0,
        "contains_gt": 0.0,
        "f1": 0.3447217516782734,
        "bleu": 0.13475599296089452,
        "bleu_1": 0.24030656994645283,
        "bleu_2": 0.1818367211432783
      },
      "X1": {
        "em": 0.125,
        "contains_gt": 0.1875,
        "f1": 0.3934343434343434,
        "bleu": 0.12165137015230201,
        "bleu_1": 0.3092385158453257,
        "bleu_2": 0.19959263549667441
      }
    },
    "by_y": {
      "Y1": {
        "em": 0.06060606060606061,
        "contains_gt": 0.15151515151515152,
        "f1": 0.2536086124902679,
        "bleu": 0.08589677568380086,
        "bleu_1": 0.18875260401264363,
        "bleu_2": 0.11303752530439454
      },
      "Y2": {
        "em": 0.10526315789473684,
        "contains_gt": 0.15789473684210525,
        "f1": 0.35315210267379976,
        "bleu": 0.11010797909240368,
        "bleu_1": 0.2767504535535826,
        "bleu_2": 0.20928314697563125
      },
      "Y3": {
        "em": 0.0,
        "contains_gt": 0.0,
        "f1": 0.18936026936026937,
        "bleu": 0.019429435658791388,
        "bleu_1": 0.11686071058743078,
        "bleu_2": 0.06563726087460717
      }
    },
    "by_cell": {
      "X3_Y1": {
        "em": 0.0,
        "contains_gt": 0.0,
        "f1": 0.13785764888706065,
        "bleu": 0.017844306321861264,
        "bleu_1": 0.08661849517823493,
        "bleu_2": 0.03279728276921143
      },
      "X4_Y2": {
        "em": 0.0,
        "contains_gt": 0.07692307692307693,
        "f1": 0.31993514542931073,
        "bleu": 0.08680766908503439,
        "bleu_1": 0.21341420503096212,
        "bleu_2": 0.15310521828778062
      },
      "X2_Y2": {
        "em": 0.0,
        "contains_gt": 0.0,
        "f1": 0.23445887445887445,
        "bleu": 0.0999647042725309,
        "bleu_1": 0.19751598001619194,
        "bleu_2": 0.15605577969505138
      },
      "X3_Y2": {
        "em": 0.16666666666666666,
        "contains_gt": 0.16666666666666666,
        "f1": 0.31013849767185947,
        "bleu": 0.07251140568626993,
        "bleu_1": 0.26476430976430976,
        "bleu_2": 0.2183175766845698
      },
      "X4_Y1": {
        "em": 0.16666666666666666,
        "contains_gt": 0.4166666666666667,
        "f1": 0.28202614379084967,
        "bleu": 0.1340911572601605,
        "bleu_1": 0.24898303689064558,
        "bleu_2": 0.16629905782716223
      },
      "X1_Y1": {
        "em": 0.0,
        "contains_gt": 0.0,
        "f1": 0.2638888888888889,
        "bleu": 0.04090790658371912,
        "bleu_1": 0.19653293705177619,
        "bleu_2": 0.07574848373275242
      },
      "X1_Y2": {
        "em": 0.25,
        "contains_gt": 0.375,
        "f1": 0.5458333333333333,
        "bleu": 0.21070538972599986,
        "bleu_1": 0.44717261904761907,
        "bleu_2": 0.32028774108034314
      },
      "X2_Y1": {
        "em": 0.0,
        "contains_gt": 0.0,
        "f1": 0.4549846288976724,
        "bleu": 0.16954728164925814,
        "bleu_1": 0.2830971598767137,
        "bleu_2": 0.20761766259150524
      },
      "X1_Y3": {
        "em": 0.0,
        "contains_gt": 0.0,
        "f1": 0.21818181818181817,
        "bleu": 0.024286794573489236,
        "bleu_1": 0.14607588823428846,
        "bleu_2": 0.08204657609325897
      },
      "X4_Y3": {
        "em": 0.0,
        "contains_gt": 0.0,
        "f1": 0.07407407407407408,
        "bleu": 0.0,
        "bleu_1": 0.0,
        "bleu_2": 0.0
      }
    }
  },
  "method_runtime": {
    "caption_validation_passed": true,
    "caption_validation_round_count": 87,
    "method_modality": "text_only",
    "history_source": "full_context",
    "captions_loaded": true,
    "images_loaded": false,
    "history_turns_after_truncation": 598,
    "history_turns_before_truncation": 598
  }
}