{
  "task_name": "personal_health_dashboard_assistant_open",
  "model_name": "gpt_5_4_mini",
  "model_path": "gpt-5.4-mini",
  "method_name": "m2a",
  "base_method_name": "m2a",
  "method_modality": "",
  "mode": "open",
  "num_qas": 51,
  "num_qas_run": 51,
  "dialog_json": "/common/home/mg1998/.cache/memeye_hf/MemEye/data/dialog/Personal_Health_Dashboard_Assistant_Open.json",
  "image_root": "/common/home/mg1998/.cache/memeye_hf/MemEye/data/image",
  "run_dir": "/common/home/mg1998/MemoryBench/Benchmark_Pipeline/runs/personal_health_dashboard_assistant_open/20260425_183315_gpt_5_4_mini_m2a",
  "git_commit": "7eb4b31f1f56487e02ecff48e751fe66ab6c6c5f",
  "summary": {
    "open_count": 51,
    "overall": {
      "em": 0.0,
      "contains_gt": 0.2549019607843137,
      "f1": 0.16862139467403492,
      "bleu": 0.06458451991531002,
      "bleu_1": 0.1265465258817348,
      "bleu_2": 0.10145397708726178,
      "judge": 0.19607843137254902
    },
    "by_x": {
      "X4": {
        "em": 0.0,
        "contains_gt": 0.20454545454545456,
        "f1": 0.14088542108279953,
        "bleu": 0.05501215022793006,
        "bleu_1": 0.10532554426790963,
        "bleu_2": 0.08218789918398192,
        "judge": 0.1590909090909091
      },
      "X3": {
        "em": 0.0,
        "contains_gt": 0.75,
        "f1": 0.4142857142857143,
        "bleu": 0.10792969360975059,
        "bleu_1": 0.31798245614035087,
        "bleu_2": 0.265517617735919,
        "judge": 0.5
      },
      "X1": {
        "em": 0.0,
        "contains_gt": 0.3333333333333333,
        "f1": 0.24786324786324784,
        "bleu": 0.14718571040429532,
        "bleu_1": 0.18253968253968253,
        "bleu_2": 0.16527159880382353,
        "judge": 0.3333333333333333
      }
    },
    "by_y": {
      "Y2": {
        "em": 0.0,
        "contains_gt": 0.2727272727272727,
        "f1": 0.17230923716570654,
        "bleu": 0.06416801020900227,
        "bleu_1": 0.1304467543770574,
        "bleu_2": 0.10519712202869944,
        "judge": 0.20454545454545456
      },
      "Y3": {
        "em": 0.0,
        "contains_gt": 0.16666666666666666,
        "f1": 0.15686026936026934,
        "bleu": 0.0768806071363578,
        "bleu_1": 0.11109942995981684,
        "bleu_2": 0.08834152119856116,
        "judge": 0.16666666666666666
      },
      "Y1": {
        "em": 0.0,
        "contains_gt": 0.0,
        "f1": 0.07692307692307693,
        "bleu": 0.00913442366656447,
        "bleu_1": 0.047619047619047616,
        "bleu_2": 0.01543033499620919,
        "judge": 0.0
      }
    },
    "by_cell": {
      "X4_Y2": {
        "em": 0.0,
        "contains_gt": 0.225,
        "f1": 0.14811158945370576,
        "bleu": 0.059791841868927435,
        "bleu_1": 0.11169318420072807,
        "bleu_2": 0.08916507245797747,
        "judge": 0.175
      },
      "X4_Y3": {
        "em": 0.0,
        "contains_gt": 0.0,
        "f1": 0.06862373737373736,
        "bleu": 0.007215233817956327,
        "bleu_1": 0.041649144939725255,
        "bleu_2": 0.012416166444026391,
        "judge": 0.0
      },
      "X3_Y2": {
        "em": 0.0,
        "contains_gt": 0.75,
        "f1": 0.4142857142857143,
        "bleu": 0.10792969360975059,
        "bleu_1": 0.31798245614035087,
        "bleu_2": 0.265517617735919,
        "judge": 0.5
      },
      "X1_Y3": {
        "em": 0.0,
        "contains_gt": 0.5,
        "f1": 0.3333333333333333,
        "bleu": 0.21621135377316075,
        "bleu_1": 0.25,
        "bleu_2": 0.2401922307076307,
        "judge": 0.5
      },
      "X1_Y1": {
        "em": 0.0,
        "contains_gt": 0.0,
        "f1": 0.07692307692307693,
        "bleu": 0.00913442366656447,
        "bleu_1": 0.047619047619047616,
        "bleu_2": 0.01543033499620919,
        "judge": 0.0
      }
    }
  },
  "judge": {
    "enabled": true,
    "model": "gpt-5.2",
    "scored_open_rows": 51
  }
}