{
  "task_name": "card_playlog_test",
  "model_name": "gemini_2_5_flash_lite",
  "model_path": "gemini-2.5-flash-lite",
  "method_name": "clue_only_context__multimodal",
  "base_method_name": "clue_only_context",
  "method_modality": "multimodal",
  "mode": "mcq",
  "num_qas": 48,
  "num_qas_run": 48,
  "dialog_json": "/common/home/mg1998/MemoryBench/Benchmark_Pipeline/data/dialog/Card_Playlog_Test.json",
  "image_root": "/common/home/mg1998/MemoryBench/Benchmark_Pipeline/data/image",
  "run_dir": "/common/home/mg1998/MemoryBench/Benchmark_Pipeline/runs/card_playlog_test/20260424_214335_gemini_2_5_flash_lite_clue_only_context__multimodal",
  "git_commit": "658ab1743219fa7a98e5672df9c7253b6b5b5e6d",
  "summary": {
    "open_count": 48,
    "overall": {
      "em": 0.4479166666666667,
      "contains_gt": 0.6666666666666666,
      "f1": 0.4479166666666667
    },
    "by_x": {
      "X4": {
        "em": 0.4479166666666667,
        "contains_gt": 0.6666666666666666,
        "f1": 0.4479166666666667
      }
    },
    "by_y": {
      "Y3": {
        "em": 0.4605263157894737,
        "contains_gt": 0.6842105263157895,
        "f1": 0.4605263157894737
      },
      "Y2": {
        "em": 0.4396551724137931,
        "contains_gt": 0.6551724137931034,
        "f1": 0.4396551724137931
      }
    },
    "by_cell": {
      "X4_Y3": {
        "em": 0.4605263157894737,
        "contains_gt": 0.6842105263157895,
        "f1": 0.4605263157894737
      },
      "X4_Y2": {
        "em": 0.4396551724137931,
        "contains_gt": 0.6551724137931034,
        "f1": 0.4396551724137931
      }
    },
    "mcq_count": 48,
    "mcq_valid_rate": 1.0,
    "mcq_overall": {
      "em": 0.4479166666666667,
      "contains_gt": 0.6666666666666666,
      "f1": 0.4479166666666667
    },
    "mcq_per_position_accuracy": {
      "A": 0.375,
      "B": 0.3333333333333333,
      "C": 0.4166666666666667,
      "D": 0.6666666666666666
    }
  },
  "method_runtime": {
    "method_modality": "multimodal",
    "history_source": "clue_only",
    "captions_loaded": false,
    "images_loaded": true,
    "history_turns_after_truncation": 2
  }
}